,Bus_cost,Bus_travel_time,Bus_Comfort,Bus_CO2,metro_cost,metro_travel_time,metro_Comfort,metro_CO2,RH_cost,RH_travel_time,RH_Comfort,RH_CO2
1666,3,30,1,2,12,20,1,10,15,15,3,2
3266,3,20,3,2,5,15,1,10,15,15,5,10
2026,3,20,3,5,12,15,3,2,7,10,5,10
537,15,30,1,5,8,10,5,5,20,15,3,10
694,3,30,3,2,5,20,1,5,15,15,5,2
200,3,30,5,10,5,20,5,2,7,25,3,10
879,3,30,1,5,5,20,5,2,20,15,1,10
1320,15,30,1,10,12,15,5,5,7,10,5,5
3682,3,20,1,5,12,15,3,10,7,15,1,2
429,3,20,3,2,8,20,3,5,15,10,3,5
3940,3,30,3,10,8,15,3,2,20,10,1,10
2894,15,30,1,2,5,20,5,10,20,15,1,5
998,3,10,1,2,12,10,5,5,7,25,5,10
218,8,30,1,5,12,15,5,10,15,15,1,2
3530,8,10,5,10,12,20,3,5,7,15,1,10
2428,3,10,3,10,5,10,5,10,15,10,5,10
3833,8,20,5,10,5,10,1,10,7,25,5,5
2036,15,30,3,2,8,10,3,5,7,25,1,2
3738,3,10,3,10,12,15,3,2,20,10,5,2
1439,15,10,5,5,12,20,3,5,15,25,3,10
2528,8,10,3,10,8,20,3,5,15,15,1,10
2809,15,10,1,2,8,10,1,5,15,15,5,2
416,15,10,3,5,12,10,3,5,20,15,3,10
403,15,10,1,2,5,15,3,5,7,15,1,10
1024,15,10,5,5,5,10,1,2,15,10,3,2
949,15,10,1,2,8,15,1,5,15,10,5,10
2120,3,10,1,2,5,10,3,10,20,15,5,5
2380,15,20,5,2,8,10,5,10,20,25,1,10
4621,15,10,1,10,8,20,1,5,15,25,1,2
1587,15,10,5,2,5,20,1,2,20,25,3,5
1203,8,10,3,10,8,10,3,2,7,15,1,5
2384,3,30,5,2,12,15,1,5,15,15,1,10
510,3,30,1,10,8,15,3,2,15,15,1,5
3065,3,20,5,2,5,10,1,10,20,25,5,5
3195,3,20,5,5,8,10,1,5,15,25,5,5
2163,3,20,3,2,8,10,3,2,7,15,1,2
714,15,30,5,2,5,15,3,2,15,15,5,5
1629,3,30,1,2,12,20,5,10,20,10,3,5
3516,3,30,3,5,5,10,1,10,7,10,1,2
4164,3,10,1,2,8,20,1,2,7,25,1,10
3004,8,10,3,2,12,10,1,5,20,10,1,2
3627,15,10,5,10,8,10,3,2,7,15,1,5
918,8,30,5,5,8,15,1,2,15,10,3,2
1810,3,20,1,2,8,10,3,10,15,25,5,10
663,8,30,5,5,8,15,3,10,15,10,5,2
1388,3,30,1,5,8,20,3,10,7,15,5,2
3057,8,30,1,10,12,20,1,5,15,10,5,5
1517,15,10,3,2,12,15,5,2,7,15,1,2
3069,8,10,1,10,5,20,5,10,20,10,3,2
1007,8,10,3,2,8,15,5,10,20,15,3,10
2109,3,10,5,10,12,10,3,2,7,15,5,5
3736,8,20,3,10,8,20,5,10,7,15,1,5
4191,8,20,3,5,5,10,1,10,7,15,5,10
4238,15,10,5,5,5,15,5,2,15,15,1,10
4598,8,20,5,2,5,10,1,10,20,10,1,10
557,15,20,3,5,5,10,5,10,15,15,5,2
1277,8,10,3,5,8,20,1,10,15,10,1,10
1684,8,30,1,10,8,10,5,2,20,25,3,5
2041,3,20,3,2,5,10,1,10,20,25,3,10
2840,15,10,3,10,8,20,5,5,20,10,3,10
61,15,10,5,10,12,15,3,5,15,10,1,2
1167,8,20,1,2,8,20,3,2,7,25,1,5
2244,15,10,1,5,5,20,3,5,7,15,3,10
383,8,10,1,5,5,20,3,2,15,10,1,5
3120,3,30,1,5,8,15,3,10,15,25,1,5
2096,3,10,1,5,8,20,3,2,15,25,3,10
1762,3,10,1,10,8,15,5,5,15,10,3,5
3434,3,20,3,10,8,10,3,2,15,25,3,10
1419,3,20,5,5,8,10,1,5,20,10,1,2
229,15,20,5,2,8,20,5,10,15,25,3,2
845,8,30,1,2,5,15,1,10,20,15,3,2
4653,8,30,5,10,8,20,5,10,20,10,5,5
3723,8,30,3,5,8,20,3,10,7,15,1,10
2802,3,10,5,5,8,15,5,2,7,10,5,5
3827,3,30,3,5,8,15,3,5,7,25,5,5
2478,3,10,3,2,8,15,1,10,7,25,5,10
2052,3,30,5,2,8,15,3,2,20,25,5,5
1586,3,30,5,10,12,15,5,2,15,25,5,5
1726,8,20,3,10,12,20,3,2,7,10,3,10
295,15,10,5,2,8,10,5,2,7,10,1,2
3394,15,20,3,5,8,20,5,2,7,15,1,10
1184,15,20,1,10,12,10,1,5,20,25,1,2
74,15,30,1,5,8,15,5,10,15,10,3,5
4347,3,30,5,10,12,20,3,10,15,10,5,5
2253,8,10,1,2,12,15,5,2,20,10,1,10
2582,8,30,3,10,12,20,3,5,20,10,3,5
2909,15,10,3,10,12,20,5,2,20,15,1,2
3106,15,30,5,5,12,15,1,2,15,25,5,5
2508,15,10,1,2,8,20,5,10,7,15,5,10
2934,15,30,1,2,5,10,3,5,20,15,3,5
2286,15,30,3,10,5,15,1,5,15,25,1,5
1430,3,20,3,10,5,15,3,2,7,15,5,10
283,8,10,3,10,5,20,1,10,7,10,1,10
1823,15,30,1,10,12,20,1,5,20,15,3,10
4569,8,10,1,2,12,10,3,5,15,25,5,10
4171,15,10,3,5,12,15,5,2,20,15,1,5
4008,3,30,3,10,5,10,1,10,20,25,3,5
1425,15,30,5,10,12,10,1,5,7,10,1,2
486,8,30,5,5,8,15,5,10,7,15,5,5
4800,8,10,5,5,5,10,3,10,20,15,1,10
2490,15,10,1,5,5,20,3,5,20,15,3,10
4531,8,30,1,10,8,15,3,2,20,10,5,10
4831,8,10,3,5,8,10,1,2,15,15,5,10
2669,15,20,3,5,5,15,5,10,7,25,1,10
4203,15,20,1,10,12,10,5,2,7,25,5,2
4710,3,30,5,10,8,10,3,10,7,25,5,10
366,15,30,5,10,8,15,3,2,20,25,5,5
776,15,30,1,5,5,15,3,2,15,15,1,2
678,8,30,3,5,8,15,3,10,7,15,1,2
2345,3,30,5,2,5,20,5,10,7,10,5,5
11,8,10,1,2,8,15,1,2,20,15,3,2
3157,15,20,1,10,5,10,3,2,7,25,3,10
811,3,10,1,5,5,15,5,10,15,25,3,5
4812,8,20,3,10,5,15,5,10,7,15,5,5
1088,3,30,3,5,8,20,1,5,7,10,5,2
797,3,30,5,10,5,15,5,5,7,25,5,10
3978,15,20,5,2,12,10,3,2,20,15,1,10
1984,8,20,3,10,5,15,1,5,7,25,3,5
2932,3,30,3,2,5,10,5,5,7,25,1,2
1734,8,20,1,2,8,10,3,10,7,15,1,5
1448,8,10,1,5,5,10,3,10,15,15,5,10
2882,3,20,5,2,12,15,1,2,7,25,5,10
2038,3,10,3,5,5,15,1,10,15,25,3,10
2837,15,20,5,10,5,10,1,2,15,15,5,2
3623,15,20,1,10,5,20,3,10,20,15,5,2
4677,8,30,5,2,12,10,1,2,20,15,5,5
4028,3,20,1,10,12,15,5,2,15,25,5,2
1827,8,20,5,5,5,15,5,2,20,10,3,5
1214,8,10,1,5,12,15,1,5,7,10,3,5
3360,3,20,3,5,5,20,3,5,7,25,3,5
2340,8,10,3,5,5,20,5,2,7,25,1,2
3589,8,20,5,10,8,15,3,10,15,15,1,2
4494,3,30,1,10,5,20,3,2,20,10,5,2
1672,15,20,3,10,5,10,5,5,15,15,5,10
2946,15,10,3,10,12,10,1,10,15,15,1,2
1619,8,30,1,2,8,10,3,5,7,25,3,2
234,15,30,3,10,5,10,1,10,20,25,3,5
233,8,20,1,10,5,15,5,2,20,15,3,10
3163,8,10,1,5,12,15,1,5,20,10,1,5
4508,3,10,3,2,8,20,1,2,15,15,5,5
3031,3,20,1,10,5,15,5,2,15,25,5,10
1533,8,20,3,10,8,10,5,10,15,10,5,2
206,3,20,5,10,8,20,1,5,15,15,1,2
493,15,30,3,2,8,20,5,5,7,10,5,5
293,15,30,5,2,12,10,1,2,20,10,5,10
2287,8,10,1,2,5,10,5,10,7,10,1,2
370,8,20,1,10,12,10,1,2,15,10,5,5
1519,15,10,1,10,5,15,3,5,7,15,5,2
421,15,30,1,2,5,15,3,5,7,15,5,5
1918,15,10,1,2,12,10,1,2,15,10,1,2
4753,8,30,1,2,8,20,1,10,15,15,3,2
1712,8,30,3,5,8,20,5,2,20,10,3,10
708,3,30,5,10,5,10,5,5,20,15,1,10
4188,15,10,1,5,8,15,1,10,7,15,5,5
3653,15,20,5,10,12,10,5,10,20,10,5,10
1868,3,30,5,10,5,20,3,2,15,10,5,5
1150,8,30,5,2,8,10,3,2,15,15,3,5
2072,3,30,3,10,12,20,1,10,15,25,5,5
4553,3,30,5,2,12,20,3,5,20,10,5,2
2240,8,10,3,10,12,15,3,5,20,10,5,5
3572,3,10,3,10,12,20,5,5,15,15,5,10
1896,15,30,5,10,5,10,3,5,15,25,1,10
1923,3,20,3,5,12,15,5,5,20,15,5,2
344,15,20,5,2,8,20,3,2,15,15,1,2
435,15,30,3,10,12,15,3,10,7,25,3,5
313,3,30,1,2,8,20,5,5,20,10,3,10
2476,3,10,3,5,8,15,5,5,7,10,1,10
3198,3,20,3,2,12,10,3,5,7,10,1,2
3391,8,30,5,5,12,10,1,10,15,10,3,2
1186,8,10,5,2,5,10,5,10,7,25,5,2
2002,15,30,1,10,12,20,5,2,20,10,3,10
338,8,10,5,2,5,15,5,2,15,15,3,10
2741,8,20,1,10,12,20,3,10,7,15,5,2
861,8,30,1,2,12,10,3,5,20,25,1,10
2032,15,10,5,5,8,20,3,5,7,15,1,10
2480,8,10,3,2,5,15,5,10,7,15,3,2
1175,3,30,1,2,5,15,5,2,7,25,3,10
2365,15,10,1,5,5,15,5,10,7,25,5,10
2733,15,20,1,10,12,15,5,5,15,10,1,10
2137,3,30,5,5,12,15,1,2,7,10,1,10
2686,8,20,1,10,5,20,3,2,20,15,5,10
1891,15,20,5,10,5,15,5,10,20,15,1,5
911,3,20,1,10,8,20,3,10,20,15,3,2
753,15,20,3,5,12,20,5,2,20,10,1,10
2807,15,30,1,2,5,15,1,5,15,15,1,5
1454,3,30,5,5,8,10,5,2,7,25,5,2
318,8,10,3,10,8,15,5,2,7,15,3,10
3405,8,10,3,2,5,20,3,10,7,25,1,10
2992,8,10,1,10,5,20,1,5,15,10,3,10
1308,3,30,5,10,5,15,5,5,15,10,5,10
2320,8,20,3,5,5,15,1,2,7,25,3,2
2571,15,30,3,5,8,15,3,2,7,10,3,10
1350,8,20,5,2,8,15,1,10,20,10,1,5
1156,3,30,5,10,12,20,3,5,7,25,1,2
2889,3,20,1,10,5,20,5,2,7,10,5,2
1226,3,10,3,10,8,20,1,2,20,10,1,2
961,15,30,3,2,12,15,5,10,15,25,3,10
2398,8,30,5,10,8,20,3,2,15,25,3,5
4079,8,10,1,10,12,20,1,10,20,25,3,10
2842,3,10,5,5,12,10,5,2,7,25,1,10
182,3,30,5,10,5,20,1,5,20,25,3,5
4993,8,20,3,5,8,20,3,10,7,10,5,5
4382,15,10,3,10,8,20,5,2,7,25,5,5
2327,8,30,3,2,8,20,5,10,20,15,5,5
430,3,30,5,2,8,15,5,5,7,10,3,5
4720,8,10,5,10,8,20,3,5,15,10,3,2
131,3,10,1,10,5,20,3,5,20,25,5,5
4452,3,10,3,10,5,15,3,2,7,25,1,2
184,15,10,3,5,5,15,5,5,20,15,3,5
4331,3,30,3,5,12,10,5,5,15,25,3,5
3261,3,30,5,2,8,10,5,2,7,15,5,5
431,3,10,5,2,12,20,5,5,15,15,1,5
3567,3,10,1,10,5,10,1,2,7,25,1,2
3761,3,10,1,10,12,15,5,2,20,25,1,10
601,15,10,1,5,5,15,3,2,15,15,1,2
4647,3,10,3,10,8,20,3,10,20,15,5,5
991,3,20,5,2,12,10,3,5,20,25,3,2
4799,15,10,1,2,5,20,5,10,20,10,3,5
1721,3,20,1,2,5,10,5,2,7,10,5,10
3563,8,10,1,2,12,20,1,10,15,15,3,2
2104,8,10,3,5,12,20,1,10,7,10,1,10
4678,15,10,1,2,12,20,5,2,7,10,1,10
866,3,20,5,10,5,20,3,5,20,15,5,5
774,3,30,1,2,12,20,1,2,20,25,3,10
3250,3,10,5,10,8,15,5,10,7,15,5,5
59,8,10,3,10,5,15,5,2,7,15,3,10
3573,15,10,1,5,8,10,1,2,7,15,3,2
3456,15,30,5,2,8,10,1,5,7,10,3,10
3087,15,30,1,5,12,10,1,2,7,15,5,2
4945,8,30,5,5,8,10,5,2,20,15,5,10
3018,8,20,5,5,5,15,3,5,15,10,5,5
251,3,20,5,2,12,15,5,5,7,25,1,10
4160,8,30,3,5,5,15,3,5,20,10,3,2
1323,15,10,1,10,5,10,3,5,20,25,5,2
4528,15,20,5,10,5,20,1,10,7,15,1,2
944,3,10,1,10,5,10,3,10,15,25,5,10
2844,8,20,5,5,5,10,5,2,15,25,1,2
3446,3,20,1,2,8,15,5,5,15,15,3,2
760,15,30,5,10,12,15,1,2,20,15,5,2
2362,8,10,5,2,12,10,5,2,7,15,5,5
2481,15,30,5,10,8,20,1,2,20,10,1,10
3356,3,20,1,10,12,20,3,2,15,15,3,2
341,15,20,5,10,8,15,5,10,7,10,1,10
3208,15,20,1,5,5,15,5,2,15,25,5,2
1096,15,10,1,10,5,20,5,10,15,25,3,10
3683,8,10,5,5,5,20,1,5,20,25,3,5
2188,8,30,1,10,5,10,5,5,20,25,5,2
1341,15,10,3,2,12,15,1,10,15,10,1,5
2548,8,20,1,10,12,20,1,2,15,15,5,10
2954,3,30,5,5,5,10,3,10,20,10,5,5
111,3,30,3,5,8,20,5,5,20,25,1,5
4511,15,10,5,5,12,20,5,2,20,10,5,10
3618,3,10,5,10,8,15,5,2,15,25,5,10
4988,3,30,5,5,8,20,1,10,7,25,3,2
4006,15,20,3,10,8,15,5,10,15,10,3,10
58,15,10,1,2,8,10,1,10,15,15,1,10
4764,15,10,3,5,8,10,5,2,7,15,1,2
3311,8,30,3,5,12,15,5,2,20,15,1,5
385,15,30,1,5,8,15,1,2,20,10,1,5
3775,15,20,1,2,5,10,5,10,7,15,3,10
1917,3,20,3,5,12,10,5,2,7,15,1,10
357,15,20,1,10,12,20,1,10,7,25,1,10
1969,15,30,3,5,12,10,3,5,15,15,1,10
3612,3,20,3,5,5,20,1,5,20,15,5,2
602,8,30,3,10,5,10,5,10,15,15,5,10
1581,15,30,5,5,5,10,5,10,7,25,3,10
3202,8,20,1,10,5,20,5,2,7,10,5,5
2620,3,10,5,5,8,15,3,5,20,10,5,10
3293,3,30,1,5,8,10,1,10,15,10,3,2
2056,8,20,3,2,5,20,3,2,7,10,3,5
3805,15,20,5,5,8,15,3,2,15,15,3,10
538,15,10,1,2,8,20,5,5,20,10,3,2
2567,3,20,3,2,8,10,1,2,15,10,1,5
3035,8,20,3,10,5,15,5,10,20,25,3,2
1317,15,20,3,2,8,20,1,5,20,10,5,10
3831,8,20,1,2,8,20,5,2,7,25,3,10
4913,3,10,1,2,5,15,1,5,20,15,5,5
2458,15,20,5,5,5,15,3,10,7,25,3,10
1361,8,30,5,5,5,10,3,10,7,25,3,5
4398,8,10,3,2,12,10,5,2,7,15,5,2
250,15,30,3,10,5,15,1,5,7,25,5,2
658,15,30,3,5,12,15,3,5,7,15,5,2
4883,3,10,3,2,8,10,1,5,15,25,5,2
2336,3,10,3,2,12,15,1,10,15,15,1,10
3052,3,30,1,5,8,20,3,5,20,10,1,2
1819,15,20,5,2,12,15,1,5,15,10,3,2
3168,8,10,5,5,12,10,3,5,15,10,5,10
883,8,30,5,10,8,20,3,5,15,15,3,10
847,3,20,1,10,12,15,1,2,7,25,5,10
3155,3,30,5,5,8,10,3,2,20,25,3,2
761,3,30,1,10,12,20,5,5,20,25,3,10
830,8,30,1,10,5,20,5,5,7,15,5,5
2625,3,30,1,2,8,20,3,5,20,25,3,2
4611,15,30,3,10,5,15,1,5,20,25,1,10
4690,3,30,1,2,12,10,3,10,7,25,5,2
2614,3,10,1,2,5,20,3,10,15,25,5,2
3600,15,30,3,10,5,20,3,10,15,15,3,10
348,15,10,5,5,12,20,1,10,15,15,1,2
2146,8,20,3,10,5,20,1,5,20,25,5,2
4526,8,10,1,2,5,10,5,2,7,25,3,2
306,8,20,1,2,5,20,5,10,15,25,3,2
4609,8,20,5,10,5,20,1,10,15,25,1,10
2093,3,20,3,2,8,10,3,10,20,10,3,2
4357,8,10,3,10,5,10,3,5,15,15,1,5
2298,15,30,1,5,12,10,5,5,20,10,5,5
611,15,10,3,10,8,20,5,2,15,25,5,5
908,15,10,1,5,8,20,5,5,20,25,1,5
3200,8,10,5,5,12,10,3,5,20,15,3,2
3797,8,10,1,10,8,15,1,5,7,25,3,2
4119,8,10,1,5,8,15,3,2,7,15,3,10
4465,3,30,3,5,5,15,3,2,7,15,5,10
1283,15,10,3,10,12,10,1,10,7,15,5,10
482,15,10,3,2,5,20,3,2,20,15,3,5
3192,15,20,1,5,12,15,1,5,7,25,3,2
912,15,20,1,2,8,20,1,5,15,25,5,5
4290,8,30,1,10,8,10,3,10,15,10,5,2
4374,3,10,5,10,8,15,5,10,20,10,3,5
2024,8,20,3,5,12,10,1,2,20,25,3,10
85,3,10,3,2,5,15,5,5,20,15,5,5
655,3,10,5,10,5,20,5,5,7,10,1,5
834,8,10,5,2,12,10,1,2,15,25,3,10
3780,3,20,5,10,5,10,5,2,7,25,3,5
3813,15,20,3,2,8,20,3,5,7,10,5,5
1139,3,20,1,10,12,20,1,2,20,15,5,5
994,15,30,1,5,12,20,5,10,20,10,3,10
1948,8,30,3,10,5,20,1,10,20,15,3,2
793,15,30,5,5,8,20,1,5,20,25,5,2
3409,3,30,3,2,5,20,1,5,7,10,3,2
3543,8,30,1,10,8,15,5,2,15,10,1,5
4071,3,30,3,2,5,15,3,10,15,15,5,5
1564,15,10,5,5,5,20,1,2,7,15,3,2
2155,8,10,3,10,8,10,5,5,15,15,1,10
662,15,30,5,2,12,10,3,5,7,25,5,2
345,15,10,1,10,8,20,5,5,20,15,3,2
2019,3,30,3,5,5,15,5,10,7,25,3,2
1773,8,20,1,10,5,15,5,5,20,15,5,2
4869,8,30,5,10,12,15,1,10,20,10,1,5
2382,3,10,5,2,5,15,5,2,7,10,1,2
4706,8,10,3,2,5,20,3,5,7,25,5,2
1422,8,10,3,2,12,20,5,5,15,25,5,10
3617,8,10,5,2,5,15,5,2,7,10,5,2
669,15,30,3,2,12,10,5,2,15,15,5,2
843,15,10,5,10,5,10,1,10,20,25,5,5
3772,8,20,3,10,12,10,5,2,15,15,5,2
1209,8,20,5,2,5,10,3,2,20,10,3,10
2569,8,20,3,2,8,10,3,5,15,10,5,2
1580,15,30,5,10,8,10,5,10,20,25,3,10
1841,8,30,3,5,12,15,5,2,7,25,3,10
2271,15,10,3,10,8,20,5,2,20,25,1,5
1974,8,30,1,5,12,20,5,2,7,25,5,10
2767,3,30,3,10,12,10,1,10,15,15,5,10
4363,3,20,1,2,8,10,5,2,7,10,5,2
4449,3,30,5,5,5,10,5,10,15,15,1,5
4047,15,20,5,5,5,15,5,10,15,25,1,2
3880,3,10,3,10,8,15,5,2,20,10,3,10
3453,8,20,1,10,5,10,5,10,20,15,3,10
2908,3,20,5,2,5,15,5,2,20,10,5,5
4340,15,20,3,5,12,20,1,2,7,10,1,10
3281,3,30,3,2,8,10,1,5,20,10,1,10
917,3,30,1,10,8,20,5,2,20,10,5,10
2347,8,10,5,2,5,15,3,10,20,15,1,5
715,15,30,3,5,5,10,5,2,20,15,3,10
2793,15,10,3,10,5,10,1,10,20,15,5,10
3982,15,20,1,5,12,15,1,10,20,15,3,5
3580,8,30,1,2,5,15,5,2,20,15,1,5
2245,15,10,3,10,5,20,3,2,15,25,1,5
712,3,10,5,10,8,10,5,5,15,15,5,2
2594,3,20,5,5,12,15,1,10,7,15,5,10
2666,15,10,1,10,12,20,5,2,20,25,1,2
254,15,20,5,2,8,20,3,10,20,25,3,2
149,8,10,3,2,8,20,1,10,7,10,3,5
851,15,20,5,2,5,10,1,5,7,25,3,2
2829,8,30,1,5,8,20,3,10,15,15,1,2
240,15,20,1,5,8,15,1,5,15,25,1,2
4251,8,30,3,2,5,15,1,2,7,10,1,2
979,15,20,1,5,12,15,1,10,7,10,3,2
640,8,20,3,5,12,15,5,2,20,15,5,5
2537,15,30,1,5,12,15,1,2,15,25,1,10
4626,8,10,3,2,12,15,5,5,20,10,1,5
860,3,10,3,2,12,10,3,10,20,10,1,5
637,15,30,5,10,5,10,3,10,20,10,3,10
634,8,20,3,2,8,15,1,10,15,15,3,10
168,15,20,1,2,5,10,3,2,15,25,3,5
1445,3,10,3,5,5,15,5,5,20,10,5,10
1344,3,10,5,10,8,20,1,2,15,25,5,10
1369,15,10,3,10,8,10,5,2,7,10,1,2
1805,15,30,3,10,8,15,1,10,15,10,3,5
3988,15,10,3,2,5,20,3,2,20,15,5,2
2830,15,20,1,2,12,15,3,5,7,25,1,2
4952,8,10,3,10,5,10,3,5,15,25,3,5
1708,8,30,1,5,12,10,1,2,15,25,5,10
2285,15,30,5,2,12,10,3,2,20,25,1,2
3509,3,10,5,10,5,10,1,5,7,10,1,10
2494,3,20,3,2,12,15,3,2,7,10,5,2
3853,8,20,1,2,12,10,5,2,20,25,3,10
4617,8,30,1,2,8,15,5,10,15,10,3,10
226,8,30,1,2,5,10,3,10,15,15,3,2
4402,3,30,3,2,12,15,3,10,15,25,1,5
3479,8,30,3,10,5,10,3,5,15,10,5,10
4192,8,30,3,10,8,20,1,2,15,10,3,10
2525,15,10,5,5,8,10,5,5,20,10,5,2
3424,15,10,3,2,8,10,5,5,15,10,5,2
2968,15,10,1,2,5,10,1,5,7,15,5,10
3427,15,20,3,10,5,15,1,5,20,10,3,2
913,8,20,5,5,5,10,1,5,20,10,3,10
2692,8,30,5,5,8,20,3,10,20,25,5,2
4291,3,10,5,5,8,20,3,10,20,15,5,2
129,8,30,1,5,12,10,1,2,7,25,3,5
3709,15,30,1,10,12,10,5,2,20,10,1,2
404,15,10,3,5,5,20,5,10,7,10,1,5
3770,8,10,5,5,5,15,3,5,15,25,3,10
4833,3,20,3,2,12,10,5,5,7,25,1,10
4399,3,10,5,5,12,10,1,5,20,10,1,10
4974,8,30,3,2,5,10,3,5,20,25,1,5
3902,3,30,1,2,8,15,1,2,20,15,3,10
31,15,20,1,10,8,10,5,10,20,25,1,5
4765,15,10,5,5,5,15,5,2,15,10,5,10
782,8,10,5,2,12,15,5,10,20,25,3,5
3611,8,30,5,2,8,15,1,10,20,10,5,10
2634,8,10,3,10,8,15,5,2,20,15,3,5
2404,15,20,1,5,12,10,1,2,7,10,3,10
22,8,10,3,10,8,10,1,2,15,10,3,2
211,8,10,5,5,5,15,5,5,20,25,3,2
3701,3,20,1,5,5,10,3,10,15,25,1,10
1187,8,30,3,5,5,10,3,10,7,15,3,10
591,3,30,3,10,12,15,5,5,15,15,3,10
4233,3,10,5,2,12,20,5,2,7,15,1,5
4034,15,10,3,10,12,15,1,10,7,25,5,5
1572,8,20,1,10,12,20,1,2,15,10,1,2
4050,8,10,3,2,12,20,3,5,7,15,3,5
3484,3,20,5,2,8,20,5,10,20,15,1,2
3872,3,10,5,2,12,20,3,10,15,15,3,10
1329,15,10,3,2,12,15,3,5,7,10,3,5
3593,3,20,1,2,5,20,3,5,20,25,3,5
488,3,20,1,5,12,10,1,2,15,25,3,5
2863,3,20,1,5,12,10,5,2,15,25,3,2
3173,15,20,1,10,5,10,1,5,20,25,3,5
260,15,30,5,2,5,10,3,2,7,25,1,2
2797,3,30,1,2,12,15,5,2,7,10,1,2
1745,15,20,1,2,12,20,5,10,15,10,3,2
3769,8,20,5,2,8,20,5,10,15,15,3,10
1089,3,10,5,10,5,20,1,5,20,15,5,5
3400,3,10,5,5,12,20,3,5,7,15,3,5
1362,15,30,5,5,12,10,5,10,15,25,1,5
305,15,30,5,2,12,20,5,5,20,25,5,5
2794,3,20,5,5,5,15,5,5,15,15,3,5
2465,15,20,3,10,5,15,3,10,7,15,1,2
4759,15,30,1,2,5,20,5,5,20,25,5,10
496,8,20,1,5,8,20,1,10,20,15,3,5
3010,8,20,3,5,8,10,5,2,7,25,5,2
2912,3,30,3,2,12,15,5,2,20,10,3,10
2852,15,10,1,10,12,10,5,5,15,25,5,5
3854,3,30,3,5,12,20,3,5,7,15,5,10
3025,15,30,3,10,8,10,1,2,20,25,5,2
224,15,20,3,2,5,10,1,10,20,15,1,10
2213,8,20,5,5,5,15,5,5,20,25,1,2
3927,8,20,3,5,5,10,3,5,15,15,1,2
4057,3,20,1,5,5,10,1,2,20,25,1,2
1913,3,30,3,10,8,10,1,2,7,15,5,10
1651,3,20,1,10,8,15,5,2,15,15,3,2
1274,8,10,1,2,5,10,1,2,15,25,5,10
572,8,20,3,5,8,20,5,2,15,10,3,2
1302,8,20,5,2,8,15,3,2,15,25,1,10
3381,15,10,3,5,5,10,5,2,20,15,1,2
3760,3,30,1,2,12,10,3,5,15,10,5,2
1612,8,30,1,2,8,15,5,5,15,15,3,5
2619,15,20,5,5,12,15,3,2,7,25,3,10
3995,3,20,5,5,12,20,5,10,15,10,1,2
1463,3,10,1,2,12,10,3,2,15,15,5,2
3809,15,30,3,2,12,15,5,2,20,15,1,10
1161,8,10,3,10,5,10,5,10,20,10,5,2
1739,15,20,5,10,5,20,3,2,15,15,3,5
1871,3,20,3,2,8,20,3,2,15,15,3,5
2970,15,30,5,2,5,10,3,10,15,25,5,10
2554,3,10,3,5,5,20,5,5,15,25,5,2
2015,3,30,1,5,5,10,3,2,20,25,5,10
1197,15,30,3,5,12,15,5,2,7,25,3,2
3151,8,10,3,10,5,10,5,5,7,25,1,2
3402,8,10,1,5,12,20,5,10,15,15,3,5
2757,15,20,3,2,8,10,1,10,15,25,5,5
1346,15,20,5,5,8,20,1,2,7,10,5,5
173,15,10,5,5,5,10,5,10,20,15,3,2
2367,3,20,3,5,12,15,5,5,7,25,3,5
409,3,30,5,5,8,15,5,2,7,25,5,2
2261,8,20,3,2,12,20,1,2,7,15,5,2
1182,8,10,5,10,8,10,1,10,20,15,5,5
1786,8,30,5,10,12,15,1,2,15,10,5,2
641,3,20,5,5,8,20,5,5,20,15,3,10
1966,8,10,5,10,12,10,5,10,20,15,1,5
3318,15,10,1,2,8,20,5,2,15,25,3,5
3237,8,10,1,2,12,15,1,5,15,15,5,2
3605,8,20,3,2,5,10,3,2,7,25,1,5
3730,15,10,5,10,8,15,5,10,20,10,5,2
3013,8,30,3,10,8,20,1,2,20,25,3,2
262,15,10,1,2,8,15,5,2,20,10,3,2
2220,15,20,5,10,12,15,1,10,20,10,3,10
3679,15,20,5,2,12,10,1,5,7,25,5,2
3711,3,30,5,2,5,20,5,10,20,25,5,2
2073,3,10,5,2,12,10,1,2,7,10,5,2
2953,15,20,1,2,5,15,3,5,20,15,1,5
514,15,10,5,2,12,20,5,10,20,15,5,10
3320,15,30,1,5,5,20,3,5,7,10,1,10
1076,15,10,5,5,8,10,5,10,15,15,1,10
3355,8,10,3,5,12,15,5,10,20,15,3,10
3976,3,20,5,10,5,15,3,2,7,15,1,10
4782,3,10,5,2,8,20,5,5,20,25,3,10
4265,8,20,1,2,5,15,1,10,15,10,5,2
1593,8,20,5,10,12,10,1,10,7,15,5,10
2381,15,20,5,10,12,20,5,5,20,10,5,10
4128,8,10,5,5,5,15,3,10,20,10,3,2
256,15,10,1,2,5,20,5,10,7,25,1,2
1469,3,30,5,5,8,20,5,10,15,15,3,2
4328,15,20,1,2,5,20,1,2,20,25,1,10
2180,15,20,1,2,5,10,5,2,15,25,5,2
3099,3,20,1,2,12,10,5,2,15,15,3,10
3462,3,20,5,5,5,15,3,2,7,10,3,2
1604,3,20,3,10,12,15,1,10,20,15,1,5
3408,8,10,1,2,5,20,1,2,7,15,1,10
2288,3,10,1,5,12,15,1,2,15,25,1,5
2124,8,20,1,10,5,10,5,10,7,10,5,10
3713,15,20,3,5,5,10,5,5,20,25,1,10
1735,15,20,1,2,8,15,1,2,7,10,3,10
2394,15,30,3,10,8,10,3,5,15,10,5,5
1048,15,20,1,2,8,10,5,2,7,10,1,10
400,15,10,1,2,8,10,5,2,7,15,5,10
4309,15,10,1,2,12,10,3,5,20,25,5,5
3613,8,20,1,2,5,20,1,2,15,10,5,5
4142,15,30,3,2,12,20,5,10,7,15,1,2
619,8,30,1,5,5,15,5,5,20,15,3,5
3077,3,30,5,5,8,10,1,10,7,25,1,10
3585,3,10,1,5,12,15,1,10,15,10,3,2
4760,15,20,3,5,5,10,5,10,15,15,5,10
4163,8,10,5,5,8,10,5,2,15,15,1,5
1949,3,20,3,10,5,20,1,10,15,10,1,10
1836,15,30,1,5,12,15,1,10,15,15,1,5
3442,3,10,3,5,8,10,3,2,20,25,1,2
905,15,10,3,2,8,15,1,5,7,10,5,2
4140,15,20,1,10,5,15,3,2,15,25,3,5
434,8,30,3,2,5,10,5,5,20,25,3,2
2403,3,10,1,2,5,10,5,10,15,25,3,5
1383,15,20,5,2,8,20,1,10,7,15,1,10
4845,8,30,5,2,5,15,3,10,20,25,5,5
4867,15,10,3,2,12,10,1,10,20,25,3,5
2092,8,10,1,2,8,10,5,2,15,10,5,2
1750,15,10,1,2,8,15,5,10,15,10,1,10
4169,3,20,1,2,8,10,3,5,7,25,5,2
2639,3,10,3,2,5,20,3,2,7,15,1,2
4857,3,20,3,5,5,20,3,2,15,10,5,2
659,15,20,1,5,5,20,5,2,15,10,1,2
2744,3,10,1,10,12,20,3,5,20,10,3,5
4454,15,20,1,10,5,20,5,10,7,15,3,10
1200,8,30,1,10,12,10,3,5,7,10,3,10
281,15,10,5,2,5,15,5,10,15,10,5,2
4367,8,30,5,2,5,20,1,2,15,15,3,5
656,8,30,5,2,12,15,1,2,20,25,5,10
1215,15,10,1,10,5,20,1,2,7,10,5,2
4634,8,10,5,2,5,20,5,2,15,10,5,5
1877,8,30,3,10,12,20,5,5,15,25,1,10
839,15,30,1,2,12,15,5,2,20,10,1,10
1665,3,30,1,2,5,15,3,2,20,25,1,10
1954,8,20,5,10,12,10,1,2,20,15,1,2
4866,15,10,5,2,5,15,3,5,15,10,1,10
4257,3,30,5,5,12,15,5,2,7,25,5,10
2145,8,10,3,2,5,15,1,2,15,10,5,5
3584,15,20,5,10,5,10,1,2,7,10,1,2
1392,15,10,1,2,5,10,3,10,20,15,5,10
1062,8,20,5,2,5,20,3,10,7,25,1,5
1824,8,10,5,2,12,10,1,5,20,10,5,10
3521,8,30,3,10,12,20,1,10,20,15,1,10
4698,3,30,3,2,5,10,5,2,7,15,5,10
484,15,20,3,10,12,15,3,5,20,25,3,2
3727,3,30,1,5,8,15,1,2,7,15,3,10
3170,3,20,3,2,8,20,3,2,20,10,5,2
2712,3,20,3,5,12,20,5,5,7,25,1,10
2881,15,20,5,10,5,20,5,5,20,10,1,5
472,15,10,1,2,12,20,3,10,15,10,5,2
481,3,30,3,2,12,10,1,10,7,10,5,10
4498,8,20,1,10,8,15,5,2,15,10,5,5
4255,3,10,3,5,12,20,3,5,7,10,3,5
3379,8,30,1,2,5,15,3,5,7,25,1,5
690,15,10,3,5,5,10,1,10,15,15,1,5
3549,15,10,1,10,12,15,3,2,7,15,1,5
1204,15,30,1,2,12,10,1,5,15,15,3,2
2812,3,10,1,5,12,15,1,5,7,15,5,10
304,8,20,1,5,5,20,3,5,15,10,1,10
3185,8,20,3,2,5,15,3,2,20,10,1,5
4848,15,30,3,2,5,15,1,5,15,25,1,2
4501,15,30,3,10,12,15,5,2,20,15,5,10
4666,8,20,3,2,5,15,1,5,7,25,1,10
343,8,20,5,2,12,20,1,5,15,10,3,5
55,8,10,1,2,12,15,5,2,7,25,1,2
1142,3,10,3,5,12,20,3,5,15,10,1,2
374,15,20,3,2,12,20,5,5,20,25,5,10
2234,15,10,3,2,12,20,1,2,20,25,5,5
2711,3,20,5,5,8,20,3,5,20,25,5,10
3665,15,20,5,10,5,20,5,5,7,15,3,10
222,3,30,1,5,8,10,3,10,15,25,3,5
3241,8,20,5,10,5,20,1,10,15,10,1,5
3037,3,30,1,2,12,20,5,10,7,15,5,5
2091,15,10,3,10,8,10,3,2,20,10,5,2
4004,15,10,5,10,8,20,3,10,20,15,3,10
2538,8,20,5,5,12,15,3,10,20,15,3,5
1418,8,20,5,2,5,10,5,5,15,15,1,5
4671,8,20,3,5,5,15,5,5,15,25,5,10
121,8,10,3,2,8,10,5,5,7,10,5,5
188,8,30,1,5,8,20,1,2,7,15,5,2
4145,8,30,3,10,8,15,3,10,7,15,5,10
4275,8,30,5,5,12,15,1,10,7,25,5,10
1881,15,20,5,10,5,15,1,2,7,15,3,10
2531,15,30,1,10,5,20,1,5,20,15,5,2
3659,15,20,1,2,8,10,1,10,7,15,3,10
2878,8,20,3,5,8,20,3,5,15,15,3,5
1321,3,10,1,2,8,20,3,2,15,10,3,2
1016,8,10,1,2,8,10,5,2,15,15,3,10
2835,15,30,3,10,5,10,1,10,15,10,5,10
3139,3,10,5,10,12,20,3,2,15,10,3,10
1579,8,30,1,2,12,10,5,2,20,15,5,5
4888,15,30,3,2,5,20,5,2,20,15,3,10
1963,15,30,3,10,8,20,3,2,20,10,5,5
1615,3,30,1,2,8,10,5,5,15,10,1,10
2296,15,10,1,10,5,20,5,5,15,15,3,5
108,3,30,1,2,5,20,3,2,20,10,5,2
422,15,20,1,5,5,10,5,5,15,25,3,5
989,15,30,5,10,8,15,5,10,20,25,5,2
2464,3,30,5,5,5,10,1,10,15,15,1,10
1643,3,20,5,10,5,15,1,10,7,25,1,2
4944,3,30,5,5,5,10,5,10,15,25,5,2
2267,3,30,1,10,12,15,1,2,20,15,5,2
2745,8,10,5,5,5,15,5,5,20,15,3,10
2562,8,30,5,10,12,20,1,5,20,25,1,2
1899,15,30,1,5,5,20,1,10,15,10,3,10
1852,15,30,5,10,8,20,3,2,20,10,3,10
1921,8,20,3,2,12,20,5,5,15,10,1,10
2064,8,30,5,10,5,20,5,2,20,10,3,10
586,8,30,3,5,8,15,1,10,15,10,1,5
1936,3,30,1,5,5,10,5,10,15,10,5,2
1265,8,20,3,2,5,20,1,5,15,10,1,2
369,3,30,5,5,12,20,5,5,15,25,5,10
4766,15,10,5,5,12,20,3,10,20,10,3,5
1040,3,20,5,2,8,15,5,10,20,10,3,2
3468,15,10,1,2,12,15,3,5,15,15,5,10
1605,3,20,5,10,8,15,1,5,7,25,5,5
1567,15,10,1,2,12,15,1,2,15,25,3,5
384,15,20,1,2,12,10,1,5,15,15,3,5
4464,15,20,3,2,8,20,1,10,7,15,1,10
2143,15,10,1,10,5,15,5,5,15,15,5,10
946,3,30,3,5,12,10,3,5,7,25,5,5
276,15,10,3,5,8,20,1,2,7,10,5,10
2814,15,20,5,10,5,15,3,10,20,10,1,5
4637,3,10,5,5,12,15,3,10,7,10,3,2
3916,8,30,1,2,8,20,1,5,15,15,5,2
1990,15,20,5,2,5,10,3,2,7,10,3,5
1058,15,10,5,10,8,15,1,10,20,25,5,10
3826,8,30,1,2,5,10,3,10,15,25,5,5
2044,15,20,3,10,8,10,1,10,7,15,3,10
4525,15,30,1,2,8,20,3,2,15,25,5,5
4755,3,20,5,2,8,20,1,2,7,10,5,5
335,15,10,1,10,12,10,1,10,7,15,5,2
3928,8,10,3,10,5,10,1,2,20,15,1,2
3677,3,30,1,5,8,10,1,10,15,25,5,5
4652,8,30,5,10,12,15,5,10,20,15,1,10
3147,15,30,5,2,5,15,1,5,7,25,5,2
1061,3,20,1,10,12,15,3,10,7,25,1,2
103,15,10,5,10,8,10,5,10,15,10,5,5
632,3,30,3,2,5,20,5,5,20,10,1,10
4446,15,20,1,5,5,20,3,10,15,15,1,5
3420,8,10,5,2,5,10,1,10,15,15,1,10
3159,8,20,1,2,5,10,5,10,7,25,3,2
4080,8,10,1,5,12,10,1,10,20,15,1,5
1496,15,10,3,10,5,10,3,5,7,25,1,2
4881,15,10,3,2,5,20,5,5,7,10,5,10
929,15,10,5,2,5,20,5,2,15,15,5,10
3633,8,10,1,2,8,10,1,10,7,25,5,10
465,3,20,5,10,12,15,5,2,15,15,3,10
110,15,20,5,5,5,20,3,5,15,15,5,10
3219,15,10,3,2,5,15,3,2,20,10,3,10
1258,3,30,5,5,8,15,3,5,7,15,5,2
2740,3,10,5,10,12,20,1,5,15,15,3,5
4510,8,10,3,2,5,10,1,10,15,15,1,5
3001,8,20,5,2,5,20,3,2,15,10,3,10
2238,8,10,5,10,12,10,3,5,20,25,3,5
2827,3,20,5,2,5,15,3,2,20,10,3,10
609,15,20,3,10,12,10,3,5,20,15,5,5
4751,3,20,5,2,12,15,3,10,15,15,1,2
2697,3,30,3,5,5,15,5,2,15,15,5,5
2194,15,20,1,2,8,10,5,10,15,15,5,10
2156,15,30,3,5,12,15,1,2,7,10,5,5
1119,3,30,5,5,12,10,1,2,20,25,1,2
2549,3,20,3,10,8,15,3,2,7,15,5,2
3203,15,20,3,2,5,20,3,2,20,25,5,2
3909,3,10,5,10,8,15,3,5,15,10,5,5
2995,3,20,3,10,8,20,3,10,20,25,3,2
4177,8,10,5,10,8,10,3,10,7,15,5,5
4480,3,30,1,5,12,10,5,5,15,25,3,10
3239,15,30,5,10,8,10,3,10,7,10,5,2
2628,8,30,1,5,12,15,1,2,20,25,1,10
3175,15,20,5,5,5,10,3,5,7,10,3,5
1252,8,10,5,2,8,20,3,2,20,25,1,5
2385,15,20,5,2,12,20,1,5,15,10,1,10
1788,8,20,5,10,12,20,3,10,15,10,1,10
3672,15,20,1,2,8,10,5,2,7,10,5,2
1159,3,30,5,5,8,15,3,10,7,25,1,2
2299,3,10,5,5,12,15,3,2,15,10,5,2
802,8,30,1,10,8,20,3,5,15,10,1,5
4886,15,10,3,10,5,10,5,2,15,15,3,5
2123,15,10,1,10,8,15,1,5,7,10,5,2
4042,3,10,1,2,5,15,3,2,20,25,3,2
1316,8,10,1,10,5,10,5,10,20,10,1,2
4105,8,20,3,5,5,15,5,2,15,10,5,5
17,15,30,3,5,12,15,3,10,20,10,1,5
196,15,20,5,5,5,10,3,5,15,10,1,2
3398,3,30,1,2,5,15,1,2,15,15,1,5
396,15,30,3,10,5,15,1,10,20,15,1,10
558,15,30,3,10,12,10,3,10,20,25,1,10
1465,15,10,1,5,12,15,3,10,15,25,5,10
814,8,30,5,2,12,15,3,5,20,10,1,2
4780,3,10,1,5,12,20,3,5,20,15,3,5
1752,15,10,3,2,12,10,5,2,15,15,5,5
3068,8,20,5,2,5,20,5,10,20,15,3,10
1431,8,10,3,5,8,20,5,5,15,10,3,2
1866,3,30,3,5,12,10,5,10,20,25,3,5
4967,3,10,3,10,8,20,5,10,20,25,3,10
3504,8,10,1,2,8,10,5,2,7,15,3,5
1566,3,10,5,10,12,15,5,5,20,10,3,5
230,3,30,3,5,8,20,3,10,7,10,5,5
328,8,20,5,2,5,20,1,10,15,25,1,5
4373,15,10,5,2,12,10,3,2,15,10,3,2
2714,8,10,1,10,8,20,3,2,20,10,5,2
3410,8,20,3,5,8,20,3,10,7,25,1,2
2089,8,10,3,10,8,20,5,10,7,15,5,5
4844,15,10,5,5,8,20,1,10,15,10,5,5
1820,3,20,5,10,8,20,3,5,7,10,3,2
364,3,30,5,2,5,20,5,5,20,15,5,5
3944,8,10,3,2,12,15,1,5,20,15,5,10
3857,3,10,3,10,12,15,1,5,7,25,3,10
4758,3,20,5,2,8,20,5,10,15,25,5,2
1069,15,10,1,5,8,15,3,5,20,15,5,2
1628,15,10,5,2,8,15,5,10,7,15,3,2
4810,8,10,5,5,5,10,3,2,20,25,1,5
2655,15,20,1,10,12,20,1,5,20,10,3,10
1084,3,10,3,10,5,15,3,5,20,25,3,5
4388,8,20,1,2,12,10,5,2,7,10,3,2
2633,8,10,3,10,12,15,1,2,20,10,1,5
1505,8,30,3,5,5,15,5,5,15,25,5,10
2406,15,20,3,2,5,10,5,5,20,10,1,5
3586,8,30,5,2,8,20,5,2,7,25,3,10
1211,15,10,5,10,8,15,5,10,7,25,5,2
1072,3,20,5,2,8,15,3,2,20,10,3,5
4897,8,30,3,2,8,10,3,5,7,25,5,10
600,8,30,5,2,5,10,3,2,20,25,5,2
3372,3,10,1,5,12,20,1,5,15,10,1,10
630,8,30,3,10,5,20,5,10,7,15,1,10
1251,8,20,1,2,8,15,5,5,7,25,5,10
587,15,30,3,5,5,20,3,10,15,25,5,2
3553,3,10,3,2,12,15,5,2,15,10,1,2
252,15,10,3,5,12,20,3,10,20,25,3,10
1382,15,10,1,5,8,15,3,2,20,15,3,2
174,15,30,1,10,8,10,3,10,7,10,1,10
3181,3,10,3,2,5,10,5,2,20,10,1,2
1023,3,10,5,10,8,20,3,2,15,25,3,5
3280,8,10,5,2,12,10,3,2,15,15,3,5
1763,15,10,3,5,12,15,5,10,20,25,1,2
25,15,30,1,5,12,15,1,10,7,10,1,2
4612,8,30,3,2,5,20,5,2,15,10,1,2
2448,8,20,1,5,8,15,5,10,15,25,5,10
141,8,20,3,2,8,20,5,5,7,15,3,2
4471,3,30,3,10,12,20,1,5,15,15,3,2
1532,15,10,5,2,12,20,5,2,15,10,1,5
2045,3,30,5,10,12,10,1,2,20,25,5,5
2880,8,10,1,5,8,10,1,2,15,15,1,10
1980,15,20,1,5,5,15,3,5,15,15,5,10
3257,8,20,3,5,12,10,3,2,15,15,1,5
1029,8,30,3,5,5,10,5,2,7,10,3,10
521,8,20,5,10,8,20,3,10,20,10,1,10
2199,8,10,1,10,8,15,5,5,7,15,3,2
821,8,20,3,10,12,15,5,10,15,10,1,5
1423,3,10,1,10,5,15,3,2,20,15,5,5
4474,8,30,1,2,8,10,1,2,20,25,5,2
3274,8,20,3,2,5,20,1,10,7,10,5,5
2996,3,30,3,2,8,10,5,10,20,10,1,5
1901,3,10,5,2,8,10,3,5,20,10,1,2
377,15,10,1,5,5,20,3,2,7,10,1,10
1094,3,10,3,10,12,10,1,10,15,25,5,10
1585,3,10,5,10,5,20,1,10,7,15,3,10
3423,15,20,5,2,5,10,3,2,7,15,5,2
4794,15,30,3,5,5,20,1,2,7,15,1,2
1451,15,30,3,10,8,15,1,10,7,10,5,5
1821,8,30,3,2,8,15,5,2,15,15,5,10
1202,15,30,1,2,8,10,3,2,20,25,5,10
414,15,20,3,5,12,20,1,10,20,10,3,5
4579,8,10,3,2,8,15,5,2,20,25,5,10
1801,3,20,3,2,12,10,3,5,20,25,3,5
4107,15,10,1,5,8,15,5,5,7,10,3,2
4414,3,10,3,5,12,15,5,10,20,25,3,5
317,8,20,3,5,8,15,5,10,7,15,1,5
3820,3,10,5,5,12,20,3,5,15,15,1,2
4445,3,20,1,5,5,10,1,10,7,15,1,2
869,15,10,1,10,12,10,3,5,20,25,3,10
1576,3,10,5,10,5,20,1,5,7,25,1,5
2552,3,30,1,2,12,20,3,10,20,10,3,5
1661,15,10,1,10,5,15,3,2,20,10,5,10
1070,8,20,1,5,12,15,5,2,20,25,3,10
593,8,20,3,10,5,20,1,5,7,25,1,10
3096,8,20,5,5,5,20,3,10,15,10,1,2
1476,3,10,1,2,8,15,1,10,7,10,1,10
1972,15,20,1,5,8,15,1,10,15,25,5,5
4040,3,10,5,5,8,20,1,2,15,10,1,10
813,8,10,5,2,8,10,1,5,20,25,1,10
3006,8,20,5,2,5,10,3,2,20,25,1,10
4996,8,30,3,10,5,15,3,10,20,25,1,10
4220,3,10,5,5,8,20,3,10,20,10,5,10
764,8,20,1,5,5,20,3,5,7,15,1,10
4925,8,10,5,2,5,10,5,10,7,25,3,2
2249,8,30,3,5,5,15,1,5,7,15,5,10
2457,15,30,3,5,8,10,3,10,20,10,5,5
3053,8,30,3,2,8,20,1,2,20,10,5,10
2274,3,20,1,5,5,15,3,2,20,15,5,5
3457,8,20,1,2,8,10,3,5,7,25,1,10
1799,3,30,1,2,12,20,3,5,20,15,5,5
2103,3,20,1,2,5,20,3,10,20,10,3,10
2216,8,30,1,10,5,20,3,10,20,15,5,2
479,15,30,3,10,5,10,3,5,7,25,1,5
2426,15,20,1,5,8,10,1,10,7,15,3,2
3326,3,20,3,2,12,10,1,5,15,25,3,10
4562,15,30,5,5,5,20,1,2,15,15,1,10
1015,3,30,3,10,5,20,1,10,20,10,3,2
3218,3,30,1,10,5,15,5,5,20,15,1,5
1210,15,20,5,2,12,20,5,10,7,10,5,2
4599,8,10,5,2,8,10,3,10,7,10,1,2
857,3,30,1,2,8,15,5,10,20,25,3,2
2645,8,30,3,2,12,15,3,5,7,15,5,5
1956,8,10,1,10,8,20,5,2,20,10,5,2
967,15,30,5,5,8,15,3,10,7,10,1,10
2640,3,30,3,5,12,10,3,10,7,25,5,2
1981,15,10,5,5,8,15,5,10,15,10,5,5
1706,8,20,3,5,5,20,3,10,20,10,5,5
166,8,30,1,5,5,15,5,10,15,10,1,5
27,15,10,3,10,12,15,5,10,20,15,1,5
2136,3,30,5,5,5,15,1,10,7,15,5,10
1449,8,10,3,2,12,10,3,5,15,15,1,5
2635,8,10,1,5,8,15,3,10,7,10,1,2
2865,8,10,5,5,12,20,1,10,20,25,3,10
552,3,20,5,2,5,20,3,2,7,10,3,10
4170,3,10,3,2,8,15,3,5,20,25,1,2
4605,15,30,3,2,12,10,1,5,20,15,5,5
2202,8,30,3,2,12,10,1,5,20,10,5,10
1154,8,10,3,10,8,15,5,10,7,25,1,10
4983,15,30,3,10,8,15,3,10,15,10,1,5
4699,15,20,3,2,12,10,1,2,20,25,3,5
38,8,10,5,5,12,20,1,2,20,25,5,2
3313,3,20,1,2,5,15,3,5,7,15,3,10
2753,15,10,1,2,8,15,1,10,20,10,3,10
3673,8,10,3,5,5,15,1,5,7,25,3,5
3749,3,30,5,10,8,20,3,5,15,15,1,2
3762,3,30,1,5,5,10,1,10,7,15,1,2
2682,8,30,3,10,5,20,3,2,7,10,5,10
4018,3,30,3,5,5,15,1,10,15,25,5,10
2778,3,10,1,10,12,10,3,10,15,15,1,5
2694,3,30,1,5,5,20,3,2,20,15,5,2
2388,3,30,3,10,12,15,5,5,15,25,1,10
4318,8,10,1,5,12,20,5,2,7,25,3,5
3757,3,20,5,5,5,15,3,10,15,25,5,2
4859,3,30,3,5,5,10,1,10,15,15,3,10
2396,15,10,1,10,8,20,1,2,15,25,5,10
3993,3,20,3,5,12,20,1,5,15,10,5,10
4299,8,30,1,2,8,15,5,10,20,10,3,10
794,8,30,5,5,5,15,3,10,7,10,3,5
2652,15,10,3,5,5,20,3,5,20,15,5,5
1488,8,20,5,2,5,15,1,10,7,15,1,5
1373,3,20,1,2,5,15,5,10,7,15,3,2
2059,3,30,5,5,5,10,1,10,15,25,1,5
1645,8,20,5,2,5,20,3,2,15,10,1,10
2297,8,10,1,2,12,20,3,2,15,15,1,5
2352,3,20,5,5,12,10,3,5,7,15,3,5
3460,3,20,3,5,8,10,1,5,20,10,3,2
2292,3,20,3,2,8,10,1,2,15,25,1,2
2901,15,30,1,5,12,20,1,2,7,15,1,5
10,8,10,5,10,12,10,3,10,15,10,5,10
3050,15,10,1,5,12,10,3,10,7,25,3,5
2705,3,30,1,5,8,10,3,10,20,10,3,2
965,3,30,3,5,8,10,3,2,7,15,5,2
3455,8,10,5,2,12,10,1,2,15,10,3,2
4965,8,30,1,5,5,10,5,2,15,10,3,10
2438,15,30,1,5,5,15,3,5,7,10,1,5
4784,15,10,5,2,12,20,3,2,7,25,3,2
3116,3,20,1,5,12,10,5,2,7,10,1,5
4338,15,30,3,10,8,20,3,10,15,25,5,5
2191,15,20,3,2,5,20,5,2,7,10,3,10
4030,15,30,3,10,5,20,1,10,15,10,3,2
4123,15,10,1,10,8,20,5,5,7,15,1,5
3974,8,30,1,2,5,10,3,5,15,15,3,2
1130,8,10,5,2,5,10,3,10,15,10,3,5
1606,3,20,3,5,8,10,5,2,15,25,1,2
4613,8,20,5,10,5,15,5,5,7,10,5,10
1902,15,20,1,10,5,15,3,2,15,25,1,10
2183,8,10,3,10,5,15,3,5,20,10,5,10
3921,3,20,1,10,12,10,1,10,15,10,5,10
4716,8,20,1,2,5,15,1,5,7,10,5,10
3558,3,10,3,5,8,15,3,5,15,25,3,10
2600,3,10,5,10,12,15,5,10,7,25,5,10
4673,3,30,3,2,8,20,3,5,7,15,1,5
542,8,10,3,5,12,20,5,2,7,10,3,2
4458,8,30,1,2,5,15,1,2,20,25,5,5
3905,15,30,1,10,8,15,1,10,15,25,1,10
4610,3,10,3,10,5,15,3,2,20,15,1,10
7,15,10,1,10,5,10,1,5,15,25,1,10
4885,3,10,5,5,8,15,3,5,20,25,1,2
767,15,10,5,5,8,15,1,10,7,10,5,5
3449,8,20,3,10,5,20,3,10,7,15,5,5
4005,3,30,5,5,8,10,3,5,7,25,3,10
1193,8,10,5,10,8,10,3,10,15,15,3,2
3856,8,10,1,10,8,10,5,2,20,25,5,5
1865,15,30,5,10,5,15,1,2,20,25,3,2
3922,3,10,3,10,5,15,1,10,20,10,1,5
3047,8,30,3,10,5,20,5,5,15,10,1,2
947,3,20,5,5,5,10,3,10,20,15,5,2
4205,8,20,3,10,12,20,1,10,15,15,5,5
799,8,30,1,2,8,10,3,5,20,10,3,2
4288,15,10,5,10,12,10,5,2,7,25,1,2
2611,15,10,3,5,12,10,5,2,7,10,5,2
1398,15,30,3,10,5,10,1,5,7,25,3,2
4629,3,30,5,5,5,10,3,5,20,15,5,5
413,8,20,3,5,5,20,3,5,7,10,3,5
1610,8,10,1,5,8,10,3,10,20,10,1,5
375,15,30,1,2,5,10,1,10,7,25,1,2
4644,15,30,3,5,12,20,5,10,15,25,5,2
2998,8,30,5,2,8,20,3,2,20,15,3,5
3518,3,30,5,2,12,20,1,2,15,15,3,5
159,3,20,1,2,12,20,1,2,15,25,3,5
2431,8,10,1,2,5,20,3,5,15,25,1,2
3784,15,30,5,2,12,15,3,10,7,10,1,2
3125,8,30,5,2,8,15,1,2,20,15,5,5
1263,8,20,3,10,12,20,1,5,15,10,1,5
3092,15,10,5,5,8,10,5,5,20,25,3,5
3686,8,30,1,2,5,15,5,2,15,10,3,2
467,8,10,1,2,12,15,3,2,20,25,5,10
1291,3,20,1,2,12,15,5,10,15,10,5,2
1376,8,10,3,2,12,10,1,5,15,25,5,5
3367,3,30,3,5,8,20,1,10,20,15,3,5
1622,15,10,1,10,8,10,1,5,15,25,3,2
3148,8,10,3,5,8,10,1,5,20,15,5,5
2101,3,10,3,5,12,20,1,10,20,15,3,10
4289,8,10,3,10,12,15,5,2,15,25,3,10
4350,8,30,3,5,8,20,3,2,20,10,1,10
1379,15,20,1,2,12,20,1,2,20,15,5,5
1596,8,10,1,10,12,20,3,5,20,10,5,10
3344,3,10,1,10,5,20,3,10,20,25,3,2
2879,8,20,1,2,12,15,5,5,20,15,5,10
333,8,10,3,2,8,15,3,10,20,15,3,10
3089,8,20,3,5,8,20,3,10,20,25,1,10
3513,3,20,5,5,8,10,5,5,7,15,1,5
1728,8,20,1,10,5,15,1,10,7,15,5,2
2904,3,10,3,10,12,10,5,10,7,25,3,2
4114,3,20,5,5,8,10,5,2,15,25,1,2
902,8,10,1,5,5,20,3,5,15,25,1,5
3560,15,20,3,5,8,20,1,10,15,25,5,5
2703,8,30,1,10,8,10,3,10,15,15,1,2
243,8,10,3,10,12,15,3,5,20,15,3,2
675,3,10,1,2,8,20,5,5,20,15,3,10
4548,3,10,5,2,5,10,1,2,15,25,1,5
4321,8,10,1,10,12,10,1,5,7,25,5,10
1834,3,30,1,5,5,20,3,5,20,10,3,10
2629,8,10,3,5,8,10,3,10,20,10,1,10
1104,3,10,5,5,8,15,1,5,15,10,5,10
1338,8,10,5,5,5,20,1,2,15,10,1,5
270,15,10,1,2,5,20,1,5,7,15,3,10
1731,8,30,1,2,8,15,3,2,20,15,5,10
3962,8,30,5,10,5,15,3,10,15,10,3,10
469,3,20,5,5,12,10,5,10,15,10,5,5
4908,15,20,5,5,12,15,5,2,7,25,5,10
2847,8,10,1,5,8,15,5,10,15,15,1,5
1380,15,20,1,5,12,10,5,5,20,10,1,2
3913,15,10,5,2,5,10,1,10,15,10,1,10
1595,8,30,1,10,12,10,5,5,20,15,3,2
249,15,30,3,5,5,10,1,5,15,10,1,5
3755,15,20,1,10,12,15,3,2,20,15,5,10
2167,3,20,1,5,12,15,3,2,7,15,1,2
4669,8,20,3,2,8,20,3,5,20,15,5,2
873,8,20,5,2,12,20,1,5,15,10,5,2
1498,3,30,3,5,8,10,5,10,15,25,5,10
629,15,30,5,10,5,15,1,5,7,25,5,2
4326,8,20,3,5,12,15,1,2,20,25,5,10
2317,3,30,1,10,12,20,1,10,20,25,3,5
1075,3,20,3,10,12,15,3,10,7,10,3,10
2818,3,20,1,2,8,10,1,10,7,10,5,10
3189,3,30,1,5,5,20,5,2,20,25,1,5
1491,15,30,5,5,12,15,3,5,20,15,1,2
3364,15,30,5,10,12,10,3,5,7,10,5,10
2511,8,20,3,2,8,15,5,2,20,10,5,10
2718,15,20,3,2,12,10,5,10,7,15,1,2
3481,3,10,1,10,12,10,3,2,20,10,3,2
2903,15,20,3,5,12,20,3,2,15,25,5,5
3745,8,20,1,5,12,10,1,2,20,10,5,10
815,8,10,5,5,5,20,1,2,15,10,3,2
1653,15,30,1,2,8,15,3,5,20,10,1,2
3358,15,20,3,2,12,10,5,5,20,15,5,10
2613,3,20,1,10,8,10,3,10,20,15,3,10
1888,3,30,1,2,8,20,1,5,15,15,1,5
4791,3,30,1,10,8,10,5,10,20,10,5,2
2378,15,10,5,10,12,15,3,2,7,10,5,5
4125,8,30,1,2,5,15,3,5,15,25,3,5
2130,15,20,5,10,5,10,5,10,15,10,3,10
3539,8,20,1,10,5,15,1,10,7,10,1,10
4237,8,20,3,5,12,10,1,2,7,10,1,10
3368,8,10,5,5,8,15,5,10,7,10,3,2
190,15,30,5,5,8,20,3,2,7,15,3,2
2470,3,10,5,5,5,20,1,2,20,15,1,10
1,8,30,1,5,5,15,1,2,7,10,5,5
3646,15,10,5,5,12,20,3,2,15,25,5,10
3718,3,20,3,5,8,15,1,10,7,10,5,5
300,3,10,5,5,8,10,1,5,20,15,3,2
2241,3,10,3,10,8,10,1,10,7,15,3,10
4475,8,20,3,5,12,15,5,2,7,10,1,5
3415,15,20,1,2,5,10,5,10,15,10,5,2
2944,8,30,5,10,5,20,3,10,20,15,5,2
4298,3,20,1,5,12,15,1,10,15,15,5,10
4147,3,10,3,10,12,10,5,2,15,25,5,10
4895,3,20,3,10,12,20,1,10,7,10,5,10
1453,8,30,5,10,5,15,3,5,20,15,3,2
4540,15,30,5,10,5,20,1,10,15,10,5,5
4489,15,30,5,5,12,10,1,5,7,25,3,5
527,15,20,5,5,12,10,3,5,7,15,5,5
1518,15,10,1,2,5,15,3,2,15,25,3,2
2422,8,10,1,5,8,10,3,10,15,10,5,10
1614,15,10,5,10,12,15,5,5,20,10,1,10
1999,8,30,3,10,12,10,1,5,20,15,1,10
1808,8,30,3,2,5,20,3,10,20,10,5,2
3090,15,20,3,5,8,10,3,2,15,10,5,5
2604,3,30,5,10,5,15,5,2,15,25,1,2
2960,8,20,5,2,8,15,5,5,15,25,5,5
757,8,30,1,5,5,15,5,10,15,25,5,5
2857,8,30,3,2,5,10,5,10,7,10,5,5
3378,3,10,3,2,12,15,5,2,7,10,1,5
456,15,20,1,5,12,20,1,10,15,25,5,10
1715,8,30,3,10,8,20,3,10,7,25,5,5
788,15,10,5,10,12,10,3,5,20,10,3,5
3439,15,30,1,5,12,20,1,5,20,15,5,2
3815,3,10,1,2,8,10,3,10,7,10,5,5
3582,8,30,3,2,5,15,3,5,20,10,1,2
1402,8,10,1,2,8,10,1,10,20,10,5,5
1434,8,10,5,10,12,10,5,2,7,25,5,2
21,3,10,1,5,12,20,3,5,20,15,5,2
3431,15,10,3,10,12,15,3,2,20,15,3,10
1196,3,30,3,5,5,15,1,2,7,10,1,10
4623,8,30,1,2,8,15,1,10,15,25,5,5
699,3,10,5,10,5,10,1,2,7,25,3,10
955,3,10,5,10,12,10,1,10,7,25,5,2
945,3,20,3,2,8,20,1,10,7,25,5,2
530,3,10,3,10,5,20,5,5,7,15,5,5
195,3,20,5,5,5,15,5,10,15,25,1,2
82,15,30,1,2,5,20,3,10,7,10,5,2
3130,8,30,1,10,8,20,1,5,20,25,1,10
3733,8,30,5,5,8,20,3,2,20,10,1,5
1325,15,10,1,2,5,10,1,10,15,10,1,5
2455,3,10,3,2,5,15,3,5,7,15,3,2
2963,3,20,5,5,8,10,1,2,15,25,3,5
1796,8,10,3,2,5,10,3,2,20,25,3,5
2603,8,20,1,2,12,20,1,10,15,10,3,5
524,3,10,3,5,12,10,5,5,15,25,5,10
87,8,30,3,5,12,15,1,5,7,25,5,2
3616,15,10,1,2,5,15,1,5,15,15,3,10
60,3,10,3,10,12,15,3,2,7,15,5,2
1026,3,20,5,2,8,15,5,2,20,25,5,5
978,15,20,5,5,5,10,1,2,7,10,3,10
4329,3,10,3,10,12,10,5,10,20,25,5,2
3342,3,30,1,2,5,20,1,2,20,10,5,5
1079,15,10,3,10,12,20,5,2,15,25,3,5
3033,3,10,5,5,12,10,3,5,20,10,3,5
4515,8,30,5,2,12,10,1,10,20,25,1,10
2787,8,20,5,2,8,20,3,2,20,10,5,2
4046,8,30,5,10,12,15,5,10,15,25,3,10
1042,8,10,5,5,8,15,3,2,7,15,5,10
3113,15,20,3,2,5,10,1,5,7,15,3,10
2420,15,20,1,10,8,20,1,2,20,15,3,5
2294,15,20,3,2,5,15,1,5,7,10,3,5
786,8,20,3,5,5,20,3,2,7,10,1,10
4586,15,10,3,10,12,10,3,2,7,10,5,2
495,8,30,5,2,8,20,5,2,7,10,5,2
3508,8,10,3,5,8,10,1,2,15,15,5,2
1814,15,20,3,2,12,15,3,2,15,15,5,2
2243,3,30,3,5,8,10,1,2,15,15,1,5
3753,3,10,3,10,12,20,5,2,15,25,3,2
1826,3,10,1,10,5,15,5,10,7,25,1,10
2593,15,30,3,2,12,10,3,5,15,25,1,2
1080,8,10,1,5,5,15,1,10,20,25,1,2
353,8,20,1,10,12,10,5,5,7,25,1,2
487,15,10,1,5,8,20,5,10,20,10,5,5
232,15,20,3,5,8,15,5,10,7,25,1,2
4687,8,20,1,10,12,10,3,5,20,25,3,5
57,8,20,1,10,5,15,1,10,15,15,5,10
1446,15,20,5,10,5,10,3,2,15,10,3,2
4468,3,30,3,10,8,10,3,2,20,10,1,5
4924,3,20,5,2,5,15,1,5,7,10,1,2
720,3,20,3,5,8,20,1,5,15,15,3,10
3003,15,20,3,5,8,15,3,2,15,10,5,5
987,8,20,5,10,12,20,5,5,15,10,1,10
4332,3,30,5,5,12,10,5,5,20,15,5,5
2761,8,30,3,10,12,15,3,10,20,10,5,2
4989,3,10,1,10,12,20,5,5,20,15,3,10
2781,3,20,3,10,8,20,5,10,20,15,5,5
3536,8,10,1,10,12,15,1,5,7,10,3,5
95,3,10,1,10,8,20,3,10,15,10,5,10
4109,8,30,3,5,12,20,1,10,15,10,3,10
2322,8,30,1,10,8,20,3,2,15,15,5,5
2081,8,30,3,5,5,20,1,10,7,15,3,5
1557,15,20,5,10,8,20,1,5,7,25,1,2
2154,15,20,1,5,5,15,1,5,15,10,1,5
1478,8,30,5,5,5,10,1,5,20,15,1,5
759,8,20,1,5,5,20,5,10,15,10,5,5
3076,15,30,5,10,8,10,3,5,15,10,1,2
1259,15,30,5,10,5,10,3,10,20,25,5,10
1568,3,20,3,2,8,20,5,5,15,10,3,10
4518,3,30,3,10,8,10,5,10,20,15,5,2
1000,8,30,1,2,12,15,1,2,20,15,3,10
2622,8,20,1,5,8,20,3,2,15,10,1,5
4972,3,20,1,2,12,20,1,5,7,25,3,2
2414,15,20,3,5,5,10,3,2,20,25,5,10
2211,3,30,5,5,8,15,5,5,7,10,5,5
4874,3,30,3,10,8,10,1,2,20,25,3,5
4187,15,30,3,2,12,10,1,10,7,10,5,10
1740,15,20,3,10,8,20,1,2,15,25,1,2
4428,8,10,3,2,12,15,5,5,15,25,1,10
1830,8,20,5,2,12,20,3,10,7,15,5,5
3737,8,30,1,5,8,15,5,2,15,10,1,2
3852,15,20,5,5,8,15,1,2,15,15,3,10
2769,15,10,3,5,12,20,5,5,7,10,5,5
1172,8,30,1,2,5,10,5,5,7,10,5,2
3538,8,10,1,2,5,20,5,2,20,25,5,5
3177,3,10,5,10,12,20,5,5,20,25,5,2
3756,15,30,3,10,5,10,5,5,15,15,1,10
3903,8,10,5,5,8,20,3,5,20,10,3,5
1989,8,20,1,10,8,20,3,10,15,25,3,5
2353,8,30,3,2,5,10,5,2,20,10,5,5
3878,3,20,1,10,5,10,3,5,15,15,3,2
1176,15,30,1,5,8,15,5,10,7,15,5,10
582,8,10,1,2,12,15,5,2,20,10,3,2
4771,8,10,3,10,8,20,5,10,15,15,3,2
2138,15,30,5,5,5,20,3,10,7,15,1,2
612,15,20,5,5,8,20,5,5,20,25,5,5
4990,15,10,5,2,8,20,1,10,15,25,5,2
1031,8,30,1,5,12,15,3,2,7,15,3,10
3365,15,30,1,5,12,20,1,10,7,15,3,10
4660,8,10,3,10,12,10,1,2,15,10,3,5
4711,15,10,5,2,12,20,1,10,7,10,5,2
3966,3,20,1,10,8,15,1,2,20,25,5,5
1747,8,20,3,2,12,10,5,5,15,25,5,10
3663,3,20,3,2,12,10,1,10,15,10,5,10
135,15,20,3,2,5,10,1,5,15,25,5,5
1847,15,10,3,2,8,20,1,2,15,25,1,2
700,3,10,1,10,8,15,1,10,20,25,3,2
2040,8,30,5,2,5,10,3,2,7,10,3,10
191,3,20,1,10,12,20,3,2,15,25,3,2
2051,3,20,3,2,12,15,5,2,20,15,5,2
3621,3,10,3,5,5,15,1,5,20,15,1,2
3568,8,30,1,10,5,15,3,2,7,15,3,5
3759,15,20,5,10,5,15,5,2,15,10,5,2
2371,15,20,5,10,8,10,1,5,15,10,5,10
2369,3,20,5,5,8,20,3,5,20,15,5,10
447,15,10,3,2,12,20,1,2,20,15,5,2
1280,3,30,5,10,5,15,1,2,15,15,1,2
3973,8,30,3,10,8,10,1,2,15,15,1,5
3128,8,10,3,2,8,15,3,10,7,15,1,5
942,3,20,1,10,12,15,3,2,20,25,5,10
1765,3,10,3,2,8,20,3,5,15,15,1,2
1327,15,30,1,10,12,10,1,2,20,25,5,2
1853,3,30,1,2,12,15,5,2,20,10,5,2
1988,15,10,1,5,12,20,3,5,15,15,1,2
1036,15,20,5,10,12,20,5,2,7,15,3,10
969,8,10,5,10,5,15,5,2,15,10,5,5
1944,15,10,5,5,8,20,3,2,7,15,3,2
2916,3,20,5,5,5,10,3,5,20,10,3,5
4236,3,20,5,2,5,20,5,2,7,10,3,10
985,3,20,5,2,8,10,1,10,20,10,3,10
1508,15,30,3,2,5,20,3,2,20,15,1,2
1337,8,30,5,5,12,15,3,2,15,15,1,10
4814,15,30,5,10,8,10,5,2,15,10,1,5
4386,3,20,3,2,12,10,3,10,20,15,5,5
584,3,30,5,5,8,10,3,10,20,15,5,2
1718,8,20,1,2,12,20,1,5,7,10,3,10
4714,3,10,1,5,12,15,3,10,15,25,5,2
2928,15,30,1,2,8,10,1,10,7,15,1,10
1227,3,20,1,10,5,15,1,10,20,10,3,2
3825,15,10,3,2,8,20,5,2,15,10,3,5
3051,15,10,5,2,8,15,3,10,15,15,5,2
3967,3,10,3,2,5,15,5,5,15,25,5,2
1409,15,20,1,5,12,10,3,10,20,25,5,2
635,15,20,3,10,8,20,1,2,7,25,5,5
4138,3,10,1,2,8,15,3,2,7,10,1,5
354,8,10,3,5,8,10,1,5,7,10,1,10
1090,3,30,3,2,12,10,5,5,15,25,1,2
1598,8,30,5,10,12,20,1,10,7,10,3,2
3129,8,10,3,5,5,20,3,5,20,15,3,2
4371,8,10,1,10,5,10,5,10,20,25,1,5
2938,8,20,5,5,12,15,1,5,15,15,1,5
433,3,10,3,10,5,10,5,10,15,25,5,10
2819,15,10,5,5,5,15,3,2,7,15,5,10
382,3,30,3,2,5,10,5,2,7,25,5,2
3802,3,20,3,5,12,15,5,2,7,10,5,5
1559,8,20,5,5,12,10,1,2,15,15,1,10
3256,3,30,5,5,5,10,3,2,15,25,5,2
3348,8,20,5,2,8,10,3,10,20,10,1,10
115,15,10,5,10,5,15,1,2,20,10,1,5
2413,15,10,5,2,8,20,3,2,7,10,3,5
401,8,30,3,2,8,20,1,5,15,25,5,2
4385,8,20,5,2,5,10,5,5,20,15,1,2
2940,8,10,3,5,8,10,1,2,7,15,1,5
4633,15,30,1,10,5,20,3,10,20,25,5,5
8,8,10,5,5,8,20,3,5,20,15,3,5
1939,3,20,3,5,12,10,3,10,7,25,1,5
1516,8,30,1,10,12,10,1,10,20,15,3,10
818,8,30,3,2,12,10,5,5,15,25,5,2
3763,3,10,1,5,12,20,1,5,7,15,3,2
1916,8,30,3,10,8,10,3,2,20,25,5,2
3956,3,30,1,2,5,15,5,10,15,10,3,10
4793,15,10,3,5,5,15,5,10,7,10,5,5
3226,15,30,1,2,12,20,5,2,20,10,3,5
509,8,10,5,2,8,10,5,2,15,10,1,5
4587,8,20,1,2,12,15,1,5,7,10,5,5
329,8,30,5,5,5,10,5,2,20,10,3,5
657,8,30,5,10,5,10,1,10,20,15,1,5
903,15,20,5,5,8,20,3,2,15,25,5,2
1875,3,30,3,10,8,20,5,2,20,15,3,2
3432,3,20,5,5,12,10,3,2,20,15,1,5
4442,3,20,1,10,5,20,5,10,7,25,5,5
4089,15,10,1,2,12,15,1,5,7,25,5,5
893,8,20,1,10,5,10,5,2,7,15,1,2
2289,8,20,1,10,12,20,1,2,20,25,3,10
2752,3,20,1,10,5,20,5,10,15,25,3,2
2839,3,20,1,2,8,10,3,5,7,25,5,5
4439,8,10,1,5,8,10,5,2,15,10,5,5
3843,3,10,3,5,5,20,5,10,7,25,5,2
2893,15,20,1,2,12,15,3,10,15,25,1,10
4012,15,20,5,2,8,15,5,2,15,15,5,2
41,3,20,5,2,5,20,3,10,20,15,1,2
4059,15,10,5,5,12,20,5,2,7,15,1,2
4067,8,30,5,10,5,10,1,10,7,25,1,10
1319,8,20,1,5,5,20,1,5,20,15,5,2
4819,8,10,1,10,12,15,3,2,15,10,3,10
2343,15,20,3,10,5,20,3,2,7,25,3,2
3926,3,20,1,5,8,10,5,5,15,25,1,2
1275,15,10,5,5,8,10,1,5,15,15,5,10
4547,15,30,1,5,5,10,3,2,20,25,5,5
2254,15,30,1,10,5,20,3,10,7,15,1,2
1003,15,30,3,5,5,10,1,10,7,15,3,10
4808,3,10,1,2,12,20,1,5,20,25,5,2
3583,3,20,3,2,5,20,5,10,20,15,5,2
2555,15,10,3,2,5,15,1,10,20,15,1,10
3531,15,20,3,2,5,10,3,10,7,25,3,2
3786,3,30,1,5,5,10,1,5,7,10,3,2
3844,15,30,5,2,5,10,1,2,7,25,3,10
3433,3,20,5,2,12,20,5,5,7,10,5,5
1682,3,30,1,10,12,15,3,2,20,25,5,10
3046,15,20,3,5,5,10,5,2,20,10,5,2
3675,15,10,5,2,5,15,3,5,7,10,3,10
1322,3,20,3,2,12,10,1,2,20,10,3,5
4986,8,30,5,5,12,20,3,5,15,25,5,5
1009,8,30,1,2,12,20,1,10,20,10,1,5
3901,3,20,5,2,8,20,3,5,15,15,1,2
1683,3,20,1,2,8,15,1,10,7,15,1,5
4504,15,20,3,2,12,10,1,2,15,25,5,10
442,8,10,3,10,12,10,5,10,15,25,1,2
962,15,30,1,5,12,15,1,2,15,10,5,5
1304,15,10,5,5,12,10,1,2,7,15,1,2
1083,3,30,5,10,12,20,5,10,20,25,3,10
4954,8,10,1,5,8,15,5,2,7,10,3,10
3212,3,10,5,5,8,20,3,5,7,10,1,5
3689,15,30,1,5,12,10,3,2,20,15,5,10
123,15,30,5,5,5,10,3,2,7,25,1,2
4739,15,10,1,10,12,15,5,10,20,15,1,5
1795,8,30,5,5,12,10,3,10,15,10,1,10
692,8,10,1,10,5,15,3,10,7,10,1,2
3045,8,20,1,10,8,10,5,5,7,25,5,5
4727,15,10,3,2,5,15,5,2,7,15,3,2
4843,3,30,1,2,12,10,1,10,15,25,1,10
1613,15,20,5,10,5,20,3,5,7,10,3,2
3904,15,30,5,2,12,10,1,10,20,25,5,2
2415,3,30,1,2,12,15,3,10,20,10,1,5
1127,8,20,5,2,5,15,5,5,7,10,1,5
2955,8,20,3,2,12,10,3,2,15,10,3,10
2789,3,20,5,5,12,15,1,2,20,10,5,10
810,15,10,5,2,8,10,5,5,7,10,1,5
1293,8,30,1,5,12,10,3,5,20,10,1,5
2013,3,20,3,2,8,20,1,2,20,15,1,10
1115,8,30,3,5,5,15,5,2,15,15,1,10
238,8,10,3,2,8,10,3,5,15,10,1,10
3892,8,20,1,2,5,10,3,10,15,10,1,2
941,8,10,5,10,8,20,3,5,7,15,1,2
417,8,10,1,10,5,20,1,5,7,15,1,5
518,8,20,5,2,8,20,1,5,20,15,3,5
2521,8,10,1,5,8,15,5,10,15,15,3,5
4638,8,10,1,10,12,10,5,5,7,10,1,5
4461,15,30,5,5,5,20,1,5,15,15,5,2
45,8,30,3,2,8,15,1,2,15,10,5,2
1621,8,30,3,2,5,10,1,5,20,25,1,10
1082,3,20,3,10,5,10,5,10,20,15,5,5
3525,3,30,3,5,8,15,5,10,20,15,1,10
498,3,30,1,10,12,20,5,5,7,15,5,10
2338,15,20,5,10,12,10,3,5,20,10,1,5
337,3,20,1,10,12,15,3,5,7,15,5,10
105,3,10,1,2,8,20,5,2,7,25,5,2
4994,8,10,3,10,8,15,1,5,15,25,5,10
2580,3,10,5,2,5,10,1,10,20,10,1,10
4064,15,30,1,2,8,15,1,2,15,15,5,2
3107,3,20,1,2,8,15,1,10,20,10,3,2
3154,3,20,3,2,12,15,1,10,20,25,3,5
1087,8,20,3,5,12,10,3,5,20,25,1,5
1753,3,30,1,10,8,10,1,10,15,15,5,10
1855,3,30,5,10,5,15,1,10,20,10,3,2
4909,3,20,1,2,5,20,3,2,20,15,5,5
4470,8,10,3,5,5,10,3,5,15,10,5,2
4648,8,10,3,5,5,15,1,2,7,10,3,5
4905,3,10,1,10,5,20,3,2,7,15,5,2
332,3,30,1,2,8,20,3,5,7,25,3,2
1807,15,20,1,2,5,10,5,10,7,10,3,10
974,15,30,3,2,5,15,5,2,20,10,3,10
1998,15,10,1,5,12,20,5,2,15,25,3,5
4496,15,20,3,2,5,15,3,5,15,10,5,5
3945,8,30,1,10,12,20,5,2,7,25,5,10
654,3,20,1,10,5,10,1,2,15,15,3,10
1073,15,20,5,2,12,15,5,2,20,15,1,2
596,8,30,5,2,8,10,1,5,7,15,5,2
2702,15,20,3,5,5,10,3,5,20,15,5,10
3020,3,10,5,2,8,15,5,5,20,25,1,2
220,3,30,5,5,8,15,5,5,15,15,1,5
1188,8,30,5,2,8,20,1,2,15,15,3,5
2891,15,10,1,10,8,10,1,2,15,10,1,10
3201,3,10,5,10,5,15,5,2,20,25,1,5
1467,3,20,5,2,12,15,1,2,20,10,5,10
2626,3,20,1,10,8,20,3,10,15,25,5,2
3776,15,10,5,10,8,10,3,5,7,25,5,2
871,8,10,1,5,8,10,3,2,20,15,3,5
1136,15,20,5,10,8,20,3,5,7,25,1,10
3027,3,30,5,10,12,20,5,2,7,15,3,2
3012,3,30,1,2,8,15,5,5,20,25,1,10
3648,15,10,1,10,5,10,3,10,15,15,3,10
319,3,20,3,10,8,10,3,2,15,10,1,10
4377,8,10,3,10,12,10,3,10,7,15,1,2
996,8,30,1,5,5,20,3,2,15,10,3,10
3860,3,30,5,10,5,20,1,5,7,25,5,2
4796,15,10,3,2,12,20,1,5,15,10,5,2
971,3,20,5,2,5,20,3,5,20,10,5,5
4635,15,30,3,2,12,10,5,2,15,15,3,2
4312,3,10,1,10,5,20,5,5,20,25,5,5
2518,15,10,5,2,12,10,1,10,15,25,5,2
1334,8,10,1,10,12,10,1,10,20,15,3,10
371,15,30,5,2,8,20,3,2,7,15,1,5
2719,8,30,1,5,8,10,3,5,20,15,5,2
4882,15,20,1,10,5,20,5,10,15,25,5,2
359,15,10,1,2,5,15,1,10,15,25,5,5
3792,8,20,3,5,12,15,5,2,15,25,3,5
2174,15,10,5,10,12,10,5,10,15,15,5,2
3710,15,20,3,2,8,20,3,2,7,10,1,10
4378,15,10,3,5,8,20,3,5,20,15,3,2
4456,8,20,1,5,12,20,3,5,7,10,5,5
4026,3,20,1,2,12,10,3,2,15,15,3,5
1920,3,20,3,2,12,15,1,10,20,25,3,10
3186,8,10,3,2,8,10,1,5,7,10,5,10
3339,8,10,1,2,5,20,3,5,15,10,3,10
3071,3,10,1,2,8,15,1,5,7,10,3,5
2610,3,10,5,10,5,15,1,2,20,10,5,2
4473,15,10,3,10,12,15,3,5,7,10,5,10
1724,15,20,3,5,5,10,1,5,15,10,3,5
1410,15,10,5,10,5,10,5,2,7,15,1,10
2063,15,30,5,10,12,15,5,2,15,25,3,10
1599,15,20,3,2,8,15,5,10,7,10,1,5
3865,3,20,1,2,8,10,3,2,15,25,1,2
4738,15,30,5,5,5,15,1,10,7,15,5,2
301,8,20,5,5,12,15,1,5,15,25,5,2
440,15,20,1,5,5,10,3,10,20,25,1,10
4835,8,10,5,5,12,15,5,2,20,10,5,2
2128,3,30,5,10,5,10,1,10,15,10,1,5
4824,15,30,1,5,12,15,5,10,15,10,5,5
3979,15,20,5,5,8,15,5,10,20,10,3,2
2344,3,20,1,5,12,15,5,2,7,25,1,10
1345,3,30,3,10,5,10,3,10,20,10,1,5
3871,8,20,5,2,8,20,1,2,20,10,5,2
4804,8,30,3,2,5,15,3,10,7,10,3,5
1404,3,10,3,2,5,20,1,2,20,10,3,10
4588,8,20,3,10,5,20,3,10,20,15,3,2
4453,15,30,1,2,5,10,5,5,20,15,3,2
3108,8,30,5,2,8,15,3,2,7,10,1,10
2535,3,20,3,2,5,20,3,5,7,15,5,10
2872,15,30,3,5,8,10,5,10,15,15,5,10
3429,8,20,5,5,12,15,5,10,7,15,3,10
4604,8,30,5,10,5,15,1,5,7,10,1,2
1520,8,20,3,10,5,15,1,10,15,10,5,2
3828,8,10,1,2,5,15,5,5,15,25,3,5
1213,8,20,1,5,5,10,1,5,20,10,5,5
862,15,20,1,10,8,15,1,10,7,25,3,10
4911,8,20,3,5,8,20,5,2,7,15,1,5
1723,15,20,3,2,5,15,1,10,20,10,5,5
1427,3,30,1,2,5,10,3,10,15,10,1,2
90,8,30,1,5,5,10,3,10,20,15,3,2
4742,3,10,1,2,12,10,3,5,7,10,5,5
483,15,10,5,2,12,15,3,2,15,10,1,5
3080,8,30,5,10,8,15,1,2,7,25,1,10
2187,3,30,1,2,8,10,3,5,7,15,3,5
1273,15,30,1,10,8,15,5,5,15,25,5,5
3614,3,10,1,10,12,15,3,2,15,25,5,5
4806,8,30,5,2,12,15,3,5,15,15,3,10
18,15,20,3,10,5,15,5,10,15,25,1,2
53,15,30,5,5,8,20,1,10,7,15,3,10
970,15,30,5,5,12,20,3,5,15,10,1,2
653,15,20,3,5,5,20,3,5,15,15,3,10
585,3,30,3,5,12,15,1,10,20,10,5,5
3361,3,20,1,2,8,20,1,5,7,10,1,10
2329,3,20,1,10,8,20,3,5,20,25,5,5
2077,8,20,1,5,12,20,5,5,20,25,3,2
3840,15,30,5,10,8,15,1,2,7,10,3,2
4591,3,10,1,10,5,10,5,2,20,25,5,2
4379,3,10,5,2,5,15,1,10,15,15,5,2
3494,8,30,5,10,8,15,3,10,7,15,3,2
1600,8,30,3,2,5,15,5,5,7,25,3,2
2181,8,10,1,2,5,15,3,2,20,25,5,5
4221,8,20,1,5,8,10,1,10,7,10,5,5
2008,8,10,1,2,12,10,5,10,20,15,5,2
146,15,20,1,10,12,15,1,5,20,10,3,5
2801,8,30,3,10,12,20,1,10,20,15,5,10
4693,8,30,1,2,5,15,1,2,7,25,5,2
2113,3,20,1,5,5,10,5,5,15,10,3,10
2474,3,10,3,5,12,20,3,2,7,10,1,2
2416,3,10,3,2,8,15,1,2,20,25,1,10
1068,15,20,3,2,5,10,3,5,20,15,5,10
1577,15,20,5,10,5,20,5,2,7,25,1,2
43,8,30,1,5,8,15,5,2,7,25,5,10
4606,8,10,3,2,5,15,5,5,7,10,5,5
2445,15,20,5,10,8,15,5,2,20,25,1,5
733,8,20,3,5,12,15,5,5,7,25,5,10
2357,8,30,1,10,8,10,1,10,20,15,1,5
1650,15,20,3,2,12,20,3,5,20,15,5,2
2957,8,20,5,5,5,10,1,5,20,10,1,2
2116,8,30,1,5,12,10,5,5,15,10,3,2
983,8,30,1,2,12,10,3,5,7,25,1,10
4943,3,10,3,5,12,10,1,10,15,10,3,5
4643,8,20,5,10,8,10,1,2,7,25,3,2
3714,8,10,5,5,12,15,3,2,20,10,1,10
4792,15,20,5,2,5,15,1,10,20,15,3,5
695,15,20,1,2,12,10,1,2,7,15,5,10
1789,8,30,3,2,8,10,5,5,7,15,3,2
4775,8,10,5,2,8,15,3,10,15,10,3,2
1483,15,20,3,2,5,15,3,10,7,10,1,2
1992,3,30,1,10,12,10,1,10,15,25,3,10
2910,15,20,1,5,5,20,3,10,7,10,1,10
1738,8,20,1,2,8,15,1,2,20,25,5,2
1166,8,30,3,5,12,15,3,5,7,10,5,2
1707,3,10,5,10,5,10,5,2,7,10,1,2
2106,15,10,5,2,12,10,3,5,15,15,3,5
3252,15,30,1,2,12,20,1,2,7,10,3,10
4077,15,30,5,10,8,10,5,5,15,25,1,5
1879,3,20,1,5,8,10,1,5,15,15,3,2
1761,3,10,3,5,12,10,1,2,7,25,1,10
2729,8,30,1,10,12,15,1,5,20,25,3,2
892,3,30,5,5,8,20,3,5,15,10,5,5
2647,3,20,3,5,5,20,1,2,20,10,1,10
3388,8,20,3,5,8,15,5,5,7,15,5,5
1640,15,10,3,5,8,15,3,10,7,10,5,5
2430,3,20,1,10,12,15,1,2,20,10,3,5
67,8,10,3,5,12,15,3,2,15,15,1,10
3965,15,30,3,10,8,10,5,5,7,10,5,10
1893,8,30,3,5,12,20,5,10,20,25,5,2
1077,3,10,3,2,8,20,5,2,20,10,5,10
499,8,20,1,5,5,15,5,10,15,15,1,2
671,15,20,3,5,5,15,3,2,7,15,5,5
1437,8,10,3,5,5,10,5,2,7,25,5,10
178,8,30,3,5,8,15,5,2,7,10,5,5
507,3,30,3,5,8,20,1,5,20,25,1,5
4757,8,10,5,2,12,10,5,5,20,25,1,2
203,8,30,5,2,8,20,5,5,7,15,5,2
2239,15,10,5,10,5,15,3,10,15,15,1,2
1366,8,30,5,5,12,15,1,2,20,15,5,10
4323,3,30,5,10,5,15,5,2,7,10,5,2
118,15,20,1,5,12,15,5,10,7,10,5,5
668,15,20,3,5,5,20,5,2,15,25,3,2
3122,8,20,5,10,8,20,5,2,20,10,3,10
2973,15,20,3,5,5,15,3,5,15,10,1,5
3883,8,20,1,5,12,10,1,10,7,10,1,2
1102,15,30,5,10,8,15,5,10,7,10,1,2
4476,15,10,1,10,12,15,3,10,20,15,1,5
504,15,10,3,10,12,10,5,5,20,25,1,2
4285,15,10,5,10,5,10,5,10,15,10,5,2
4922,8,10,5,5,12,20,5,10,20,15,3,2
1986,3,30,5,10,8,10,3,2,15,25,3,5
291,3,20,5,2,8,10,1,10,15,15,5,10
4310,3,30,3,5,12,20,5,10,7,10,5,10
543,8,30,3,5,5,15,5,2,20,25,1,2
4927,15,10,1,10,12,20,1,2,7,15,5,5
1967,8,10,3,5,8,10,5,2,15,25,1,2
3026,3,20,1,5,8,15,1,2,20,25,5,2
1578,3,20,1,5,5,15,5,5,15,25,1,5
3443,3,20,1,5,12,20,5,5,20,10,5,10
4492,3,30,1,5,8,10,5,10,15,10,1,5
837,3,30,1,5,12,10,3,2,7,25,1,2
3384,15,30,1,2,5,10,1,10,7,15,5,10
986,15,20,3,5,8,15,1,2,20,25,1,10
3073,15,20,3,5,12,10,5,2,20,10,5,10
4415,15,20,5,10,5,10,3,10,7,10,3,2
533,8,10,1,2,8,20,5,10,15,10,5,5
4096,3,20,5,5,8,10,5,2,15,10,3,2
1232,3,10,5,10,8,20,1,10,15,10,3,5
2866,15,10,5,5,8,15,5,2,15,15,1,5
92,8,10,5,5,8,10,3,2,15,10,3,5
4491,3,20,5,10,8,20,5,2,15,25,1,2
470,3,20,1,2,5,15,1,10,20,25,5,5
1635,3,20,5,2,8,20,5,5,15,15,3,2
4403,15,20,3,10,12,10,3,10,15,15,5,10
3937,3,30,3,5,8,15,5,2,15,15,3,2
3812,15,20,3,5,8,15,3,10,20,10,3,2
1146,8,20,5,10,8,15,1,2,7,25,5,5
1889,3,20,1,10,5,20,5,5,7,10,5,10
2699,15,10,5,2,12,20,3,10,15,25,5,5
2532,3,20,5,10,12,10,1,5,15,10,5,2
98,3,10,5,2,8,20,3,5,20,25,5,2
1787,15,30,3,5,5,15,3,10,20,10,3,2
554,8,10,3,2,12,15,5,5,7,10,1,10
4670,8,30,3,5,5,20,1,2,20,10,3,5
2157,3,20,1,5,5,10,3,2,20,15,1,10
3750,8,30,5,10,5,20,5,10,7,15,3,10
3791,8,30,5,5,12,10,1,2,20,10,5,5
4156,15,10,5,10,5,10,5,5,20,15,5,5
2751,15,30,3,2,12,20,5,10,15,15,5,2
4875,15,30,1,10,5,10,3,10,15,15,3,5
2468,15,10,3,2,12,10,5,5,20,10,1,5
1873,15,30,1,2,8,20,3,10,20,10,1,2
2283,3,20,3,2,5,20,3,5,7,25,3,2
331,3,30,1,2,8,10,3,5,15,25,1,10
1324,15,10,1,5,12,10,5,2,20,15,3,5
3224,15,10,3,5,8,10,5,10,7,10,3,5
3625,15,10,1,5,8,20,1,5,7,25,1,10
4554,3,10,3,5,5,10,3,10,7,25,1,10
4803,3,30,3,2,8,10,5,10,20,25,3,5
32,3,20,3,5,12,20,5,10,15,25,3,2
2646,3,20,1,5,12,10,3,10,15,25,5,5
1395,3,30,1,5,8,10,3,10,20,15,1,5
2859,15,10,5,2,8,20,5,5,15,25,3,10
2222,8,20,3,10,8,20,5,5,20,10,3,5
1092,15,10,3,2,5,15,1,10,7,25,5,5
1245,3,20,5,10,12,10,1,2,15,15,5,5
2393,15,30,5,2,8,10,5,5,15,15,1,5
3222,3,10,3,10,8,15,5,5,20,25,3,10
1602,3,20,5,10,5,20,3,2,7,15,5,2
1019,3,30,3,5,12,15,5,10,7,15,3,10
4657,8,20,1,10,12,15,3,10,20,15,3,10
1713,8,10,3,5,8,15,1,10,20,10,5,5
4654,3,30,3,5,8,20,5,5,15,10,1,5
2333,15,30,5,2,12,10,5,5,15,15,1,10
3294,8,30,5,2,8,10,3,10,15,10,1,5
1246,15,20,1,2,5,15,1,2,20,10,1,2
4880,8,30,1,10,12,10,5,5,15,25,5,10
2023,8,20,1,10,12,20,3,2,7,25,3,2
564,3,30,1,2,12,15,1,10,7,15,5,10
4276,3,30,3,2,12,20,3,2,20,25,5,10
1470,8,20,5,5,8,10,1,10,7,10,1,10
3930,15,30,5,5,5,20,3,5,15,25,3,2
638,8,30,3,2,5,10,3,5,15,15,3,10
1233,15,30,1,5,5,15,1,2,15,15,3,2
40,3,10,1,2,8,20,5,5,7,15,3,5
3246,15,20,3,10,5,20,1,10,20,15,3,10
968,15,30,5,2,12,15,1,5,15,25,3,2
2612,8,30,5,5,8,15,5,2,20,10,5,2
1162,3,20,1,5,8,20,5,2,7,15,5,10
2132,3,10,3,5,5,20,1,10,20,15,1,10
3425,3,30,3,5,12,15,5,10,15,10,1,2
1440,3,20,1,10,12,15,3,10,15,15,5,5
1266,3,10,1,2,12,15,3,10,7,15,3,10
1526,8,20,5,5,5,20,1,2,7,10,3,5
423,3,30,5,2,5,20,3,10,7,15,1,2
2269,15,30,1,5,5,20,1,10,7,10,5,5
4948,3,30,3,5,8,15,1,2,7,15,5,5
2651,15,20,5,5,5,15,1,2,15,10,5,2
368,3,20,1,5,12,20,3,10,15,10,3,2
4722,8,10,1,5,12,20,3,5,20,15,3,5
1295,8,10,5,5,5,15,1,10,7,15,3,10
1192,3,10,5,2,8,10,5,10,20,15,5,10
1730,8,20,3,5,5,20,3,10,15,25,5,10
4258,3,20,3,2,8,20,3,2,20,10,1,10
4477,15,30,3,5,8,15,1,10,15,15,3,5
4594,8,20,3,10,12,10,1,10,15,10,5,10
3785,15,30,1,5,8,20,1,10,7,25,5,10
682,8,10,5,2,12,20,5,5,15,15,1,5
2836,15,10,3,10,12,10,5,2,20,10,1,5
3910,15,20,5,10,12,20,5,2,7,10,5,2
2324,3,20,3,10,5,10,1,10,15,10,5,10
744,15,20,5,2,8,10,1,10,15,10,1,10
29,15,20,5,2,12,20,3,5,7,10,5,10
1160,3,30,3,10,8,10,5,10,7,15,3,10
28,3,20,1,2,5,10,1,10,20,25,3,5
3167,8,30,3,5,5,20,1,2,15,25,5,2
4182,3,20,3,10,8,15,1,10,15,25,3,5
1860,15,20,1,2,12,20,1,10,20,25,1,5
4914,3,10,3,2,12,10,1,10,20,15,1,10
4495,8,20,1,2,8,10,3,5,15,10,5,10
4061,8,20,1,10,12,10,1,2,7,15,1,2
930,8,30,3,10,8,10,5,10,20,25,3,5
248,15,20,3,5,5,15,5,2,20,15,3,5
1400,8,20,1,5,8,15,1,2,7,10,3,10
3314,8,20,3,5,5,20,3,10,15,25,3,10
2376,3,10,1,2,8,10,3,10,20,10,1,5
4570,3,20,1,2,8,15,3,2,7,25,3,2
3042,15,30,1,5,8,15,5,10,7,15,5,2
2212,8,20,3,5,12,15,3,5,20,25,5,10
4642,15,20,3,10,8,20,5,2,20,25,1,10
494,15,10,3,5,5,20,1,2,7,15,5,5
2208,8,20,3,10,8,10,5,2,7,10,1,5
4557,8,20,5,5,8,10,5,2,15,10,1,5
3178,15,20,5,5,8,20,5,10,15,10,5,5
3554,15,10,1,5,8,20,5,10,20,10,5,2
4215,15,10,1,10,12,15,3,5,7,25,5,10
2731,8,30,3,5,12,15,1,2,7,25,1,10
170,3,30,1,2,5,15,5,10,7,15,5,10
3079,8,30,3,5,12,10,5,5,15,10,5,5
4933,15,20,3,10,8,10,3,10,15,10,3,5
2772,3,30,5,5,12,10,1,2,7,15,5,10
3312,3,20,1,10,8,15,1,2,15,10,3,5
3636,3,20,3,2,5,20,5,5,7,15,1,2
881,8,30,1,5,8,20,1,10,20,15,3,2
1189,8,30,3,2,12,20,5,2,20,15,1,2
4463,3,10,5,10,5,20,5,10,7,25,3,2
2144,8,30,5,2,5,20,1,5,15,15,3,5
392,15,30,1,2,12,15,5,10,7,25,3,5
3179,8,30,1,2,12,10,3,10,15,25,1,2
1930,3,30,1,10,12,10,3,10,20,10,3,2
1856,15,20,1,2,8,10,5,10,20,25,5,10
1912,3,20,3,5,5,15,5,5,7,10,3,2
1239,15,20,1,5,8,10,1,10,15,25,1,2
1794,15,30,3,2,12,10,3,10,15,25,5,10
2524,3,20,3,2,5,15,1,2,20,10,3,5
4082,8,10,5,2,5,20,5,2,15,25,5,10
3574,3,30,1,5,5,20,3,2,20,10,3,5
737,3,20,5,5,8,20,5,5,15,25,1,5
2053,3,30,5,2,12,10,1,10,7,10,3,2
4195,8,10,5,5,8,10,1,10,7,15,5,2
885,15,10,1,10,8,20,5,5,15,10,5,2
4733,15,10,1,10,8,20,5,2,20,15,3,2
4834,3,20,5,10,8,15,5,5,20,25,5,2
4567,8,30,3,5,12,10,5,10,20,15,1,5
4838,3,10,1,2,5,10,3,10,7,10,3,10
1056,3,30,3,2,8,20,5,10,7,10,5,2
3743,15,20,5,10,8,10,3,2,20,10,3,10
758,15,10,5,5,8,10,5,10,15,25,3,5
4036,15,30,3,2,12,10,5,5,7,15,1,2
1792,15,10,1,5,8,15,3,10,7,15,5,5
1509,15,20,5,5,12,20,1,10,15,25,1,2
4179,3,10,5,10,5,15,3,2,15,25,3,2
1134,8,20,1,5,12,20,5,2,20,15,5,10
1247,8,30,1,2,5,20,3,10,7,25,5,5
33,3,10,1,5,12,15,3,5,7,15,1,5
3082,15,10,5,10,5,15,5,5,7,10,5,2
2321,8,30,1,5,5,10,5,2,15,10,3,5
4561,8,10,5,2,8,10,5,10,7,10,5,2
4247,8,30,3,2,12,20,3,2,7,15,5,5
4066,15,30,5,5,5,10,1,2,15,25,5,5
2082,3,30,3,2,8,20,1,10,20,15,5,10
4546,3,20,3,2,8,20,3,10,7,25,3,10
4991,15,20,3,2,12,10,5,10,20,25,1,2
2993,8,10,3,5,12,10,3,2,7,10,3,5
4839,8,20,5,10,12,10,3,10,7,15,1,5
4938,15,30,5,2,8,20,1,2,7,25,3,2
4754,3,20,5,10,12,20,5,5,15,25,3,2
809,3,30,5,5,12,20,1,10,7,25,1,10
1843,3,20,5,10,5,20,5,5,15,25,1,2
1238,15,10,5,5,12,15,5,10,20,15,1,10
185,3,10,3,2,12,15,3,5,20,25,1,2
1835,15,30,5,5,8,20,3,5,20,15,1,5
4512,8,30,3,10,5,10,3,2,15,10,1,5
1205,15,30,1,10,8,10,1,5,7,15,5,2
3305,15,10,3,5,5,10,1,2,7,10,3,5
2771,3,30,3,10,8,15,3,5,20,10,3,10
2856,3,20,3,5,8,20,3,2,15,25,3,2
2168,8,10,3,5,5,15,3,2,20,25,1,2
1971,3,10,1,2,12,20,3,5,7,15,3,5
1224,15,30,5,10,8,20,1,5,15,25,1,5
1985,3,20,1,10,12,20,3,5,20,25,5,10
292,15,10,3,5,8,20,5,10,7,15,5,10
1228,15,10,5,2,5,20,5,2,15,10,1,10
4441,8,10,1,5,12,20,3,2,20,15,3,5
2047,8,30,5,2,8,10,5,2,7,10,3,10
825,8,10,1,10,8,20,1,10,20,15,5,5
3732,8,30,1,2,12,15,3,2,15,10,1,5
2312,3,10,1,5,5,15,1,5,20,25,1,2
3798,3,10,3,5,12,10,5,2,20,10,5,10
3396,15,30,5,5,8,10,1,10,7,10,3,5
3818,15,30,1,5,8,20,5,10,7,10,3,5
827,3,30,5,5,8,15,1,10,20,10,1,5
1935,3,20,3,5,5,10,1,5,20,15,3,10
339,15,30,3,2,5,10,1,10,15,15,1,10
3104,15,30,3,5,5,10,1,5,15,25,1,5
3986,3,30,3,2,12,20,5,5,20,15,1,2
3135,15,30,3,2,8,15,3,10,20,15,3,2
4724,8,30,5,10,8,10,1,2,15,10,3,5
330,15,10,5,10,12,10,5,2,15,10,5,5
3428,15,20,1,5,5,20,5,10,15,25,3,2
4065,3,10,5,10,12,10,3,2,20,10,5,10
4578,3,10,5,2,5,20,3,2,20,25,3,5
89,15,10,5,2,5,10,1,10,20,15,5,5
1132,3,10,5,10,12,10,3,10,15,10,3,2
4919,3,10,3,5,12,10,3,10,15,25,5,2
568,15,30,1,2,8,10,3,5,20,25,3,10
1549,8,20,5,5,8,20,1,2,15,10,3,2
3594,8,10,1,5,12,15,1,2,15,25,5,10
4816,15,30,5,5,8,10,5,2,20,15,3,2
2925,15,30,3,5,8,20,5,5,20,15,3,5
3799,15,10,5,2,8,10,3,5,7,15,1,2
1315,3,20,1,5,5,20,5,5,15,10,5,5
3885,8,20,5,10,8,20,5,10,15,10,5,10
1850,15,30,5,5,5,10,3,2,15,10,5,10
3143,8,30,3,5,12,15,3,5,15,25,5,5
1725,15,30,5,2,8,10,5,5,7,15,5,10
3893,15,10,5,2,8,10,3,2,20,15,5,2
1415,15,20,5,5,8,15,1,10,7,10,5,5
2791,3,20,5,2,8,10,3,5,20,25,5,10
3493,8,10,5,10,5,10,3,10,15,25,3,5
4774,15,30,3,5,12,15,3,10,7,15,1,5
4689,3,10,5,10,5,10,1,10,7,10,5,10
4681,15,10,5,5,5,20,3,10,7,15,5,10
4497,3,30,5,5,5,20,5,2,15,10,1,2
3288,15,10,5,10,12,15,5,2,15,25,5,2
4576,8,30,3,5,5,15,3,5,15,10,1,5
844,15,30,3,2,5,20,5,5,20,10,3,5
150,15,30,3,2,12,20,5,10,7,10,1,2
783,3,10,3,2,5,10,3,5,20,10,1,10
2043,15,10,3,5,5,20,3,5,7,15,5,10
3983,3,20,5,2,12,15,1,2,7,10,5,2
4713,8,10,1,2,5,15,1,5,20,25,5,2
2198,3,20,1,2,5,20,5,5,20,25,1,5
1499,3,10,3,5,12,15,3,10,20,15,1,2
3354,15,20,5,10,5,10,1,5,7,25,3,2
2951,8,20,1,10,8,20,5,2,7,25,3,10
2473,3,30,1,2,12,10,5,2,7,15,5,2
3994,3,30,3,10,5,20,5,10,7,15,3,2
2472,15,30,5,10,8,10,1,10,7,25,5,5
1754,3,30,1,10,5,15,5,10,15,15,1,10
3746,3,20,5,10,12,20,1,5,20,15,3,5
3110,15,10,1,5,8,10,1,5,20,25,3,5
1479,15,30,3,10,12,15,1,5,7,10,1,10
405,3,10,1,10,12,20,3,5,15,25,3,5
2339,8,30,5,10,12,20,1,2,20,10,1,10
3044,3,20,1,10,8,15,5,5,7,15,3,5
1538,8,30,3,5,12,20,3,5,20,10,3,10
2888,15,20,3,5,12,20,1,10,20,15,5,5
2031,3,30,1,2,8,20,5,2,15,10,3,2
3389,8,30,5,2,5,20,1,2,15,25,5,10
320,8,30,1,10,8,20,1,10,7,15,5,5
2434,8,10,3,2,5,10,5,2,15,10,1,10
2659,3,10,1,5,5,10,5,5,20,25,3,5
349,8,20,1,5,5,20,5,10,7,25,1,10
3070,15,30,3,5,8,15,5,5,15,10,3,10
963,3,10,3,5,5,10,1,10,20,10,1,10
1287,3,10,3,2,5,10,1,5,7,10,1,5
4112,3,20,3,5,12,15,1,10,7,15,5,2
2022,8,30,5,5,8,10,3,5,7,15,1,2
598,15,30,5,2,12,20,5,5,20,15,3,5
1973,15,20,3,10,12,20,1,5,20,10,5,10
3816,8,30,5,2,5,20,5,2,20,25,5,5
3101,15,10,3,2,12,20,5,10,7,10,1,10
1471,8,30,1,5,8,15,3,10,20,25,3,5
4406,8,30,5,2,5,15,5,5,20,15,1,10
2578,15,10,1,10,8,20,3,5,15,25,5,2
1698,3,10,1,10,8,10,1,10,20,25,1,10
3656,15,20,1,2,5,20,5,2,7,10,3,5
2159,8,30,3,5,5,10,5,2,15,10,1,2
91,15,20,5,10,8,10,5,2,15,25,3,10
3235,8,30,5,10,8,15,3,10,15,25,1,5
247,15,30,3,10,8,10,3,10,20,10,1,10
245,8,30,3,2,5,15,3,2,7,15,1,2
3635,8,30,3,2,12,10,5,5,7,10,5,2
3317,8,10,3,10,8,20,3,5,15,25,1,10
3959,3,10,5,2,5,15,1,2,20,10,3,2
1571,15,30,3,10,5,20,1,10,7,10,5,10
3216,15,10,1,5,12,15,5,5,20,10,1,2
3291,3,10,5,2,12,20,5,2,7,15,5,2
50,3,20,1,2,8,20,5,10,15,25,1,5
718,15,10,1,5,5,20,3,10,20,10,3,5
1504,3,30,5,2,8,15,5,2,15,25,3,2
4313,8,10,3,5,12,15,3,10,20,25,3,10
2579,15,10,1,10,12,15,5,2,20,10,1,10
2708,15,10,5,5,5,10,3,10,20,15,5,2
4419,15,10,1,5,5,15,5,10,15,10,1,2
592,15,30,5,5,8,15,5,2,7,25,3,5
2546,3,10,1,2,5,10,5,2,15,25,3,2
4932,8,20,5,10,8,15,5,5,15,15,1,10
1312,15,20,5,10,12,10,5,5,7,10,3,5
4316,15,30,3,5,12,15,3,5,7,10,1,5
1371,8,20,3,10,8,10,3,5,20,10,1,10
4295,15,20,3,5,8,10,5,2,7,25,1,10
2432,8,20,5,10,8,10,1,5,15,15,1,5
1126,3,10,3,5,12,10,3,5,7,10,5,10
2475,8,30,1,10,12,15,5,5,20,15,1,5
3523,3,10,3,10,12,10,1,2,7,10,3,2
2237,3,20,3,2,12,15,5,10,7,25,1,2
2763,15,30,5,2,12,20,3,2,20,10,3,10
2784,3,10,5,10,12,15,3,2,15,15,3,10
4153,3,20,3,2,8,15,5,2,15,25,5,5
889,8,10,1,5,8,10,3,5,20,10,1,10
4161,3,10,5,2,12,15,1,5,7,10,5,2
2259,8,10,1,2,8,15,1,2,20,15,3,5
1590,3,10,1,10,8,15,5,10,7,10,5,10
3210,3,20,3,10,12,20,5,10,15,25,1,10
4472,8,30,1,5,5,20,5,2,20,25,5,2
976,3,20,3,5,8,15,5,5,15,15,3,2
199,8,30,1,10,8,15,5,5,7,15,1,5
4899,15,10,3,10,8,10,3,2,15,15,5,2
4,8,20,3,2,5,20,1,5,20,15,1,2
4092,3,10,3,2,8,15,1,10,20,10,1,5
2877,8,20,5,5,8,15,5,5,15,10,1,2
3923,8,30,1,5,5,15,3,2,20,15,5,5
548,8,30,5,5,8,15,1,2,7,25,3,5
3519,15,20,5,10,8,15,1,10,7,10,1,10
4821,15,10,3,2,5,10,1,2,7,25,5,2
3863,3,30,1,10,8,15,3,5,20,15,1,5
4460,3,10,3,2,5,15,1,10,20,25,3,5
4645,15,20,1,2,12,10,3,5,7,15,3,2
897,8,30,3,5,5,10,3,10,15,25,3,10
3540,3,20,5,5,8,15,1,2,7,15,3,2
3571,3,20,1,5,5,15,3,10,7,25,3,2
3418,3,10,3,10,8,20,1,5,20,10,5,5
2541,3,20,1,10,5,20,1,5,7,10,1,10
360,15,10,3,10,12,15,1,10,20,10,1,2
4303,8,30,3,5,8,20,1,10,15,15,3,5
2558,15,30,5,10,5,10,1,2,15,15,5,10
3440,8,30,5,2,12,20,5,5,20,25,1,2
2723,3,20,3,10,8,20,1,5,7,15,5,10
3514,8,20,3,2,8,15,1,10,20,15,5,10
3286,3,20,3,5,8,20,5,2,7,15,1,10
605,15,10,3,10,5,15,3,10,15,10,3,10
2129,15,20,3,10,12,20,1,10,15,15,1,2
3331,8,20,5,2,12,15,1,5,15,15,5,5
3961,3,20,1,2,12,15,5,2,7,15,5,2
676,15,30,3,2,5,20,1,2,7,10,5,5
1506,15,30,1,10,5,20,5,5,20,10,5,5
3920,8,30,5,5,5,10,3,2,20,15,5,5
1292,8,10,3,10,5,15,3,10,15,25,3,5
4976,3,20,1,5,12,15,3,10,15,25,5,5
2643,15,20,3,5,8,20,1,2,15,10,1,2
1141,15,30,5,10,5,10,3,2,7,15,3,10
296,3,30,3,10,8,15,1,5,20,25,1,5
2660,3,10,1,5,5,20,5,2,20,15,5,2
1768,15,10,1,2,8,15,3,5,20,10,3,10
3650,15,10,1,10,5,20,1,2,15,15,5,5
3781,3,10,1,10,8,10,3,10,15,15,1,2
4581,15,10,1,5,5,10,1,2,7,15,3,2
4684,15,20,1,2,5,15,5,5,7,10,1,2
4354,8,20,3,2,8,10,3,2,7,15,3,5
505,15,20,5,5,8,15,1,2,7,25,3,2
3008,8,20,5,10,8,15,3,10,7,15,3,5
346,3,10,3,2,12,15,5,2,20,25,5,5
3441,8,20,1,5,5,10,1,10,15,25,1,10
532,8,30,5,5,12,10,3,5,20,10,1,10
4704,8,10,5,2,8,10,1,5,7,25,1,10
2956,8,10,1,2,12,10,1,2,7,10,1,2
4293,3,10,3,5,8,20,1,10,7,25,5,2
3017,8,30,1,10,8,10,1,10,15,25,1,2
4970,15,10,5,5,12,15,5,10,7,10,3,5
4772,15,30,1,10,12,10,5,2,15,10,5,10
4035,8,20,5,2,5,15,5,2,7,25,3,5
4478,3,30,5,5,8,20,5,10,20,25,5,5
4091,8,10,5,2,5,20,1,5,7,15,1,2
356,8,20,5,5,5,20,5,2,7,15,3,5
664,15,10,3,2,5,20,3,2,20,10,1,5
4628,15,20,3,2,8,15,3,10,20,15,1,10
2959,15,10,5,10,12,15,5,10,15,15,3,2
2762,15,20,3,5,8,10,5,5,7,15,1,10
2423,15,10,1,2,8,15,1,10,7,25,3,2
4868,15,30,5,10,8,15,1,5,20,10,1,10
2010,8,20,3,5,5,10,3,10,20,25,3,5
4850,3,30,1,5,5,20,1,2,20,25,1,5
4550,15,30,1,10,12,15,3,5,15,10,5,2
3643,8,30,5,10,5,15,1,10,20,25,1,5
4260,3,30,5,2,12,20,5,10,20,15,5,5
2489,3,20,5,2,12,20,3,5,15,25,5,10
1357,8,30,5,10,12,20,3,10,15,15,5,10
461,8,10,3,10,8,15,1,10,20,10,5,5
3459,3,10,3,2,5,20,3,10,15,25,3,5
424,15,30,3,10,5,20,3,10,20,15,1,2
3576,3,20,5,2,8,20,3,5,7,25,3,10
894,8,10,1,2,5,20,1,5,7,25,3,5
3569,3,20,5,5,5,10,5,2,7,15,3,2
681,8,10,1,2,5,10,3,10,20,15,1,10
4336,15,10,5,10,5,10,1,10,20,15,3,10
4921,8,30,5,5,12,20,1,10,7,15,1,10
1872,8,20,3,10,12,15,5,2,20,10,1,2
1459,3,30,5,5,8,15,1,5,7,15,5,10
796,15,30,3,10,5,10,1,2,7,15,5,10
4304,15,30,3,2,5,15,3,10,7,15,3,10
1932,8,10,3,10,12,15,3,10,7,10,1,5
2278,3,30,1,2,12,15,5,10,15,25,3,2
4017,15,10,5,5,8,10,1,10,15,25,5,10
1408,8,20,1,2,8,20,1,10,15,10,5,5
2273,15,20,5,5,5,20,3,5,7,15,3,2
2854,15,10,1,10,5,10,1,5,7,10,3,5
3229,3,30,3,10,5,15,5,5,15,10,3,5
880,3,20,5,5,5,15,1,5,20,15,5,2
2561,8,10,3,5,12,15,3,2,15,10,5,2
4947,3,20,3,10,5,15,5,2,20,10,5,5
4418,15,20,3,10,12,15,5,10,15,25,5,10
1461,3,10,3,2,5,10,3,5,7,10,3,5
3145,15,30,5,10,12,10,5,2,20,25,1,10
2,3,10,1,5,8,10,1,5,15,25,1,5
1633,8,30,3,5,5,10,1,10,7,15,5,5
4798,3,20,3,2,5,15,3,10,20,15,1,2
1137,15,10,5,2,5,10,3,10,20,10,1,2
3968,8,20,1,10,8,20,1,10,20,15,1,2
3908,8,30,1,5,8,15,1,2,7,10,3,2
2459,15,10,5,10,5,10,1,2,20,15,3,2
47,3,30,5,5,5,20,5,5,7,15,1,10
408,15,10,1,10,12,10,1,2,15,15,3,2
2637,8,30,1,5,8,10,1,10,20,10,3,2
1343,3,10,1,2,12,10,1,5,20,15,5,2
3895,15,10,3,10,12,15,3,10,15,10,5,5
3258,3,20,5,5,5,10,3,2,7,10,1,10
1260,8,30,1,5,5,20,3,10,7,25,3,2
2425,15,10,5,5,8,15,1,2,15,10,5,2
4488,3,30,5,10,8,15,3,2,15,25,5,2
540,8,30,3,2,8,20,1,10,15,25,3,5
1253,15,10,5,10,12,20,1,10,7,25,1,2
2330,3,10,5,10,8,15,5,10,7,10,1,5
3324,8,30,1,5,5,10,3,5,7,15,3,2
3353,15,20,1,2,5,10,5,10,15,10,1,5
4010,8,10,5,10,8,20,5,5,15,15,3,10
1108,8,30,3,10,8,10,3,2,7,15,5,5
3264,3,30,3,10,8,10,5,2,20,10,5,2
407,15,20,1,5,12,15,3,2,7,25,1,10
3934,8,10,3,10,12,20,3,10,7,15,3,2
2750,3,20,5,5,8,15,3,5,15,10,3,5
1977,15,20,5,10,5,20,5,2,15,15,1,10
3884,8,10,5,10,12,10,3,10,7,10,3,5
1411,3,30,3,2,5,10,5,5,7,10,1,10
411,3,10,1,2,8,15,3,10,15,25,3,5
4826,3,10,5,5,12,20,5,10,7,10,3,10
4280,15,10,3,5,5,20,5,2,15,25,1,10
4240,8,30,5,10,8,10,1,2,20,15,5,5
1716,3,20,5,10,8,20,1,2,15,15,5,5
4960,15,20,3,5,5,15,3,5,15,25,3,5
1360,15,30,1,2,5,10,1,10,15,25,3,5
2264,3,10,5,10,5,20,3,5,7,25,3,10
2598,8,30,5,2,8,10,1,5,20,15,3,5
3790,8,30,3,10,5,20,5,2,15,10,3,5
1670,8,10,5,2,5,20,5,5,15,15,5,10
1597,3,30,1,10,8,10,5,5,15,15,3,2
4627,8,20,1,5,8,15,3,10,15,10,5,2
576,15,30,5,10,8,20,5,5,15,10,3,5
4409,3,10,1,2,12,20,5,5,7,25,3,2
2215,8,20,1,10,8,10,3,2,15,25,5,10
37,8,30,3,10,8,20,1,2,20,15,1,5
4840,15,30,1,5,12,10,5,2,20,15,1,10
1179,15,10,1,10,12,10,3,5,20,15,3,5
2265,3,30,1,2,12,20,1,5,7,15,1,2
2576,3,20,5,10,5,15,5,2,20,25,1,10
3875,15,30,1,5,5,15,1,2,7,15,1,5
1639,8,30,3,5,5,10,5,2,7,25,5,10
4616,8,20,3,2,12,10,1,10,7,10,3,10
1256,3,20,3,5,12,15,3,5,7,15,5,10
4985,3,10,5,10,12,15,5,5,20,15,5,5
179,15,30,1,2,8,10,3,5,20,15,1,5
3590,15,20,1,10,12,10,3,2,7,15,3,2
2000,15,30,3,10,12,20,5,2,7,25,5,2
1793,3,10,3,10,8,15,3,10,20,10,3,2
4946,15,10,1,5,5,20,3,10,15,25,3,5
1694,15,30,3,10,8,20,1,10,7,25,1,10
606,15,30,5,5,5,10,3,10,15,10,5,2
1177,8,20,5,10,5,10,3,2,15,25,3,2
1272,3,20,3,5,12,20,5,2,15,10,1,10
684,8,10,3,5,5,20,5,2,20,10,1,2
872,15,20,3,5,8,20,3,10,20,25,1,10
4361,3,20,5,10,5,20,3,10,7,10,3,5
3932,15,20,3,10,12,15,1,2,15,10,3,2
4335,3,30,1,2,12,15,3,10,15,25,1,5
1289,15,30,5,5,5,20,5,2,15,10,1,5
2351,3,30,1,5,5,10,1,5,15,15,3,10
2586,3,10,1,5,12,15,3,10,20,15,3,2
546,8,30,3,2,5,10,3,5,7,10,5,2
4287,8,30,3,2,5,20,5,10,15,25,1,5
4590,15,20,5,2,5,20,5,2,15,10,5,10
919,15,10,1,5,5,15,1,5,15,10,1,2
673,15,10,3,2,8,10,5,10,15,25,5,10
1067,8,10,3,10,5,15,1,10,7,25,5,2
651,15,10,5,10,12,20,3,10,7,25,5,2
1994,8,20,1,2,8,20,3,10,20,10,1,5
452,8,30,1,10,5,20,1,2,20,25,5,10
1642,8,10,1,2,8,10,5,5,20,25,3,10
4891,8,20,1,5,8,20,3,5,7,15,1,10
1778,3,10,5,5,12,20,5,10,20,10,1,5
4789,3,20,1,2,5,15,1,2,20,10,5,2
4600,3,10,3,5,12,20,3,5,7,25,5,2
581,15,20,1,5,8,15,1,2,15,10,5,2
2834,3,30,5,2,12,20,3,5,7,15,1,5
194,8,20,3,10,12,10,5,10,7,25,1,2
1158,3,20,1,5,12,10,5,10,15,25,1,5
2849,3,10,5,10,8,10,5,5,20,15,5,5
1890,8,30,5,10,5,15,3,5,15,15,1,10
4152,3,30,5,5,8,10,3,2,7,10,3,10
3166,8,20,5,2,8,15,5,10,7,25,3,10
4129,3,10,3,10,12,20,5,2,15,15,1,5
3598,15,10,3,10,5,15,5,2,20,10,3,10
153,3,30,5,10,8,20,1,2,15,25,1,10
2149,15,20,1,10,12,20,3,5,15,15,5,10
2247,15,10,3,5,5,20,1,2,15,15,5,5
3287,8,30,5,10,8,10,5,2,15,10,5,10
4294,3,20,1,5,5,20,3,2,15,15,3,10
2860,8,20,1,5,12,20,1,5,20,25,5,10
2150,8,30,3,10,8,15,1,10,7,15,3,2
790,15,20,5,2,12,10,1,5,15,10,1,5
475,8,30,1,10,5,20,3,5,15,10,3,5
972,15,10,5,2,12,20,3,10,7,15,3,10
3595,3,10,5,10,12,20,3,10,15,15,5,10
3259,8,20,5,2,8,20,5,5,7,25,5,5
3016,3,30,5,2,12,20,5,10,15,25,1,2
1798,8,10,3,5,8,15,5,5,15,25,5,5
2948,3,10,3,2,5,15,3,2,15,25,1,5
2792,8,20,1,5,8,10,1,2,15,10,3,2
1782,3,10,1,5,5,15,5,10,20,15,3,5
2335,3,20,1,2,5,20,5,10,7,25,5,10
652,3,20,3,5,5,20,1,2,15,10,1,10
674,15,10,5,2,12,20,1,2,15,15,1,5
2979,3,10,5,10,12,10,5,2,15,25,3,2
4842,3,30,3,2,8,20,5,10,7,10,5,10
685,8,10,1,10,8,20,1,5,7,10,5,10
4559,8,30,1,5,5,10,1,5,20,10,1,5
4256,15,10,1,10,5,10,1,5,20,10,1,5
4523,8,10,3,10,5,10,5,2,20,25,5,5
4696,3,20,1,5,8,20,3,5,20,25,3,5
4533,8,20,3,2,5,15,1,10,15,10,3,2
2575,8,10,3,5,8,10,5,2,15,10,5,10
982,3,10,5,10,5,20,5,5,15,15,5,10
2165,8,20,1,5,12,20,3,5,7,10,1,5
3546,3,30,1,5,5,10,3,5,7,10,3,5
1331,8,30,3,10,8,20,5,10,15,25,1,5
1844,3,20,3,5,12,15,5,2,15,10,5,2
1565,15,30,5,2,8,20,1,2,20,10,1,5
4560,8,30,5,5,8,15,1,10,15,15,5,2
3712,15,30,3,2,5,10,3,5,20,25,1,10
3323,3,30,1,10,12,15,5,10,20,10,5,2
3158,3,10,1,5,5,10,5,5,15,10,3,5
4555,15,20,1,10,8,10,5,2,7,10,1,5
1837,15,20,5,10,12,10,5,5,15,15,3,2
2601,3,30,5,2,5,10,5,5,15,15,1,10
3810,15,20,3,5,12,20,3,10,7,25,1,5
2755,8,30,5,10,12,10,5,5,7,25,3,2
765,15,30,1,10,5,20,5,2,20,15,1,2
4871,8,20,3,2,5,20,5,10,7,15,1,10
3997,15,30,3,2,12,10,3,10,7,10,1,5
3987,15,20,5,5,12,20,1,10,15,25,3,10
4878,8,20,1,2,8,10,3,10,20,15,1,5
54,8,20,5,2,12,15,5,10,15,15,5,5
1452,15,10,3,5,12,10,5,10,20,10,5,5
1285,8,30,1,10,12,20,3,5,7,25,5,2
621,15,20,3,2,8,15,5,10,20,15,3,2
3766,8,20,5,2,8,15,1,10,20,25,1,10
4095,8,10,5,10,8,20,5,5,20,10,1,5
2805,3,10,5,2,5,15,1,2,20,15,3,5
3273,15,20,1,10,8,15,1,2,20,25,3,10
4746,8,30,1,2,5,20,3,10,7,10,1,2
2958,8,10,5,5,12,15,3,10,15,10,3,10
1885,8,10,1,2,8,15,3,5,20,10,3,5
1611,8,10,5,2,5,15,3,10,15,15,3,2
3654,3,10,3,5,8,20,3,10,7,15,1,10
3112,3,20,5,2,5,15,3,10,7,10,3,2
4104,8,20,1,10,12,20,5,10,20,10,1,5
425,15,10,3,10,5,20,3,2,7,15,1,10
1185,8,30,3,5,8,20,5,5,15,25,3,10
1869,15,20,3,10,12,15,3,5,15,25,5,2
1113,3,20,3,10,12,15,5,5,15,15,5,2
755,3,20,1,10,8,15,3,10,7,25,1,10
242,8,10,1,5,12,15,3,10,7,10,3,5
4551,15,20,1,2,12,15,3,10,7,10,3,2
4615,3,20,5,5,8,10,3,2,15,15,5,5
3140,3,10,5,5,12,20,1,2,7,10,3,10
590,3,10,1,10,8,15,3,5,15,10,3,2
2638,3,20,1,2,12,15,1,2,7,25,3,5
2823,3,10,1,10,8,20,3,2,15,25,5,2
4444,8,10,5,10,8,10,5,5,7,10,5,10
1623,15,30,1,5,5,20,1,5,20,10,5,10
2736,15,30,5,2,8,15,3,2,7,15,3,10
4305,3,30,1,5,8,15,1,10,20,10,1,5
616,8,30,1,5,12,15,1,2,20,25,3,5
253,15,30,5,5,12,20,5,10,20,25,5,10
3748,8,10,5,5,5,15,3,10,15,10,1,5
3587,3,30,5,5,12,15,1,2,15,15,5,2
2363,8,20,1,5,8,15,5,5,20,10,1,5
1128,8,10,5,10,5,20,5,10,15,15,3,5
3559,3,10,1,2,12,20,1,10,7,15,5,2
3315,15,30,1,2,8,10,3,10,7,10,3,10
888,8,20,3,10,8,15,1,10,7,15,3,10
2927,3,20,3,10,8,10,1,2,15,15,1,2
3413,15,10,1,10,12,10,5,10,20,25,1,10
1370,8,10,3,10,5,20,3,10,7,25,3,10
2838,3,10,3,5,5,20,5,2,15,25,1,10
3486,15,10,5,10,5,10,5,2,20,25,3,2
1553,15,10,3,2,8,20,1,2,15,25,5,5
1301,15,10,1,5,12,20,1,10,20,25,1,2
1791,8,20,1,2,12,20,3,10,7,15,1,2
3603,8,10,5,5,5,10,1,2,20,25,1,2
3898,8,30,3,5,8,10,1,5,7,10,5,2
4201,3,30,3,2,12,15,5,2,15,15,5,2
122,3,20,5,10,8,15,3,10,15,15,5,5
2742,3,10,1,5,5,15,5,5,20,15,1,2
2114,8,20,1,10,12,15,5,2,7,10,3,10
3316,3,20,3,2,5,15,1,5,15,10,1,10
3622,8,30,3,10,12,15,1,2,20,15,1,2
3160,8,10,1,5,12,10,3,2,7,15,3,10
2390,3,10,3,2,8,10,3,2,7,10,3,10
1941,8,30,5,5,5,10,3,10,15,25,1,10
1117,3,30,1,10,12,20,1,5,15,15,1,5
1781,8,20,5,10,12,20,3,2,7,25,3,2
1225,8,30,3,5,8,20,3,10,15,25,5,10
2653,3,30,1,10,8,20,1,5,7,15,3,2
1671,15,10,5,2,5,20,3,2,7,10,5,2
1906,8,30,5,2,8,10,1,2,7,10,3,2
2328,3,30,1,2,5,10,5,5,20,15,3,10
534,8,20,1,10,8,15,3,5,15,25,5,2
1709,15,20,3,5,12,15,3,5,15,10,1,10
2588,8,20,3,10,8,15,1,10,7,15,3,2
3072,15,10,3,2,8,15,3,10,7,10,5,10
2255,15,20,1,5,5,20,3,5,20,25,5,10
3847,8,30,5,2,5,10,3,10,20,10,3,5
2991,15,10,1,5,5,20,5,10,20,25,3,2
1462,8,10,5,2,8,15,1,5,15,15,1,10
2484,15,20,1,5,12,20,1,10,20,25,5,10
3881,3,10,1,10,5,15,5,2,7,10,1,5
865,8,30,5,5,5,15,1,2,7,25,5,10
1536,3,20,1,10,5,10,3,2,20,25,3,10
378,8,10,5,5,5,15,3,5,20,10,1,5
2770,8,20,1,5,8,20,5,2,7,10,3,10
1428,3,20,3,10,5,20,3,2,15,25,3,5
3778,8,20,3,10,5,15,1,10,7,25,5,10
3850,15,10,1,2,5,10,1,2,7,25,3,5
137,8,30,1,2,8,20,3,2,20,15,5,5
3205,15,10,1,10,5,10,3,5,15,15,1,2
3297,8,20,5,5,5,20,3,5,15,25,1,2
4126,3,10,1,10,8,15,1,2,7,25,3,5
3417,3,30,3,2,5,15,1,10,20,15,3,5
4417,8,30,3,10,5,10,1,2,15,10,3,2
915,3,10,3,5,8,20,5,10,15,10,1,5
2281,8,30,5,2,8,10,3,5,15,15,3,2
406,3,10,3,2,12,20,5,5,15,10,3,10
3948,15,20,5,5,5,20,3,10,15,25,5,5
574,15,10,5,10,12,20,3,5,7,25,3,2
427,3,10,5,2,12,10,1,5,15,25,3,10
2034,15,30,5,10,8,20,5,2,7,25,1,2
4979,8,10,5,5,8,15,3,10,20,15,1,10
2850,15,10,1,5,5,20,5,10,20,10,5,5
559,8,20,1,5,8,20,3,5,15,25,5,2
457,8,10,5,5,12,20,1,5,20,25,1,10
2178,15,30,1,5,5,15,1,10,20,15,5,10
1243,8,30,5,5,5,15,3,5,20,25,5,5
570,15,10,1,10,12,20,1,10,7,10,1,5
863,15,30,3,10,5,20,5,5,7,15,3,2
263,15,10,3,10,5,10,1,5,7,10,3,10
363,15,20,1,5,8,20,1,5,20,10,3,5
1372,3,10,1,2,8,20,5,5,7,25,3,10
512,8,20,1,5,12,20,3,2,20,10,3,5
3996,8,30,5,5,12,15,3,10,20,15,1,2
898,15,30,3,2,12,20,1,5,7,15,5,2
3230,8,30,1,5,5,10,5,2,20,10,1,10
3691,15,20,5,2,12,15,3,10,7,15,3,10
24,3,10,5,5,12,15,1,5,7,15,1,2
2764,8,30,1,2,8,20,5,10,7,15,5,2
1779,15,30,5,5,5,10,3,2,20,15,1,5
4244,3,30,1,5,12,10,5,5,15,10,5,2
4246,8,20,5,5,5,10,5,10,15,10,3,5
4735,15,30,5,2,12,15,1,10,20,25,3,2
4383,15,20,1,5,8,15,3,2,20,25,1,10
887,15,30,3,10,5,10,5,5,7,10,1,5
4149,15,30,5,5,8,15,5,10,20,10,5,2
4937,15,20,3,10,12,10,3,2,7,10,5,2
4721,3,20,5,10,5,10,1,2,15,10,5,2
4566,8,20,3,5,5,20,5,10,7,15,3,5
4622,8,20,5,2,5,10,1,2,15,15,5,5
3023,3,30,3,5,8,15,5,2,20,15,5,5
1588,15,10,5,2,5,15,3,5,20,10,1,5
4564,15,20,3,10,5,20,5,10,20,10,5,5
4266,15,20,5,10,5,15,3,10,15,25,3,2
520,15,20,3,5,5,10,1,10,20,15,3,10
4094,8,10,3,10,8,15,1,10,7,15,5,5
4000,3,10,1,2,12,20,5,10,15,10,3,2
325,15,30,5,10,8,20,5,2,7,15,3,10
3056,3,30,5,10,8,10,3,5,7,15,5,5
3350,15,30,5,5,5,15,1,5,15,25,5,10
1594,15,30,5,2,12,20,1,10,15,10,5,5
4499,15,30,1,2,12,10,1,5,15,15,1,10
2920,15,20,1,10,5,20,1,10,15,25,5,10
1282,15,10,1,10,12,10,5,10,15,10,1,5
453,8,10,3,10,12,10,1,10,7,10,3,10
3161,8,30,1,10,12,15,3,2,20,10,1,10
216,15,30,1,2,8,10,5,2,15,10,1,5
285,8,30,5,2,12,10,5,10,20,10,3,5
214,8,10,3,10,8,20,5,2,20,25,5,5
4966,3,10,5,5,12,15,5,10,20,10,3,2
3204,15,30,1,2,12,20,1,10,20,10,3,2
4074,8,20,1,10,12,15,5,5,15,10,5,2
3448,8,20,5,5,8,15,1,10,20,25,1,5
3861,15,10,3,5,8,20,5,5,7,10,3,2
3670,15,30,5,10,8,20,1,2,7,10,5,2
1927,8,20,5,10,5,10,1,2,15,25,5,5
4366,15,10,5,5,8,10,3,10,7,15,1,2
3729,3,10,5,5,12,15,3,5,15,25,5,2
603,3,30,5,2,12,10,5,5,15,25,5,5
2346,3,30,3,10,8,10,5,5,7,10,1,10
4968,15,10,3,5,5,20,1,10,15,10,1,10
3100,3,10,1,2,12,10,3,10,15,10,3,2
2786,8,20,1,5,12,15,3,2,7,15,5,10
2905,3,30,3,10,8,20,1,10,15,25,5,2
4668,8,10,3,5,8,10,1,10,7,15,1,10
1511,3,20,3,10,8,10,3,5,7,15,1,5
2717,3,10,3,5,8,20,5,5,7,15,3,2
2331,3,20,1,2,8,20,5,5,15,15,1,5
1959,15,20,1,10,8,15,5,5,20,25,5,10
701,8,20,3,5,5,10,5,2,20,10,5,2
68,3,20,1,10,8,15,1,5,7,15,3,2
1755,8,10,3,2,12,20,3,10,15,25,3,5
3404,3,30,3,2,8,10,1,5,20,10,3,2
3221,15,20,3,2,12,15,5,2,15,25,1,5
2020,3,30,1,5,5,10,3,5,15,15,1,5
4763,3,10,5,10,5,10,1,2,7,25,3,5
2803,8,10,5,5,12,10,5,5,15,15,3,10
3876,3,10,5,2,8,15,3,5,7,25,3,10
2046,8,10,5,10,12,15,1,5,20,25,1,5
284,15,30,3,10,8,20,1,2,20,15,5,2
4277,8,20,5,2,8,20,5,10,7,15,3,2
2760,8,10,3,10,5,10,3,10,20,15,1,10
954,15,30,1,5,8,10,3,2,7,10,3,10
1424,15,10,3,2,5,20,5,10,15,10,1,2
1695,3,30,5,10,12,15,1,5,7,10,5,10
2756,3,20,3,2,12,15,1,10,15,25,5,5
3796,3,10,1,2,8,20,3,5,7,25,5,5
4918,3,20,1,5,8,10,1,5,15,15,5,5
4213,3,10,1,2,5,15,1,2,20,10,5,10
4425,3,10,3,2,12,10,5,5,15,15,1,10
1011,8,30,3,5,5,15,1,5,15,10,3,10
2597,15,20,5,5,8,10,5,10,20,25,3,5
1540,3,20,1,2,12,10,5,10,15,15,3,5
2379,8,30,5,2,12,10,1,5,7,10,3,10
3142,3,20,5,2,5,15,3,2,7,15,3,10
2533,15,20,3,5,12,20,5,2,7,10,5,5
2005,15,10,5,2,5,15,5,5,7,25,1,2
3984,3,20,1,5,5,10,5,5,7,25,1,5
1394,8,20,1,10,12,10,3,2,7,10,5,2
128,3,10,3,2,5,10,1,10,7,25,1,10
3498,8,20,5,10,8,10,1,10,7,10,3,5
2499,3,20,5,5,12,10,3,10,15,15,1,5
2493,3,10,3,2,5,10,3,10,7,15,1,5
4900,15,10,1,5,8,15,3,10,7,15,1,5
607,3,10,3,10,12,20,3,5,7,25,1,5
4264,15,10,1,10,5,15,3,5,15,25,5,10
4330,8,10,5,2,8,15,3,5,20,25,5,10
4887,8,10,5,2,12,20,1,5,7,15,5,5
777,3,20,5,5,12,10,5,5,20,25,1,10
1385,15,10,3,2,12,10,3,2,7,15,3,10
3450,8,30,3,5,12,10,3,2,7,15,5,10
1296,3,20,3,10,5,10,1,2,20,10,5,2
2674,15,20,1,5,5,20,5,5,20,10,3,5
826,8,10,5,2,5,10,5,10,7,15,1,5
1468,3,30,5,5,5,20,3,5,7,10,3,2
932,8,30,3,10,5,10,5,2,15,10,1,2
1982,15,20,5,5,12,20,5,5,15,25,5,5
4320,3,30,1,10,8,20,3,5,15,15,1,10
3602,15,10,3,2,12,15,3,10,15,15,3,2
412,8,30,3,2,5,10,3,5,7,10,5,5
4783,3,20,3,2,8,20,1,2,20,10,1,5
3034,15,10,1,2,12,15,1,2,20,15,5,2
2976,8,30,1,2,5,10,5,2,20,25,3,5
2280,8,10,3,5,12,10,3,10,7,15,3,2
1377,15,30,5,10,12,10,3,2,20,25,3,10
610,15,20,1,5,8,15,3,2,15,25,5,2
3009,15,10,1,2,5,20,5,5,7,15,1,10
2409,8,10,1,10,12,15,1,10,7,25,1,2
1900,15,20,5,2,8,20,3,5,15,15,3,2
4268,15,30,5,2,12,15,5,5,15,25,3,10
1066,15,20,3,5,8,15,1,2,7,15,5,10
4778,3,20,3,2,5,10,1,2,15,15,5,5
1123,3,20,3,5,5,20,1,5,20,10,3,2
2768,8,10,3,2,12,10,5,2,20,10,1,2
939,8,30,5,10,12,10,3,5,20,25,5,2
2443,15,30,1,10,12,20,1,5,20,10,5,2
3524,3,10,1,10,12,10,5,5,7,10,3,2
147,8,10,1,10,5,10,3,10,15,15,5,10
2037,3,30,3,5,12,15,5,2,7,15,5,10
3346,15,20,3,2,5,15,3,2,20,25,5,10
4360,3,10,5,10,8,15,3,10,15,25,3,2
4762,8,10,3,10,8,15,1,5,20,15,3,5
997,8,20,5,10,8,20,5,2,7,25,1,5
236,3,30,5,10,8,15,5,5,20,10,1,2
2214,15,30,3,10,8,20,3,2,7,10,3,5
4427,8,10,5,2,5,15,5,2,7,15,1,10
1880,15,20,5,10,12,15,3,10,20,10,5,10
3492,8,10,3,5,8,10,1,2,7,25,3,10
4514,3,30,1,5,12,15,1,10,7,25,3,5
1609,8,10,5,10,8,10,3,5,7,15,3,5
3957,15,10,5,10,12,20,1,5,20,15,1,10
3467,8,10,3,10,8,20,3,2,20,15,5,10
4049,3,20,1,10,12,15,3,10,20,10,3,2
4915,3,10,3,10,12,10,3,10,20,25,3,5
1647,15,20,3,10,12,10,5,2,7,25,3,2
1943,3,10,3,2,12,20,5,10,20,10,1,5
3366,15,20,5,5,5,10,5,5,7,10,1,5
282,8,20,3,5,8,20,3,10,7,15,1,5
49,8,10,5,10,12,10,5,2,20,10,5,2
1547,15,10,1,10,5,15,1,10,7,15,5,5
4208,3,20,1,10,12,10,3,10,15,25,1,10
1335,15,30,1,2,12,15,5,2,15,15,5,10
2231,3,30,5,5,5,15,3,10,20,25,1,10
2804,3,30,3,10,12,20,3,5,15,25,3,2
2498,15,10,1,2,12,10,3,2,7,10,3,2
3599,15,10,1,2,12,20,1,10,15,10,5,2
30,3,30,5,2,8,10,1,2,7,25,3,2
4879,3,30,1,10,12,20,5,2,7,15,5,2
953,3,20,3,5,8,15,5,5,15,15,5,5
2587,3,20,1,10,12,10,3,2,15,25,1,5
2506,8,20,5,2,8,15,3,10,15,25,3,5
4860,3,30,5,2,5,20,5,5,20,10,1,5
2451,15,20,3,2,12,20,1,10,7,10,5,5
2681,3,20,3,10,5,20,5,10,15,25,3,2
3666,15,10,5,2,8,15,3,2,7,10,5,5
165,15,20,1,10,8,10,5,10,20,15,5,2
3972,3,10,1,10,5,20,1,5,7,10,3,5
1097,15,10,1,2,8,20,3,5,20,15,1,5
1925,15,30,3,10,8,10,3,2,15,15,3,10
1898,8,10,3,2,5,20,1,2,7,25,3,10
3011,8,20,5,5,5,20,1,5,15,15,1,10
418,15,30,3,10,5,10,5,10,20,15,1,5
1632,3,20,5,10,5,10,1,10,15,10,5,2
3127,3,20,3,10,12,10,5,5,20,25,1,10
1248,3,20,5,5,8,20,3,2,20,10,1,10
3419,15,20,5,10,5,10,3,5,15,25,3,2
1689,8,30,5,5,12,10,5,5,15,10,3,10
3043,15,20,1,10,12,15,5,2,15,10,1,2
849,8,20,5,10,12,20,1,10,15,25,3,10
52,8,10,3,10,8,20,5,10,7,10,5,10
1004,8,30,5,10,5,20,3,10,7,10,3,10
2706,15,20,1,10,5,15,1,5,15,10,5,10
1646,3,10,1,2,12,20,3,5,15,25,3,2
622,3,30,3,10,5,20,3,10,7,15,3,10
3422,15,20,3,2,8,20,1,5,15,25,1,10
3102,3,20,1,10,8,10,3,10,7,10,3,10
1472,8,30,3,5,5,15,3,5,7,15,5,10
1512,8,10,3,10,5,10,5,5,15,15,1,2
3411,15,20,1,5,12,20,3,5,7,25,1,10
2788,15,10,5,10,8,15,5,2,7,15,1,5
3859,8,20,1,2,5,10,5,5,20,15,1,2
2061,8,20,1,5,5,20,1,10,15,10,1,2
680,15,10,3,10,8,15,5,10,15,25,3,2
1194,8,20,5,10,8,15,5,2,7,25,5,10
1093,15,20,1,5,5,15,3,5,7,25,5,5
3217,15,10,3,10,5,20,1,5,15,25,1,5
2108,3,10,1,5,12,10,1,5,20,25,1,5
2739,3,20,5,5,8,15,1,5,7,15,1,10
1656,8,20,1,10,5,15,3,2,7,25,5,10
3123,15,10,3,2,12,15,3,2,15,10,1,10
2673,3,20,5,5,8,20,5,2,20,15,5,10
2030,3,10,5,5,5,20,1,10,20,25,1,10
3823,15,10,1,10,5,20,5,10,20,10,5,5
4756,15,30,1,5,8,20,5,5,7,15,3,2
4779,3,10,1,2,12,20,3,2,7,25,1,10
6,3,10,3,2,5,20,5,10,7,10,1,2
1905,8,20,1,5,12,15,5,2,20,10,3,10
4630,3,10,1,2,5,20,5,2,15,25,3,2
4563,8,20,1,2,8,15,3,5,15,10,5,5
508,3,30,3,5,12,20,3,10,15,25,5,5
4455,8,10,3,5,8,20,3,10,20,15,1,2
2190,15,20,3,5,12,20,3,2,15,10,1,10
901,3,20,5,10,8,20,5,5,15,10,3,2
2290,8,30,3,10,5,15,5,5,15,25,5,10
3735,15,10,1,5,12,10,5,2,20,15,1,2
1484,15,30,3,5,8,20,3,2,7,15,1,10
2387,8,10,3,5,12,20,1,5,15,15,5,5
627,3,10,3,2,8,15,5,2,7,15,1,2
3067,8,20,3,5,8,15,3,2,7,25,3,2
257,8,10,3,5,12,20,5,2,20,10,3,2
3578,15,30,3,2,5,20,3,10,20,10,5,2
1722,3,10,1,2,8,15,1,2,7,25,5,5
1584,15,30,1,10,5,15,1,10,7,25,5,2
36,3,30,5,2,12,20,5,5,7,15,1,5
3049,3,10,5,5,8,15,1,5,7,10,1,2
1199,8,30,5,2,5,10,1,5,7,10,1,2
2867,15,30,5,2,5,20,3,5,20,25,3,5
3265,15,30,5,2,8,20,5,10,20,15,3,5
3214,15,10,5,10,8,10,3,5,20,25,1,2
2078,8,30,5,2,12,15,3,5,20,10,1,10
604,15,30,1,5,5,15,5,2,15,15,3,10
1573,8,30,1,10,5,15,5,5,7,15,3,5
561,15,20,5,10,8,20,5,10,15,15,1,10
2583,15,30,5,10,8,10,3,10,15,25,1,10
1444,3,10,1,2,5,10,1,10,20,25,1,5
3992,8,10,1,5,12,20,1,2,15,15,1,5
4692,8,10,1,2,12,15,3,10,7,25,3,10
4248,3,20,5,5,8,20,1,10,15,25,1,5
2316,3,20,5,10,8,10,5,10,15,10,1,5
1970,8,10,5,10,12,10,5,10,15,25,5,2
1846,8,10,1,2,12,20,1,5,15,25,1,10
689,8,30,3,10,12,15,5,10,20,25,1,5
4146,15,20,3,2,8,15,5,10,20,10,3,5
2971,8,30,1,2,8,20,1,2,15,15,1,10
3842,15,20,3,10,5,20,1,5,7,15,3,2
468,15,30,5,5,8,20,1,2,20,25,5,2
1178,3,10,3,2,8,10,1,2,7,25,5,5
2408,8,10,1,5,8,15,1,2,7,25,3,10
4400,8,10,1,2,12,20,5,2,20,10,1,10
4450,15,10,1,2,8,15,5,2,20,25,5,5
466,3,20,3,10,5,15,1,5,15,25,1,2
1017,15,20,5,10,12,20,5,2,20,15,5,5
280,15,10,1,10,8,10,5,10,7,25,5,10
4202,8,30,5,5,8,10,1,5,20,15,1,10
1574,15,10,1,2,8,10,5,2,20,25,1,10
3036,15,10,1,2,12,15,1,10,7,25,3,5
4849,8,30,1,10,8,20,5,5,20,10,5,2
935,3,20,3,10,12,20,5,5,20,15,5,10
79,3,10,1,2,8,15,3,5,15,10,5,2
4154,3,30,1,10,5,15,1,5,15,25,3,5
725,15,30,1,10,12,15,5,10,15,15,3,5
4072,15,20,1,5,12,15,5,5,7,15,3,10
3327,15,20,5,10,8,15,5,2,20,15,3,5
2173,15,20,3,2,5,20,5,10,7,25,3,5
1839,15,30,3,10,8,20,5,5,20,10,3,5
4820,15,10,1,5,8,10,3,5,20,25,3,2
1466,15,30,5,2,5,10,3,5,7,15,1,2
4744,8,10,5,5,5,10,5,2,7,25,3,2
4964,15,20,3,5,12,15,3,5,15,10,1,5
2441,15,20,1,2,8,10,3,5,20,10,1,2
1169,15,30,5,5,12,20,5,5,7,25,1,10
1313,8,10,1,5,5,10,1,2,20,15,1,2
4901,15,30,5,5,5,10,3,10,7,10,3,2
3437,3,30,1,10,5,20,1,5,7,25,1,5
4917,15,30,3,2,8,10,1,10,20,10,5,5
3199,3,10,3,5,12,20,5,5,20,25,1,2
3464,8,20,1,5,8,20,5,5,20,10,3,10
4507,3,20,1,2,12,20,1,5,7,15,3,10
272,15,20,1,10,5,15,1,10,15,25,1,10
2730,15,10,5,5,8,15,3,10,20,15,3,2
473,15,30,5,10,8,15,1,2,20,25,1,2
2460,3,10,3,10,5,15,5,2,15,25,3,5
4391,3,10,3,5,8,15,1,5,15,10,5,5
2947,8,30,5,2,5,20,5,10,7,10,3,10
1634,15,20,5,10,5,10,3,10,15,10,1,10
3061,15,20,1,2,8,15,3,5,20,10,1,2
3728,3,30,1,5,5,20,5,10,7,25,1,2
613,15,10,5,5,12,20,1,10,15,15,1,5
160,8,10,3,2,12,15,5,2,7,10,3,10
1659,15,10,1,2,12,15,3,10,7,15,5,10
3690,3,30,3,2,8,20,5,5,15,10,5,5
4731,3,30,3,2,8,10,1,5,7,10,3,10
3066,15,10,5,2,12,20,3,10,15,10,3,2
1005,8,30,1,2,5,15,5,5,15,25,3,10
2477,8,20,3,5,5,20,5,2,15,15,5,2
3501,3,20,5,2,8,20,3,5,20,15,1,2
1987,8,30,3,5,8,20,3,10,7,10,1,10
104,15,10,3,5,12,10,5,10,7,25,3,10
4038,3,20,5,10,5,20,5,10,7,15,3,10
850,8,20,1,5,8,10,5,5,20,15,5,10
1495,3,30,1,5,8,10,5,10,7,15,3,5
740,8,30,3,5,5,10,3,10,15,10,3,5
2248,15,30,5,10,5,20,1,2,20,25,3,5
4957,8,20,1,10,12,20,5,10,7,25,3,10
1099,3,20,1,10,5,15,1,2,7,25,1,2
3435,15,20,1,10,8,15,1,10,15,15,1,2
1490,15,10,5,5,8,20,3,2,7,25,5,5
2067,3,20,1,10,12,10,3,10,20,25,3,5
3436,15,20,1,2,8,20,1,2,20,25,1,5
297,8,10,3,2,5,10,3,5,7,15,5,10
3359,8,10,1,5,5,20,5,10,7,15,1,10
4584,3,20,5,2,5,15,1,5,20,10,5,10
2785,15,10,1,2,8,15,1,10,7,15,3,5
2025,15,20,1,5,12,15,1,5,7,15,5,2
4116,3,20,1,5,12,10,1,5,20,25,3,2
2832,3,30,3,10,8,20,1,2,7,25,3,5
4198,3,20,5,2,12,10,3,2,20,15,3,10
3349,8,10,5,5,5,15,3,2,15,25,3,10
4846,8,30,3,5,5,10,5,5,15,15,3,10
2874,8,20,5,5,8,20,3,5,15,10,5,2
198,3,20,5,5,12,15,1,5,15,15,5,2
4646,15,20,3,10,5,10,5,2,7,10,5,2
3848,8,30,3,2,8,10,5,5,15,25,5,2
4902,8,30,1,2,8,10,1,2,20,15,1,2
4219,3,20,5,2,5,15,1,10,7,25,5,10
1174,15,30,3,5,12,20,1,10,15,15,1,10
4542,8,10,5,2,12,15,5,10,20,25,3,10
379,8,20,3,5,5,10,5,2,20,25,5,2
1051,8,10,1,5,5,10,3,2,20,15,3,2
2471,15,20,3,5,12,15,1,5,20,10,5,10
4041,3,10,3,2,8,15,1,10,15,25,3,2
4695,15,30,1,5,5,10,5,10,15,15,5,10
3476,8,10,3,10,8,15,5,10,20,10,5,2
848,15,20,3,2,8,20,3,2,15,25,3,2
4863,8,30,3,2,12,10,5,2,15,10,1,2
1501,8,20,1,5,12,15,5,5,20,25,5,10
3811,8,30,3,2,8,15,3,2,7,25,5,5
704,15,20,3,10,8,10,3,10,15,25,1,5
3608,8,20,1,5,5,20,5,10,20,25,1,10
2029,8,10,3,10,5,15,1,5,20,10,3,2
3137,3,20,5,10,8,10,5,5,20,15,3,5
2592,3,30,1,2,12,15,3,5,15,15,5,2
2618,3,20,3,5,12,20,1,5,7,25,1,5
1591,8,10,1,10,5,20,1,5,15,15,3,5
1107,3,10,5,10,12,15,3,10,15,15,3,10
268,15,20,1,2,12,20,3,5,20,15,3,2
1732,15,30,3,10,12,20,5,10,20,10,5,10
1002,3,10,5,2,8,20,3,10,7,15,1,2
907,8,10,5,5,8,10,5,2,15,25,1,5
4811,8,10,1,2,12,15,5,10,20,10,5,2
1120,3,20,3,5,5,15,3,2,7,25,5,5
1074,3,30,1,5,12,10,3,10,20,25,1,5
3839,15,10,3,2,12,20,3,2,7,25,5,5
3794,3,20,3,2,8,20,1,2,15,25,3,2
2161,15,20,5,5,8,20,3,10,15,15,1,5
2749,3,10,1,2,8,10,5,10,15,10,3,10
3517,3,10,5,2,12,15,5,2,20,10,3,10
4856,8,10,5,2,12,10,3,2,15,10,3,10
2062,15,30,1,2,8,15,3,5,7,10,5,2
1537,8,10,1,10,8,10,3,2,7,10,1,5
180,3,30,5,2,12,20,5,5,15,15,5,5
3430,8,30,1,5,12,10,3,5,15,25,1,10
3279,15,10,1,5,12,20,1,5,20,25,1,5
977,8,20,3,2,8,10,3,2,7,10,3,2
722,15,10,3,10,5,10,1,10,20,10,3,2
1270,8,20,5,5,12,20,3,2,7,15,5,2
650,8,20,1,5,12,10,1,2,15,15,3,5
1151,15,20,1,10,5,10,3,5,7,25,1,10
2495,15,30,5,10,8,10,1,2,20,25,5,10
1952,8,30,1,2,8,15,5,5,15,15,3,10
2375,15,30,1,5,5,15,1,5,20,10,5,2
1624,3,10,3,10,8,20,1,2,7,10,1,10
19,8,10,5,5,12,20,3,10,20,10,5,10
4157,8,20,1,5,12,15,3,10,15,25,1,5
4749,3,20,1,5,12,15,3,5,15,25,1,5
2074,15,10,3,5,8,10,3,10,7,25,1,5
4931,3,20,1,10,12,15,1,2,15,15,3,10
490,15,10,3,5,5,10,3,10,20,15,5,10
56,8,10,5,10,5,10,1,10,20,25,5,5
2170,8,30,5,10,12,20,1,2,20,15,1,5
4088,3,30,3,2,5,15,3,5,15,15,1,10
102,3,10,1,10,8,20,5,2,15,15,5,2
768,8,30,5,2,12,20,1,2,7,10,3,10
1592,15,30,1,2,5,15,5,10,7,10,3,10
3263,3,20,5,10,5,20,1,2,20,10,1,10
1857,8,30,1,2,8,10,5,10,20,15,5,2
2228,15,30,5,2,12,20,5,2,15,15,1,2
4941,3,30,1,10,5,20,3,5,20,15,5,10
1121,8,30,5,2,12,10,1,10,20,10,5,5
2309,8,20,1,5,12,15,3,2,20,15,1,10
205,8,10,3,5,5,20,3,2,20,15,1,5
2417,3,20,3,5,12,10,1,5,20,25,1,5
3506,3,10,1,2,12,15,3,2,7,15,5,10
4027,15,20,5,5,5,10,5,10,15,25,3,2
3213,3,10,3,5,8,20,1,10,7,25,3,5
1953,15,30,3,10,5,15,3,2,20,25,3,5
3183,8,20,3,5,8,15,5,10,20,25,5,10
1033,8,20,5,10,12,20,1,5,7,15,5,10
1421,15,20,1,2,12,10,1,2,20,25,3,10
623,15,30,5,10,5,10,1,5,15,10,3,2
93,15,30,5,2,12,10,1,10,7,10,5,2
2122,15,20,5,5,5,10,3,10,7,15,3,10
2205,3,30,3,10,8,10,5,10,15,15,1,10
1676,8,10,1,5,8,15,3,5,7,10,3,2
614,15,20,5,2,12,20,1,5,20,10,5,2
2678,15,30,3,10,8,15,3,2,15,25,3,10
1658,3,30,1,2,12,15,1,5,7,15,5,5
2861,3,10,1,5,12,10,5,2,20,15,5,10
2748,8,10,3,5,12,20,3,10,7,25,5,10
4437,3,10,1,10,8,20,5,5,7,15,3,2
2547,3,20,3,10,5,15,5,5,7,10,1,5
1218,3,30,3,5,5,15,3,5,15,25,5,2
1668,8,30,1,5,8,10,3,10,7,15,1,2
3088,3,10,3,2,8,20,3,2,15,10,5,2
696,15,30,3,10,12,20,3,10,20,25,5,5
975,3,30,1,2,5,10,1,2,7,25,5,10
3681,8,10,1,5,5,10,5,2,20,10,3,2
1219,8,30,1,10,8,15,5,10,7,15,5,5
4098,3,10,1,10,8,15,3,2,7,25,3,10
2961,15,20,3,5,8,20,5,10,20,10,3,10
113,15,20,5,5,12,10,3,5,7,15,1,5
3793,3,10,3,5,8,15,1,10,15,10,5,5
1500,8,20,3,5,8,10,1,10,20,15,5,5
597,3,10,5,10,5,20,3,10,15,10,3,5
273,3,20,1,2,5,20,1,10,20,10,5,2
2566,3,20,1,10,5,20,3,2,15,15,3,2
161,8,20,3,10,12,15,5,2,15,25,3,5
4301,8,10,1,5,12,20,1,5,15,15,5,10
743,8,30,1,5,12,15,1,2,20,25,3,2
4589,15,10,5,5,12,20,1,5,20,15,3,2
3544,8,10,3,5,5,20,5,10,20,15,3,10
856,8,10,5,2,5,15,5,10,20,25,5,2
525,8,30,5,5,8,15,5,5,7,25,3,2
3547,8,20,3,10,8,20,3,2,20,15,5,10
1962,15,10,3,10,5,10,5,10,15,15,1,10
3343,8,10,1,10,5,10,5,5,20,25,3,2
119,8,10,3,10,8,20,1,5,15,10,3,2
351,15,30,5,10,12,20,3,5,15,15,5,5
3383,15,10,5,2,5,10,3,10,20,25,5,10
1756,15,10,5,2,5,15,3,2,7,25,5,5
4861,15,30,1,10,5,20,5,10,20,15,3,10
750,15,20,1,10,8,10,1,5,15,25,3,2
3980,3,20,3,2,12,20,5,10,7,15,3,5
4056,3,20,5,5,8,15,5,2,7,15,5,5
544,3,30,1,2,8,15,3,5,15,25,1,2
2356,15,20,3,10,8,15,1,2,7,15,5,2
3768,15,30,5,10,8,20,1,10,7,15,3,5
4701,3,30,3,10,5,15,1,5,20,25,1,10
3369,8,30,1,5,12,15,5,2,20,25,1,10
4602,15,20,1,2,12,15,1,5,15,25,5,2
4127,15,10,5,10,8,10,5,10,20,15,1,5
3321,15,20,1,10,12,10,1,2,15,10,3,2
1212,8,10,5,10,12,20,5,10,15,25,3,10
3562,15,30,3,5,8,20,5,2,15,25,3,5
3058,15,20,3,10,12,20,1,2,7,25,3,2
3866,15,20,1,5,5,10,1,5,20,25,1,10
691,8,20,5,10,8,20,5,5,7,15,1,2
223,15,10,3,10,12,10,1,5,15,15,1,5
1688,15,30,3,5,12,10,1,5,7,10,5,2
3615,15,30,3,2,8,15,1,2,20,10,3,2
3836,3,10,1,2,12,20,1,2,20,25,1,2
1554,3,10,3,5,5,20,5,10,20,10,1,5
2263,3,30,1,2,5,10,3,2,20,10,3,2
3607,3,30,1,10,8,15,5,10,7,10,3,2
617,15,20,5,10,12,15,5,2,15,15,3,2
2930,8,10,3,5,5,10,1,5,20,10,3,10
4341,8,20,3,10,12,10,1,10,15,15,3,5
2862,8,30,1,5,5,15,3,10,7,15,3,5
1365,8,10,1,10,5,15,1,5,20,25,1,2
1414,15,20,3,5,12,20,5,5,20,10,1,2
3371,3,30,3,10,12,20,3,10,15,25,5,10
151,8,30,3,2,8,10,1,10,15,10,3,5
624,8,10,1,2,5,20,1,2,20,15,3,10
4855,3,30,1,10,5,15,1,10,15,10,3,5
1396,3,30,3,2,12,15,5,2,20,25,5,5
2110,3,30,3,2,12,10,1,2,15,10,5,5
3915,8,30,3,5,5,20,1,5,7,15,1,2
3019,8,30,3,2,12,10,5,5,15,10,3,2
772,15,20,5,10,8,10,3,2,15,10,5,5
2997,15,20,1,5,8,10,5,10,15,10,5,10
1231,3,10,3,2,12,15,5,10,7,25,3,10
1545,8,20,3,10,12,20,3,10,7,15,1,5
1460,3,30,1,2,8,10,1,2,20,15,3,10
2418,15,20,3,5,5,20,3,2,15,10,1,10
3726,15,10,1,2,5,15,5,5,20,15,3,5
2657,8,20,5,2,12,20,5,10,7,25,5,2
4942,3,30,1,10,12,15,1,2,20,10,5,5
2584,15,30,3,10,8,20,5,2,15,25,3,2
4906,3,30,5,10,5,15,1,10,15,25,1,10
2204,15,10,3,2,12,15,1,5,20,10,3,5
2560,3,20,5,5,8,15,1,2,20,25,3,10
3991,15,30,1,2,5,20,5,2,15,25,5,2
990,8,30,5,2,12,10,5,5,20,25,5,5
2820,15,20,3,10,12,15,5,10,20,15,3,2
4281,8,20,5,5,8,15,3,2,15,15,1,10
819,15,30,5,2,8,10,3,5,20,10,1,2
1309,3,20,3,5,8,10,5,5,15,25,1,10
2131,15,30,1,2,5,10,5,10,20,10,1,5
231,8,20,1,2,12,15,1,2,20,10,5,10
1562,8,10,1,10,5,15,5,2,7,15,5,5
2246,3,20,3,5,8,20,3,10,7,25,1,5
2931,15,10,3,10,12,10,5,2,15,10,1,5
127,15,30,3,10,8,20,5,10,7,25,1,10
806,3,10,3,5,5,10,5,5,15,15,5,2
820,3,10,3,10,5,20,3,10,20,10,5,5
114,3,20,3,2,5,10,5,10,20,15,5,2
361,8,10,3,10,8,10,5,5,7,25,1,5
3924,15,20,3,2,5,10,3,5,7,10,5,10
2896,8,30,3,2,8,20,5,5,15,10,1,10
2544,8,10,3,5,12,10,3,10,15,25,3,2
367,3,30,5,10,8,15,5,2,7,15,5,5
1769,15,20,5,5,8,20,5,2,7,25,1,10
2846,3,30,3,10,8,10,5,5,15,15,3,5
2152,8,10,3,5,5,10,1,5,20,25,5,10
436,8,10,3,5,5,20,1,2,7,15,5,2
852,15,20,3,2,12,20,5,10,20,25,1,2
2442,15,10,3,2,5,10,3,2,20,15,5,2
258,8,20,5,10,5,10,1,2,20,15,3,2
1043,8,20,1,5,8,10,3,2,15,25,3,2
3882,8,20,1,5,5,20,1,2,7,15,3,10
420,3,30,5,2,12,15,5,10,15,25,5,10
393,3,10,5,5,5,15,1,5,15,15,1,10
1235,15,10,1,2,12,15,1,10,7,10,1,2
287,8,10,5,10,8,10,1,2,7,25,1,2
3480,3,30,5,2,12,20,3,2,15,15,5,5
415,3,20,3,2,12,15,5,5,15,15,5,10
2134,8,30,1,5,5,20,1,5,20,15,3,2
4020,15,20,1,5,5,10,1,10,15,25,3,2
620,15,20,1,5,5,15,5,5,15,25,1,5
4773,15,20,1,10,8,10,1,5,15,15,1,5
437,15,20,5,5,12,15,5,2,20,25,3,5
1644,8,30,5,5,8,20,5,2,7,25,5,5
4828,15,10,5,5,12,10,1,10,7,10,3,10
1257,8,10,5,10,8,10,5,5,15,15,1,2
3238,8,30,3,10,12,10,5,2,15,25,3,2
4997,8,10,1,5,12,20,5,5,15,10,5,5
4063,8,30,1,10,8,10,1,2,20,25,3,10
88,8,10,3,5,5,10,5,5,15,10,1,5
3581,3,30,1,5,5,10,3,10,15,15,1,2
3064,8,20,5,2,8,15,1,10,20,15,1,5
749,3,30,5,5,5,15,3,10,20,10,3,10
1336,15,20,3,10,5,15,1,2,20,10,1,10
2195,8,30,1,5,8,15,1,2,15,10,5,2
808,8,10,5,2,8,20,5,2,7,25,1,10
4490,15,30,1,10,8,15,1,5,20,15,1,10
2275,8,10,1,5,12,10,5,10,15,15,3,2
3444,15,20,3,5,8,10,1,10,7,15,5,2
4430,3,10,3,2,5,20,1,5,15,10,5,5
86,8,30,3,10,8,15,1,5,20,25,5,2
444,15,30,1,5,5,10,3,10,7,25,3,5
4300,8,20,1,2,8,10,5,5,20,15,5,10
1112,8,10,3,2,12,10,5,5,20,15,5,5
1124,8,20,5,2,8,10,5,5,20,15,5,5
2456,3,30,1,5,8,15,1,5,20,25,3,5
4935,8,20,5,10,5,20,3,5,15,15,5,10
4786,15,30,3,10,12,20,3,2,15,25,3,5
1817,15,30,5,2,5,15,3,10,7,10,3,10
4632,3,10,5,5,12,20,5,5,20,15,3,10
1933,8,10,5,2,5,10,3,2,7,25,5,5
3977,8,10,5,2,12,10,5,2,20,10,3,5
2917,15,30,5,2,12,20,5,5,15,10,5,2
4222,3,30,1,5,12,10,5,5,7,15,5,10
4524,3,10,1,2,5,10,3,5,20,15,3,2
2355,15,20,5,5,12,15,3,10,15,15,3,2
528,3,20,1,5,8,10,5,5,15,10,1,5
4565,8,10,3,2,5,10,1,10,20,15,3,10
2313,3,30,1,5,8,15,1,10,7,15,3,10
3849,8,30,5,5,12,15,3,2,20,10,1,2
2487,15,10,5,10,8,20,3,10,7,10,5,2
1059,15,30,3,5,5,15,1,10,15,15,3,10
2021,3,20,5,2,5,20,3,5,20,15,1,10
176,8,10,1,2,5,20,3,2,7,15,1,2
4558,8,20,1,5,12,10,3,5,20,25,3,2
3133,3,20,3,5,5,15,3,10,15,15,3,10
4314,8,20,3,5,12,15,3,10,7,15,3,5
2693,3,20,3,5,12,15,1,2,15,25,3,2
1038,15,20,5,5,8,20,1,2,15,15,5,2
3374,3,20,5,10,5,10,5,2,20,15,3,2
1848,3,10,1,5,5,20,1,10,7,10,3,10
2221,15,20,5,10,12,20,1,5,7,25,5,2
20,15,20,5,5,12,10,1,5,15,25,1,10
3340,3,10,1,2,12,10,3,2,15,15,1,5
1332,3,30,3,10,5,15,3,2,7,15,1,2
4736,8,20,1,5,12,20,3,10,20,15,5,5
1399,3,10,3,5,8,20,1,5,15,10,3,10
1352,3,10,1,5,12,10,1,5,15,25,5,2
4823,15,10,1,2,8,10,1,5,15,10,3,5
3307,15,10,5,5,5,20,5,2,20,25,3,2
992,3,20,5,10,12,15,5,2,20,25,3,5
4822,15,20,5,10,8,10,3,2,7,25,5,10
1039,15,30,1,2,8,15,3,10,20,10,3,10
3231,8,20,1,2,12,20,5,10,7,15,5,5
3477,15,10,1,10,8,20,1,10,20,15,1,2
4421,3,30,3,2,5,20,3,5,15,25,5,5
4761,15,30,3,5,12,10,5,2,15,25,1,2
4959,3,30,1,5,8,10,5,5,7,25,1,2
3838,3,20,3,5,12,10,5,2,15,10,3,2
4568,3,20,3,2,12,15,5,10,20,25,1,2
3275,8,30,3,5,8,10,5,10,15,25,5,5
4311,15,20,3,2,5,20,3,5,15,10,1,2
1759,3,30,5,2,5,20,5,2,20,25,5,2
4955,15,20,5,5,5,15,1,2,15,15,3,2
665,15,10,1,10,8,15,1,2,7,15,1,10
4181,15,10,3,5,8,15,3,5,15,25,5,5
4777,15,30,1,2,5,10,1,5,15,10,1,2
1432,15,10,5,10,5,20,3,5,15,10,3,5
2117,8,30,1,2,8,20,1,5,15,10,1,2
727,8,20,1,2,12,20,5,2,7,10,5,10
3829,8,10,1,2,12,10,1,10,20,15,1,10
2919,15,20,3,5,12,10,5,2,20,25,1,5
1045,3,10,1,10,8,15,5,5,20,25,5,5
615,15,30,3,2,8,15,1,10,20,25,3,10
4795,3,20,3,5,8,10,1,5,20,25,1,2
3887,15,20,5,2,5,10,3,5,20,10,3,10
1306,15,10,3,2,8,15,1,2,20,25,5,5
154,3,10,1,2,8,10,5,5,7,25,1,2
3488,15,20,5,5,12,20,5,10,15,25,1,5
446,8,30,5,2,12,20,3,2,20,10,5,10
1878,3,10,3,10,5,20,1,5,15,10,5,5
773,15,10,3,2,12,15,1,2,20,15,5,2
770,15,30,5,2,5,15,3,5,20,25,1,10
145,3,20,5,2,5,10,5,2,20,25,1,5
648,8,30,1,10,5,10,3,5,7,25,1,10
4355,8,10,1,5,12,15,5,2,7,15,1,10
2401,3,30,5,2,5,10,3,2,20,15,1,2
2102,8,20,5,5,8,20,1,10,7,10,3,2
3629,8,20,3,2,5,20,1,2,20,25,5,2
4707,8,20,3,10,8,10,3,10,15,10,1,5
4853,8,30,3,10,12,10,3,2,15,10,3,2
3837,15,20,3,5,12,15,3,2,15,10,1,5
2377,3,30,5,10,8,10,5,10,7,15,1,10
117,8,10,3,2,12,15,5,2,15,10,5,5
4527,8,10,3,5,8,20,5,2,20,10,5,2
3632,15,10,1,5,8,15,1,5,7,25,3,2
723,15,10,5,5,8,15,1,2,7,25,5,5
2270,8,10,3,5,5,10,5,10,7,15,1,2
631,8,30,1,2,8,15,1,5,15,10,5,10
3341,8,30,1,2,5,10,5,5,20,10,3,10
402,8,10,1,2,12,20,5,10,7,10,5,5
3697,15,20,1,5,5,10,3,10,7,10,3,5
4252,3,20,5,10,12,15,3,2,20,10,3,2
628,8,20,3,10,8,10,1,10,20,10,3,5
2641,8,30,1,5,8,15,3,2,15,25,3,2
1924,15,20,3,2,5,10,1,2,7,15,5,5
4044,8,20,3,5,8,10,3,10,7,15,1,2
1928,8,30,5,5,8,20,5,10,15,10,1,5
2906,3,10,5,5,12,15,3,5,15,15,5,5
1997,8,10,1,2,5,15,5,2,15,10,3,10
1704,3,30,1,10,8,10,5,2,20,25,3,10
4729,8,10,5,5,8,10,1,5,7,10,1,2
937,3,30,1,5,8,10,5,10,15,10,3,5
3485,3,20,5,10,8,20,3,5,15,10,1,10
1909,15,20,1,10,5,10,5,2,7,10,3,5
2899,15,10,5,2,8,20,3,10,15,10,1,5
4830,3,10,3,2,5,15,3,2,7,15,1,5
1667,15,20,1,5,5,20,3,2,7,10,3,2
443,8,20,1,2,12,10,3,10,15,25,3,2
3499,3,20,5,2,12,10,5,5,7,25,3,2
3392,15,20,1,2,12,20,5,10,20,25,3,10
2095,15,10,1,5,5,15,1,2,20,10,3,2
4748,3,30,3,2,5,15,1,2,15,10,5,10
35,15,30,1,10,8,20,3,10,20,25,1,10
2663,3,10,1,10,8,15,1,2,7,15,5,10
336,3,20,1,10,12,20,3,5,20,15,3,2
4655,15,30,1,2,5,15,5,2,7,15,5,5
517,15,10,1,2,8,10,3,2,20,10,5,5
502,3,20,5,5,8,15,1,10,15,15,5,5
4484,15,20,5,10,12,20,1,2,20,10,1,10
4433,15,30,1,2,5,15,5,2,15,10,1,5
4148,3,10,5,5,8,15,3,10,20,15,1,5
175,3,20,3,5,12,15,3,5,20,10,1,2
3874,3,10,3,10,5,15,3,2,15,10,1,2
3931,3,20,3,10,12,20,1,2,7,25,5,5
523,3,20,5,5,5,15,5,2,7,25,5,5
2713,8,10,5,2,8,15,5,5,7,15,5,5
289,15,10,5,2,8,15,3,5,20,25,3,2
4292,8,30,5,2,5,20,3,5,15,25,5,2
1677,15,30,5,5,5,10,5,2,20,10,5,10
3579,15,10,1,5,5,20,1,10,20,10,3,5
4232,15,10,5,10,8,20,1,10,20,25,5,10
3487,3,30,3,10,12,10,3,5,20,10,1,2
3301,3,20,1,2,5,20,1,2,7,25,5,2
2133,3,30,3,2,12,10,5,10,7,25,3,2
2868,3,10,1,5,8,15,5,5,7,10,3,5
84,8,30,3,10,12,15,1,5,7,25,5,5
3039,15,30,3,2,8,20,3,2,20,15,5,10
1806,15,20,3,5,8,15,5,2,15,25,5,10
4802,8,20,5,2,5,20,3,10,15,15,5,5
3150,3,20,3,5,5,10,3,2,7,25,1,10
4688,3,30,1,5,12,10,3,5,20,15,5,5
4593,15,20,5,10,12,20,5,10,20,25,5,10
2590,3,10,5,5,5,20,5,5,15,25,1,2
4197,15,30,5,5,5,20,1,5,15,10,1,10
4676,8,20,1,10,8,15,3,5,20,25,1,5
2505,8,10,3,2,8,20,5,5,15,25,1,10
3795,8,20,5,2,8,10,3,5,15,15,3,10
4936,3,10,1,2,12,20,3,10,15,10,5,5
4877,3,10,1,10,8,10,5,5,20,10,1,2
3403,3,30,5,2,8,20,1,10,20,15,3,2
781,15,20,5,2,12,20,5,5,7,25,3,2
3268,15,10,3,5,5,15,3,2,15,10,1,5
1887,8,30,3,10,8,15,1,10,7,10,1,5
3475,3,10,1,2,12,10,5,5,7,25,5,5
1681,15,20,1,5,8,20,3,5,20,10,5,10
3445,15,10,1,10,12,10,3,10,15,10,5,2
2127,3,30,5,2,5,20,5,5,7,25,1,5
2724,15,20,5,10,5,15,5,5,7,15,1,10
75,15,30,3,2,5,10,1,5,20,10,1,2
1641,8,10,1,10,8,15,1,2,15,10,5,2
1803,8,20,1,2,8,15,1,5,20,10,5,10
2350,3,10,3,2,12,20,5,10,7,15,5,5
2088,3,10,3,5,5,10,5,2,15,25,3,2
4825,3,30,1,2,8,15,3,10,20,15,3,5
3325,8,30,1,10,5,15,1,2,20,25,3,5
4712,15,20,3,10,8,10,3,5,15,15,5,10
2765,3,10,5,10,12,10,1,10,20,15,5,10
227,8,30,1,10,12,15,1,2,7,15,1,10
2831,8,10,1,10,8,20,5,2,20,15,1,2
3570,8,30,5,10,12,20,1,5,20,15,1,2
3085,15,10,3,2,5,20,5,10,15,10,5,2
3894,3,10,5,2,8,10,1,5,20,10,1,2
1105,8,30,1,10,8,15,5,5,7,10,5,2
4502,15,30,5,5,8,10,1,2,7,10,3,2
1691,15,10,3,2,8,10,5,2,20,25,1,2
125,8,20,3,5,8,10,3,2,20,15,5,10
4672,8,20,5,5,12,20,1,2,7,25,3,10
4269,8,10,5,2,5,20,1,10,7,15,1,10
569,8,20,5,2,8,15,5,10,15,10,3,2
2978,3,30,3,10,12,15,5,2,20,15,3,2
2184,3,20,5,2,5,20,1,10,7,15,5,5
3014,8,20,5,2,12,20,5,10,15,25,1,2
3575,15,20,3,5,12,20,1,5,7,25,1,5
212,8,10,5,2,12,20,1,2,15,15,1,2
1234,15,10,1,2,8,20,1,10,15,15,5,10
4117,8,20,1,2,5,10,5,2,20,10,1,5
3225,15,10,5,10,12,15,5,10,15,10,1,2
4282,15,30,5,10,12,20,3,10,20,25,1,2
471,15,30,1,10,12,10,5,5,15,10,3,10
3295,3,10,3,2,12,15,1,5,15,15,5,10
491,15,30,1,5,5,20,5,10,15,25,3,10
832,3,10,3,10,12,20,1,2,15,25,5,2
1675,15,10,5,10,12,15,3,2,20,25,3,10
3835,15,10,1,2,5,10,3,2,7,25,1,10
3030,15,10,3,2,12,15,5,2,20,15,3,10
3918,15,20,1,10,8,20,1,10,7,25,3,2
817,8,20,1,10,12,20,1,10,15,25,1,5
3969,3,20,5,5,5,10,3,5,7,15,1,5
4273,3,30,1,5,12,10,1,5,7,10,5,5
3380,3,30,1,2,12,15,5,5,20,10,3,2
4745,3,10,3,2,12,10,5,2,20,10,3,5
775,3,30,1,2,8,15,5,5,15,15,1,10
511,15,20,5,2,5,15,3,5,20,25,3,5
4656,15,30,3,10,8,10,5,10,15,10,5,5
2057,15,20,5,2,12,15,3,5,15,15,5,2
1705,8,20,1,5,12,20,1,5,20,15,3,5
4272,8,20,5,10,8,20,1,2,15,15,3,10
2811,3,20,3,2,5,10,3,2,15,10,5,10
4448,8,10,1,10,5,20,1,2,20,10,1,5
2141,8,20,5,5,8,10,5,2,20,10,3,10
4278,8,20,5,5,12,20,5,10,20,25,5,10
2828,8,30,5,5,5,10,1,2,20,15,3,2
3946,15,30,3,2,12,15,1,2,20,15,1,5
2107,15,20,3,5,8,10,5,10,15,10,3,10
1560,3,20,1,10,8,15,5,2,20,15,5,10
255,3,10,5,2,5,10,3,5,20,10,5,2
39,3,10,5,2,5,15,1,10,15,25,5,10
1543,3,20,1,5,5,20,3,5,20,25,1,5
76,15,30,1,5,5,20,3,5,20,15,1,5
1748,8,10,5,10,8,20,1,2,7,25,5,10
562,3,30,1,5,12,20,5,5,20,25,5,5
4168,8,30,1,5,5,10,3,5,15,15,3,10
1692,8,10,1,2,12,10,1,5,20,10,1,2
3634,3,20,5,2,8,15,1,2,20,15,1,5
307,15,30,1,10,8,15,1,10,15,10,5,2
938,8,20,5,5,12,10,1,2,15,15,3,10
4058,8,30,5,10,5,15,3,2,20,15,3,5
4718,8,10,1,10,5,20,3,2,20,25,5,10
1832,8,10,5,5,12,10,1,10,20,10,1,2
1822,3,30,5,10,8,10,1,2,7,25,5,10
709,15,20,1,5,8,20,1,2,7,10,1,2
4231,3,20,5,2,8,15,1,10,7,25,5,10
1938,15,30,5,2,5,20,5,10,20,10,5,5
4235,15,10,1,2,8,10,1,10,15,15,1,5
4639,8,20,3,2,12,20,5,5,15,10,3,5
2690,8,30,3,10,5,15,5,2,20,25,1,2
3740,15,20,5,5,8,15,3,5,7,15,3,10
545,15,20,5,10,12,10,5,5,15,25,1,5
3138,15,20,3,2,8,20,5,2,15,15,1,5
4412,15,30,5,10,8,10,1,2,20,25,5,2
388,8,30,5,5,12,20,1,5,15,15,3,5
2671,3,30,3,5,12,20,3,2,7,15,1,2
1145,8,10,1,5,8,20,1,5,7,15,3,5
2766,8,10,3,5,12,20,1,2,20,10,5,5
2463,15,20,3,2,8,20,5,10,15,15,1,10
3807,3,30,3,5,5,15,3,2,20,15,3,2
2550,8,20,5,5,5,10,5,5,15,10,3,2
909,15,30,3,5,5,10,5,10,20,15,1,10
3703,8,30,5,10,8,10,1,2,20,15,5,2
3734,15,30,1,2,8,20,5,2,20,25,3,5
2224,8,10,5,2,12,15,5,5,20,25,3,10
693,15,10,1,5,8,20,3,5,20,10,3,10
1845,8,30,5,5,8,20,5,2,15,15,5,10
703,3,30,1,10,12,20,5,5,20,10,1,2
3171,8,20,3,10,12,10,3,5,7,15,5,2
3879,8,30,5,2,12,20,1,2,15,15,1,2
2810,3,10,3,5,8,15,3,2,20,10,5,10
4319,15,20,5,10,5,15,5,2,20,25,5,5
3269,15,20,1,2,12,10,1,10,15,25,3,10
2994,8,20,5,5,8,10,5,10,15,15,1,10
3789,3,20,5,10,12,15,5,5,7,10,3,5
4603,8,30,5,10,12,15,3,2,15,15,1,10
4434,3,30,5,5,5,10,5,10,20,25,1,10
1703,8,20,3,5,8,20,5,2,15,15,3,10
993,3,20,3,10,12,10,3,2,20,25,5,2
1001,8,10,1,10,5,20,3,5,15,15,5,2
4536,15,20,1,10,8,10,5,2,15,10,3,10
4640,8,30,3,2,5,15,3,10,20,10,5,5
3989,8,30,5,2,8,20,5,10,7,10,5,10
3899,3,20,1,5,5,20,5,2,15,10,1,2
1180,15,30,1,10,12,15,5,2,20,25,1,2
4120,15,20,5,10,5,15,1,5,20,10,1,5
3985,3,30,3,2,12,20,3,5,15,15,3,5
4113,8,10,3,2,5,10,5,10,20,25,1,2
3751,8,30,5,10,5,10,1,2,7,15,1,5
314,3,10,5,2,5,20,1,2,15,25,5,2
3121,3,30,3,5,12,15,1,2,7,10,1,5
323,8,30,3,2,5,10,1,2,15,25,3,10
2437,15,10,1,10,8,20,3,10,15,10,3,2
1531,3,30,5,2,8,15,1,2,20,25,3,5
3698,8,30,1,5,12,20,3,2,20,10,5,5
2462,15,20,5,2,5,15,5,5,20,10,1,2
1021,3,10,5,5,5,10,3,2,15,25,5,2
928,3,30,5,10,12,20,3,5,7,25,1,10
3091,3,10,1,5,12,10,1,2,20,25,5,10
2099,15,10,3,5,5,20,1,5,20,25,5,5
3655,15,30,1,5,8,20,1,5,20,25,1,5
1236,8,20,1,2,8,10,5,2,15,15,5,5
0,15,30,3,2,8,10,5,2,15,15,5,2
3303,8,10,1,5,5,15,1,2,20,10,3,2
2200,8,30,3,2,8,10,1,2,20,10,5,10
1300,3,30,3,10,5,15,5,2,7,15,5,2
1638,8,10,1,10,8,15,3,10,7,15,3,10
2642,3,30,5,10,12,20,5,10,15,25,3,5
2975,3,10,5,10,5,20,5,10,15,25,5,2
2530,3,10,5,10,8,20,3,10,7,10,1,2
1363,3,30,5,10,8,20,3,10,15,10,5,2
4987,3,20,5,2,12,10,5,2,20,25,5,5
144,15,20,3,5,5,15,3,2,7,15,1,5
921,3,30,5,5,8,10,3,5,20,25,3,10
1442,15,30,1,10,5,20,1,5,20,10,3,5
3970,8,20,5,5,12,10,3,5,7,15,5,5
3545,3,10,5,10,8,10,3,2,20,10,1,2
4284,3,20,1,2,12,15,3,10,7,10,5,10
4249,15,20,1,2,12,15,5,5,7,15,1,5
1513,8,20,5,10,8,15,3,10,20,25,1,10
4011,3,10,1,2,5,15,3,10,7,25,3,2
2325,3,20,3,10,8,20,5,5,7,25,1,5
4315,15,20,5,2,5,20,5,10,15,15,1,10
303,15,30,3,10,12,10,1,5,7,25,3,10
358,15,20,1,5,12,10,5,2,7,15,3,10
536,15,10,5,2,12,20,5,10,15,25,3,10
3233,8,10,5,2,8,20,1,10,20,10,1,5
2039,8,10,5,5,8,20,3,2,7,25,1,5
3251,15,10,3,10,5,10,1,5,20,25,3,2
752,3,30,5,2,8,20,5,5,7,25,3,10
365,15,20,3,2,8,10,1,5,15,25,5,10
221,15,10,1,5,12,15,5,5,15,10,3,5
1281,3,30,5,5,8,10,1,2,20,25,3,10
1561,15,20,5,10,5,15,1,10,20,15,5,10
4522,3,30,5,2,8,15,1,2,7,10,5,2
1507,15,30,1,10,8,15,3,10,15,15,1,5
1020,15,20,5,10,12,15,1,5,20,10,1,5
3642,3,10,3,10,12,15,3,5,20,25,3,5
853,15,30,1,10,5,15,5,5,7,15,5,10
4241,15,30,3,2,5,10,1,5,15,25,3,2
3707,8,30,3,10,5,10,1,2,15,10,5,5
261,3,20,1,2,5,20,5,5,7,15,5,5
4007,8,20,1,5,8,15,3,10,15,15,3,10
4513,8,10,5,10,8,20,3,10,15,15,5,5
1230,8,10,1,5,5,10,5,2,20,10,1,2
3040,8,20,5,2,12,15,1,10,20,15,3,10
731,8,30,1,2,5,20,3,5,15,15,3,5
4121,8,10,5,5,8,20,3,2,7,10,1,10
516,15,10,1,5,12,15,3,5,20,15,5,5
2090,3,10,3,10,12,10,5,2,20,25,3,10
3668,15,30,1,10,5,20,5,2,15,10,5,5
480,15,10,5,5,8,20,5,2,20,10,3,5
3184,8,10,1,10,8,10,5,5,20,25,5,2
2069,8,20,3,2,8,10,3,2,15,10,5,5
2050,8,10,1,10,12,10,3,10,20,15,1,5
3144,8,30,3,5,12,15,3,10,15,25,5,2
3132,8,20,5,10,8,10,3,10,7,15,3,10
2650,8,10,3,5,8,20,1,10,20,10,3,2
3304,8,30,1,5,12,10,5,2,15,15,3,10
4929,3,20,5,10,12,15,5,10,7,10,5,10
2884,3,30,5,10,8,20,5,5,15,10,1,5
1771,15,30,3,2,8,15,3,5,20,10,3,5
2688,8,10,5,10,5,15,1,2,7,10,5,10
4216,3,10,3,5,12,20,1,10,15,25,3,5
748,3,30,1,10,12,15,3,2,15,25,1,10
3385,15,30,5,5,8,10,3,10,7,10,1,5
265,3,20,1,2,8,10,5,2,7,25,5,2
4346,15,10,1,2,8,15,3,2,20,15,3,5
3512,15,10,5,2,12,15,1,10,7,25,1,10
1929,3,20,5,5,8,10,1,2,20,10,5,10
2918,8,10,5,10,5,10,3,2,7,15,3,10
4134,15,30,3,2,8,15,3,5,7,25,3,2
2009,3,30,5,10,5,20,3,10,15,25,3,10
4752,3,20,1,10,12,10,3,10,15,10,5,5
3502,3,30,1,5,12,20,3,5,15,25,5,5
4225,15,30,5,5,12,15,5,10,7,10,5,10
565,15,30,3,10,8,20,3,5,7,10,3,10
1279,15,20,3,5,8,15,1,10,15,10,1,5
4543,8,30,1,2,12,15,5,5,7,25,3,10
1527,8,10,3,5,5,10,5,10,20,10,1,5
1050,15,20,1,2,5,10,1,5,15,25,5,10
4209,3,10,1,5,12,20,1,2,15,15,1,5
2049,8,20,5,10,5,20,3,10,15,10,1,10
1858,8,10,3,5,8,10,3,5,7,15,1,10
679,8,30,5,5,12,15,1,5,15,15,1,10
1393,8,30,1,5,5,10,3,5,15,25,1,2
1034,15,20,3,10,12,15,1,10,20,15,3,10
1441,3,30,1,5,5,20,3,10,7,15,3,10
3284,3,30,1,5,12,15,5,5,15,10,5,10
1558,3,10,1,10,12,20,1,10,7,10,3,2
3098,15,20,3,2,5,15,3,10,7,10,3,5
2262,15,10,3,10,12,20,3,10,20,10,5,2
4608,15,10,5,5,5,20,5,2,15,15,5,5
1854,3,30,1,5,8,20,3,2,7,15,1,10
1085,3,30,3,10,5,10,3,10,7,10,1,2
1894,15,30,5,10,8,10,5,10,20,10,5,10
3638,8,10,1,5,8,15,1,10,7,25,3,10
964,15,20,1,5,12,20,3,2,15,25,5,5
1358,15,10,1,5,12,10,5,5,20,10,5,2
535,8,10,3,5,12,15,1,10,20,10,5,10
980,15,10,3,2,5,20,5,5,15,10,3,10
1403,15,10,5,2,12,20,5,10,7,10,1,10
2164,8,30,1,10,8,15,1,2,20,10,1,10
2515,3,30,1,10,5,15,3,10,15,10,1,10
2722,3,10,3,10,12,15,1,5,20,25,5,5
1883,8,30,3,2,5,10,5,10,20,15,1,10
4369,3,10,5,2,5,10,5,10,20,10,5,5
1687,15,30,5,5,8,15,3,2,20,15,3,5
1710,3,30,1,2,12,15,5,2,20,10,1,5
3832,15,20,5,5,8,10,5,2,7,15,1,10
721,15,10,3,5,12,20,1,10,15,10,3,10
66,15,20,5,5,8,15,5,5,20,10,1,2
3671,8,30,5,2,8,10,3,2,7,10,1,2
2776,15,30,5,10,12,10,5,2,7,15,5,2
2609,3,20,5,2,12,20,5,5,7,15,3,2
2616,15,10,1,10,5,15,1,5,20,10,3,5
2845,8,30,5,2,12,10,5,5,20,15,1,2
1487,15,10,3,10,12,15,5,5,20,25,5,2
4102,8,20,3,10,8,10,1,10,20,15,1,5
1829,15,10,1,5,5,20,5,5,20,10,3,5
1435,8,10,1,5,8,15,5,5,15,10,3,5
225,8,10,3,5,12,20,5,10,7,25,1,2
2223,8,30,5,10,5,10,1,2,15,10,5,10
840,3,20,3,2,5,20,5,2,15,15,5,5
2833,15,20,1,5,12,10,3,10,7,10,3,5
578,3,10,1,2,5,15,1,10,7,15,5,5
4279,3,10,3,5,5,10,1,5,15,10,5,5
4894,8,30,3,10,12,15,1,10,20,25,1,2
2821,15,30,5,10,8,10,1,5,15,15,3,10
1583,3,30,3,10,12,15,5,10,15,25,5,2
1655,3,20,5,10,8,20,5,5,15,10,1,2
4709,15,30,1,2,12,20,1,5,15,10,1,2
1842,8,20,1,2,5,15,3,10,15,10,3,5
2715,8,10,5,10,5,10,1,5,7,15,1,2
923,15,10,1,2,8,20,1,5,7,25,1,5
3118,3,10,1,5,12,10,1,5,7,10,5,2
1785,15,20,5,2,5,10,1,2,20,15,5,5
1607,8,20,3,10,12,10,3,10,7,15,1,2
1996,15,10,5,5,12,10,5,2,7,15,3,10
4457,3,30,3,5,12,15,1,5,20,25,1,5
4327,8,10,3,10,5,15,1,5,7,10,1,2
3078,15,10,5,10,5,20,5,5,20,10,3,5
1101,3,10,5,5,8,20,1,5,15,25,5,2
2042,8,10,1,2,8,15,5,10,20,15,5,2
3702,8,30,3,10,5,15,5,2,7,25,1,5
3551,3,20,5,2,8,15,5,10,7,25,5,10
2440,3,30,1,10,8,10,5,10,15,25,5,2
352,8,10,1,5,5,10,1,5,7,25,1,10
2453,15,10,1,2,12,15,3,5,15,10,3,2
2542,8,10,5,10,12,10,1,5,20,10,1,10
2743,3,10,5,10,8,20,1,10,7,10,1,2
2266,3,10,5,2,8,20,5,2,20,15,5,2
14,8,30,1,2,5,20,5,2,15,25,5,2
4189,15,30,3,2,8,20,1,10,20,15,5,5
1555,8,10,5,10,5,15,5,2,20,25,5,5
4193,15,30,1,5,8,10,1,10,7,25,1,5
4093,8,30,3,5,12,10,1,10,7,25,5,2
1783,3,30,1,5,8,20,5,2,15,25,5,2
3917,3,20,5,5,8,15,3,2,15,10,1,10
136,3,10,1,2,8,10,5,2,7,15,3,2
1697,15,30,3,10,8,15,5,10,15,10,3,2
2670,15,30,5,10,12,15,1,2,15,15,3,10
3577,15,10,5,5,8,15,3,10,15,10,3,5
779,8,20,5,5,5,20,3,5,15,10,1,10
4033,3,10,3,5,5,10,3,10,20,25,5,10
3232,8,30,1,2,8,20,5,10,15,10,5,10
1737,8,20,5,2,8,20,5,10,15,25,3,10
1589,8,10,3,5,12,10,5,2,20,15,3,2
3074,8,20,3,2,12,15,1,5,7,15,5,2
3647,3,10,5,5,5,10,1,5,15,15,1,2
3947,15,30,5,5,12,15,1,2,7,10,3,10
4535,3,20,1,2,8,10,1,10,7,10,1,2
2813,8,10,3,5,5,10,3,5,15,25,3,10
208,8,10,1,5,12,10,1,5,7,25,1,2
728,15,20,5,5,5,20,3,2,7,15,1,5
4401,15,20,1,10,12,20,1,10,20,25,5,10
956,8,10,1,10,5,10,3,2,15,15,1,5
4485,3,30,1,5,8,20,5,10,15,15,1,5
1412,3,20,3,2,8,15,3,5,15,10,1,5
2915,8,10,5,10,12,20,3,5,7,25,5,2
784,15,20,3,10,8,10,1,2,15,15,3,2
2939,8,10,1,5,12,10,5,5,20,25,1,2
4682,3,30,1,2,5,20,3,10,7,10,1,5
1603,3,30,5,10,12,15,3,2,7,10,5,5
4137,15,20,1,2,8,10,1,10,20,10,5,5
1030,3,20,3,2,5,20,1,2,15,25,5,2
1288,15,30,1,2,8,15,1,10,7,10,1,10
3262,8,30,1,2,5,20,3,2,20,25,5,5
3529,15,20,3,5,8,10,1,10,15,25,1,5
3472,15,20,5,2,12,20,1,5,15,25,3,10
449,8,20,5,2,12,20,3,5,20,10,1,5
70,8,20,1,2,12,15,1,10,7,25,5,5
2895,3,20,5,10,8,10,3,5,20,25,3,5
1802,8,20,5,5,8,10,3,2,7,25,3,5
1766,8,20,3,5,5,15,3,5,20,25,1,5
3190,15,10,5,2,8,10,3,10,20,25,1,2
823,3,10,5,5,5,10,3,10,15,25,5,10
350,3,20,3,10,5,10,3,2,7,10,3,5
751,3,10,3,2,12,10,1,5,20,15,3,2
3491,8,10,3,2,12,15,5,2,7,10,3,2
1975,3,10,5,5,8,10,3,2,20,15,1,5
107,8,20,1,10,8,20,3,2,20,15,3,5
2407,3,20,3,10,12,15,3,5,15,25,5,10
2758,3,30,1,5,12,10,5,10,20,15,1,2
3209,15,20,3,5,8,10,3,10,7,25,5,5
3724,3,30,5,5,8,10,1,5,20,15,3,5
2171,3,10,5,10,5,10,1,10,7,15,3,10
2898,15,30,1,2,5,20,3,2,20,25,5,5
4719,15,30,3,5,5,15,5,2,7,25,5,2
1447,15,30,3,10,12,15,5,10,20,25,3,10
4130,15,10,3,10,5,20,3,10,7,10,3,5
2510,8,10,3,2,12,10,3,5,20,25,3,10
1493,3,30,1,5,5,15,3,2,7,15,1,2
556,8,20,5,2,5,20,1,2,20,25,3,5
4408,3,30,5,10,8,20,5,2,15,15,3,10
4934,8,20,5,2,12,15,3,2,15,25,1,5
4229,15,30,3,2,12,15,1,2,15,25,3,5
3680,8,30,5,2,8,20,5,2,15,25,1,2
1055,3,20,5,10,5,15,3,5,20,10,5,2
4023,15,10,1,2,5,15,5,5,15,10,1,5
2226,3,20,3,2,12,10,5,2,20,25,1,10
2502,8,30,3,2,12,10,3,2,15,15,1,10
3505,15,10,3,2,8,20,3,5,20,10,5,5
2914,8,10,5,2,8,20,5,5,15,15,5,5
278,8,20,5,10,5,10,1,2,20,25,5,10
3180,15,30,3,2,5,20,3,2,15,15,3,10
4060,3,20,1,5,5,15,1,5,7,10,1,5
3705,3,10,3,5,12,20,5,5,15,25,1,5
1535,8,30,3,2,12,20,3,5,20,10,5,5
4801,15,10,1,2,8,10,5,5,7,25,5,2
1191,15,20,5,5,12,15,5,5,20,15,1,2
1931,8,30,5,10,12,10,5,2,7,10,3,5
2068,8,10,5,5,5,15,1,2,20,25,1,5
3999,8,20,3,5,8,15,1,5,15,15,1,5
2790,15,30,1,2,5,20,5,10,20,25,5,10
1384,15,30,5,2,5,15,5,2,15,25,5,2
1494,3,10,1,5,5,15,5,5,7,10,5,5
1522,15,20,3,10,5,15,1,5,20,15,5,10
4516,3,20,5,2,5,20,1,5,7,10,3,5
4302,15,20,1,5,5,15,1,5,7,10,1,5
1582,3,10,3,5,8,15,5,2,7,15,3,2
3500,15,30,3,10,5,10,1,2,15,15,1,2
4254,15,20,3,10,8,20,5,10,15,10,5,2
189,3,20,1,5,8,15,5,10,20,25,3,5
644,15,30,1,5,12,10,3,10,20,25,1,2
1133,8,20,3,5,5,15,3,5,15,25,5,10
1152,15,30,3,10,8,15,1,5,20,15,1,10
2662,15,20,1,10,8,10,3,5,20,15,3,5
3322,8,20,3,5,5,10,3,2,20,10,5,10
157,3,20,5,10,12,20,5,10,7,15,5,2
3541,15,20,1,10,8,20,3,5,7,25,5,2
2105,3,20,3,2,8,20,5,5,20,25,3,10
4708,15,30,1,2,8,20,3,10,20,25,1,2
2121,8,10,3,2,8,20,3,2,15,10,3,5
551,8,10,5,2,8,15,3,5,20,10,3,5
3952,3,30,3,2,8,15,5,5,7,25,5,2
1353,3,30,5,10,8,20,5,5,15,15,5,10
3298,8,20,1,2,12,10,1,2,20,15,5,10
3169,3,30,5,5,8,10,1,2,15,25,3,5
792,15,30,5,5,5,15,3,5,20,10,5,2
2759,15,10,3,2,12,10,3,5,20,10,1,5
1492,15,30,5,2,5,15,1,10,20,15,5,5
2545,8,10,5,2,5,15,3,5,20,10,1,5
4807,8,20,1,10,5,15,1,2,20,15,5,10
3473,15,20,1,10,12,10,3,10,15,25,3,10
2942,8,30,5,5,12,10,3,10,7,25,5,10
988,15,20,1,5,12,10,1,10,20,10,5,5
308,15,20,3,10,8,20,1,5,15,10,5,10
4186,15,20,1,10,8,20,3,5,20,25,5,5
2424,3,10,5,10,12,15,3,2,20,10,3,2
2747,8,20,5,2,5,10,3,5,15,10,1,10
4124,3,30,3,2,8,10,1,10,15,15,1,5
2097,15,20,5,2,12,10,1,10,20,15,1,5
1458,3,10,3,10,12,20,5,10,7,15,1,2
4136,15,20,3,10,8,10,3,10,7,15,3,10
702,8,20,1,5,8,20,1,2,20,10,3,5
4971,3,10,1,2,5,15,5,5,15,10,5,2
2936,3,10,5,5,8,10,3,5,15,10,3,5
2967,8,30,1,2,5,20,1,5,7,25,5,10
4700,3,30,1,5,5,10,3,10,20,25,1,2
215,3,10,5,5,12,15,5,5,20,25,3,5
4837,15,20,5,2,8,15,5,5,15,10,5,5
2251,8,10,1,10,8,15,5,5,7,10,1,10
1627,15,20,3,5,8,15,3,2,20,25,3,10
4212,3,20,1,5,8,20,1,5,7,15,5,5
1942,3,20,5,10,5,15,1,5,15,10,1,5
3461,15,30,1,5,12,15,1,2,7,15,1,2
4912,3,30,1,10,12,15,5,2,7,10,1,10
134,15,30,3,2,12,10,5,2,20,10,3,2
4592,15,10,5,2,5,20,1,10,20,15,3,10
2675,15,10,5,5,8,10,1,2,7,15,1,2
2783,15,10,3,10,12,20,3,10,15,15,3,2
3912,8,20,5,10,8,20,1,10,7,10,3,10
1086,3,20,5,5,8,20,3,2,15,10,3,10
2658,3,30,1,5,12,20,5,10,15,10,1,2
3601,15,30,1,2,5,15,5,2,7,15,1,10
3803,8,30,3,5,12,20,3,5,7,25,5,10
4545,8,20,1,5,8,15,3,2,20,25,3,2
4910,3,10,3,10,8,15,1,10,15,10,5,5
2735,8,30,1,10,12,20,1,2,7,10,5,10
805,15,20,5,2,12,20,3,10,15,10,5,2
2933,3,30,3,5,5,15,5,5,7,15,1,2
571,3,30,5,2,5,20,3,5,15,15,1,5
63,8,10,1,10,12,10,3,5,20,15,5,2
4043,8,20,3,10,5,10,1,2,15,15,1,5
661,8,20,1,10,12,20,1,2,7,15,5,10
1528,3,10,1,10,5,20,5,5,7,15,1,5
717,3,30,1,5,8,10,5,10,20,25,3,5
69,8,30,1,2,5,15,3,5,15,10,1,2
2825,15,30,1,5,12,10,5,2,20,15,3,10
4118,8,10,5,5,12,15,3,10,15,15,3,5
1523,15,20,1,5,5,20,1,10,20,25,3,10
4348,8,10,1,2,12,15,1,2,15,15,5,2
801,3,20,5,10,12,15,5,10,20,10,5,10
1940,15,30,5,2,5,20,1,10,20,10,3,10
1958,8,10,5,5,12,10,1,10,20,10,3,10
4582,15,30,1,2,12,10,5,10,20,10,3,5
1524,8,30,3,2,8,10,3,10,15,15,1,10
1950,8,30,3,10,5,10,5,2,20,10,5,2
2892,15,30,1,5,12,20,1,10,20,25,3,10
1201,15,10,5,2,8,10,3,10,15,25,3,5
1450,8,30,1,10,12,15,3,5,7,15,5,10
766,15,10,1,5,8,10,1,5,15,10,3,2
957,8,10,3,5,5,15,5,5,7,25,5,5
3062,8,10,3,10,8,15,5,10,20,15,5,2
2875,8,10,5,5,5,20,5,5,15,10,1,2
1307,15,20,3,2,12,10,1,5,20,25,3,10
4062,8,10,1,5,5,10,5,5,15,15,3,10
3744,3,20,5,10,8,20,5,10,20,25,5,10
4459,3,20,3,5,5,15,5,10,15,10,5,5
645,8,10,1,5,12,10,3,2,15,25,3,5
4940,8,30,3,10,12,20,1,10,15,10,3,10
3676,15,30,3,10,8,15,1,5,7,10,5,5
1485,3,30,3,2,5,10,3,2,7,10,1,2
219,3,20,1,5,5,20,1,5,7,15,5,10
4022,3,10,3,5,5,15,1,2,15,10,3,10
3211,8,10,5,5,8,15,1,10,15,10,5,2
2782,15,30,5,5,8,20,1,10,7,10,5,5
948,8,10,1,5,8,15,3,10,15,25,3,5
672,8,10,1,10,5,10,5,5,15,25,1,2
2075,3,30,5,2,5,10,5,2,7,10,3,2
192,15,20,3,10,12,15,5,2,15,25,1,5
1111,15,30,5,10,8,10,3,5,20,25,5,2
686,3,10,5,10,8,10,1,10,15,15,5,2
3660,3,20,3,2,5,15,5,2,20,10,3,10
1530,8,30,3,2,5,10,3,10,15,10,1,2
4447,15,20,5,2,5,10,5,2,20,25,3,10
575,3,20,3,5,5,10,5,2,15,25,5,2
922,8,20,3,10,8,20,3,10,15,15,5,5
2016,8,10,1,10,12,15,3,2,20,15,1,2
2268,3,30,3,10,5,10,3,5,7,15,1,5
2370,15,30,5,10,8,20,1,5,7,15,5,10
4242,3,20,1,2,8,20,3,10,20,15,1,2
3336,8,10,3,5,5,20,5,2,20,25,5,5
2969,15,20,1,2,5,20,5,10,15,25,3,2
3117,8,30,1,5,12,15,5,2,15,10,1,2
4015,15,20,5,10,12,10,3,5,7,25,3,2
3858,3,10,5,2,5,10,5,10,20,10,1,10
3335,8,20,3,5,8,20,1,10,20,15,5,5
2501,8,20,3,10,5,15,1,5,15,15,5,5
322,8,20,5,5,12,20,5,5,7,10,5,10
4068,15,20,5,2,5,15,1,2,7,10,1,2
1405,15,10,1,5,5,15,1,10,15,15,5,10
567,8,30,5,10,12,15,1,5,7,25,3,5
1892,15,20,3,5,12,10,3,2,20,15,5,5
4984,15,20,3,2,8,15,1,2,7,10,5,5
3896,8,10,1,10,5,20,3,5,15,10,3,10
2516,15,10,5,10,8,15,5,5,15,25,3,5
1116,3,30,5,10,12,15,3,10,20,15,5,10
3532,15,10,5,2,8,20,5,10,7,25,1,2
1241,3,20,3,2,5,15,3,10,20,25,3,5
373,8,30,1,5,12,20,1,5,15,25,1,2
4362,15,20,3,5,5,20,5,10,15,10,3,10
183,15,30,3,10,5,15,1,5,15,15,1,2
1714,8,30,3,2,12,20,5,10,20,25,5,10
462,8,30,1,2,8,15,5,5,7,10,1,5
3565,15,20,5,2,8,15,1,5,15,25,5,2
2011,8,30,3,2,5,10,5,10,15,10,1,5
1149,15,30,1,5,8,15,3,10,7,25,1,10
397,15,10,5,10,8,20,5,10,7,15,1,10
2486,3,10,3,10,8,20,3,5,7,10,1,10
3667,3,10,3,2,5,10,1,2,20,25,5,10
1426,3,10,1,5,12,15,1,10,20,15,1,10
2665,15,10,1,10,8,15,1,10,15,15,5,2
2135,8,30,1,5,12,10,5,2,20,25,1,5
1473,15,20,1,10,12,20,3,10,15,10,5,2
4740,8,30,1,10,8,15,5,2,7,15,5,2
2492,15,30,3,2,5,15,3,2,20,25,3,2
1910,8,20,3,2,5,10,5,5,20,15,3,10
577,3,10,5,2,8,15,1,5,15,10,3,5
4297,8,30,1,5,8,15,5,5,15,25,5,5
3382,8,20,1,2,8,10,5,5,7,15,5,10
4864,15,10,5,2,8,10,1,2,20,15,5,2
1022,3,10,5,2,5,10,3,2,20,25,5,2
4014,15,10,3,10,5,10,3,2,7,25,1,10
583,3,30,1,2,12,20,3,2,15,15,1,10
2359,15,10,5,10,12,10,5,5,7,10,3,2
3162,15,10,1,10,12,10,3,5,15,25,1,5
2520,15,30,1,2,8,20,5,2,20,25,3,2
4694,15,20,5,10,12,20,3,2,15,25,5,2
1699,15,30,3,5,5,10,3,10,15,10,3,5
1261,3,30,5,5,5,15,1,2,20,10,1,5
503,15,20,5,10,8,20,5,10,15,10,1,10
3678,15,30,5,2,5,15,3,2,20,10,3,2
4078,3,20,1,2,12,10,3,5,20,15,1,10
2589,8,30,1,5,8,15,1,10,15,25,3,2
4085,8,10,1,5,8,20,1,10,15,25,3,2
2419,3,10,1,5,8,20,5,2,7,15,5,5
4429,3,20,5,10,5,15,1,5,7,10,5,10
3914,15,30,3,2,5,10,1,2,15,15,3,10
2358,15,30,1,2,12,15,3,5,20,15,1,5
2841,3,20,1,2,8,10,3,5,7,10,5,2
3038,3,20,1,2,8,20,1,5,15,25,3,2
334,8,30,5,5,5,20,1,2,7,15,1,10
1381,15,30,3,5,12,15,1,10,15,25,1,2
4614,3,30,3,10,5,10,1,2,15,10,1,10
4199,8,30,3,2,8,20,1,5,15,25,1,2
1968,3,30,3,5,5,10,5,5,7,25,5,2
4620,3,20,5,10,5,20,3,10,7,15,1,2
3377,3,20,3,2,5,20,3,2,15,15,3,10
933,3,30,1,2,5,15,5,5,7,15,3,5
3283,3,30,5,2,8,15,5,2,20,25,3,5
3095,8,10,5,10,5,20,1,10,7,10,3,2
241,3,20,3,5,8,10,1,10,20,25,3,5
4534,15,20,3,10,12,10,5,5,20,25,1,2
555,15,10,1,10,5,10,1,5,7,25,5,10
1269,3,10,1,5,8,20,5,2,15,10,5,2
51,3,20,3,2,12,20,5,10,15,25,3,5
148,8,20,1,2,12,10,5,5,20,10,3,2
1240,3,10,3,10,8,10,5,10,20,25,3,5
1669,3,10,1,5,5,10,5,2,15,15,5,10
2680,3,10,1,2,12,10,3,2,7,25,5,5
1616,15,10,1,5,5,10,3,5,7,25,1,2
201,8,20,1,5,5,20,3,10,20,10,1,5
3483,15,10,3,5,8,10,5,5,15,25,1,10
4493,3,10,1,5,5,15,3,10,7,10,3,5
3282,15,20,1,10,12,15,1,5,20,15,5,2
3942,3,30,3,5,12,15,3,2,7,25,5,5
426,3,20,1,5,5,15,5,5,20,25,5,2
1262,8,30,5,10,5,10,3,5,7,10,5,5
4916,3,10,1,10,5,10,5,5,15,10,1,2
3725,3,20,1,10,8,20,3,10,7,10,1,2
3716,8,10,3,2,12,15,1,2,7,15,3,5
1870,3,30,5,2,12,10,3,2,20,10,3,10
4530,8,10,1,10,12,10,5,2,20,25,1,5
4039,15,10,5,2,8,20,1,10,15,10,1,5
2517,15,10,3,10,5,10,1,5,20,15,3,2
3277,3,10,1,5,5,20,3,2,7,15,5,2
1148,3,10,1,5,8,15,5,5,7,15,1,10
3535,8,20,5,2,8,10,1,2,7,15,5,2
2142,15,30,3,2,12,15,5,2,15,10,5,5
106,3,10,3,5,12,15,1,2,7,10,3,2
4025,15,10,3,5,12,20,1,2,20,25,1,2
4424,3,30,3,5,5,20,5,2,15,25,3,5
485,3,10,5,5,8,10,1,5,15,15,1,10
2557,8,30,5,2,5,15,3,2,7,25,3,10
3890,3,20,1,5,8,15,5,5,20,10,1,5
1851,15,10,3,10,12,20,1,10,7,25,1,5
4296,8,20,5,5,12,15,3,2,7,10,1,10
4818,15,30,3,2,12,15,5,2,15,25,3,2
896,3,30,3,10,5,15,1,10,20,10,1,2
2902,8,30,1,5,8,15,5,10,15,10,3,2
4631,3,20,3,2,8,10,5,10,7,10,1,10
1946,3,10,3,10,12,10,1,10,20,15,5,5
3868,8,20,1,5,12,15,5,10,15,15,1,5
2707,3,20,1,5,12,15,3,10,20,25,5,2
4364,15,20,5,5,8,10,5,2,20,25,1,5
959,15,30,3,2,8,20,1,5,7,15,1,2
1060,3,10,1,10,8,15,5,10,7,25,5,5
2076,3,10,3,10,5,15,1,2,7,15,1,2
4854,15,30,1,5,12,15,3,10,15,10,3,10
711,15,30,3,10,5,10,3,5,7,10,3,5
2796,8,20,5,2,5,15,5,10,7,10,3,2
1859,3,30,5,2,5,10,1,5,20,10,5,10
2311,3,30,3,5,5,15,5,10,20,15,3,2
3234,8,30,1,10,12,10,1,10,7,25,3,2
3694,3,20,3,2,12,15,1,5,7,25,1,10
2926,8,10,1,5,12,10,5,10,7,25,1,2
1815,15,10,3,10,8,20,1,2,7,10,5,2
3637,3,10,5,5,8,20,5,10,20,15,1,5
4376,3,20,1,2,5,20,3,2,7,15,3,10
3935,3,30,3,2,12,20,5,2,7,15,5,5
1652,3,10,1,2,8,15,1,10,15,10,1,5
207,15,30,5,10,12,15,5,2,7,10,3,10
3206,8,20,1,10,8,10,3,5,7,25,5,10
824,3,20,5,10,12,10,5,10,7,25,5,5
2922,3,30,3,10,5,20,1,5,20,25,3,5
2848,8,10,5,2,5,20,3,10,15,15,5,5
3522,3,10,1,2,8,20,3,2,20,15,5,10
3292,8,30,5,2,8,20,1,2,15,15,1,2
3414,15,30,3,5,5,10,1,2,7,10,1,5
2965,8,30,1,2,5,20,3,2,15,25,3,5
859,8,20,5,10,8,20,3,2,7,15,1,5
1743,3,30,1,5,12,20,3,2,20,10,3,10
683,8,10,5,10,5,15,1,5,7,10,1,10
3964,8,30,1,2,5,20,3,10,7,10,5,2
3596,8,10,3,5,5,10,5,5,7,25,5,2
4898,8,10,3,2,8,15,5,5,20,15,5,10
952,8,20,1,10,8,15,5,5,20,10,5,5
3103,3,10,3,2,8,10,3,5,7,10,5,5
3412,8,10,5,5,5,10,5,5,15,15,3,2
2779,8,30,5,10,8,15,5,10,20,10,3,5
3153,3,20,5,5,5,20,5,5,7,10,3,5
3955,15,10,5,10,5,20,5,5,7,25,3,5
519,3,30,1,5,8,20,3,2,7,25,1,5
2461,15,20,3,5,12,20,3,10,15,10,5,5
2700,3,20,1,5,12,10,5,10,7,25,5,10
2227,3,10,1,2,5,15,1,5,15,15,3,2
4048,8,10,3,2,5,15,5,10,20,10,1,10
3717,8,20,1,10,12,20,5,10,20,15,3,5
4211,8,10,1,2,5,20,5,5,15,15,5,10
4538,8,10,3,10,8,15,5,2,20,25,5,10
4544,15,30,1,2,5,15,3,2,15,25,3,5
4370,15,30,5,10,5,15,1,10,15,25,1,2
2636,3,30,5,5,12,10,5,10,15,10,5,5
2014,8,30,5,5,12,15,1,10,15,15,5,5
1006,3,30,5,2,8,15,5,2,20,10,3,10
3662,3,30,5,10,5,15,3,2,7,10,5,5
2526,15,20,1,2,12,10,3,10,20,25,1,2
579,3,20,1,10,8,15,3,10,7,10,1,10
4155,8,10,5,10,8,20,3,2,15,10,5,2
2139,8,30,1,2,8,10,1,2,20,10,3,2
3276,3,10,5,10,12,10,1,10,15,15,5,2
3548,3,20,3,10,12,10,3,5,20,15,5,10
4349,3,20,3,2,12,20,5,5,20,25,1,2
62,15,30,3,10,5,15,1,2,15,25,5,10
4174,3,10,1,10,8,10,1,2,20,15,5,5
3855,3,20,5,10,12,20,1,2,15,25,3,2
1195,8,10,5,5,8,20,3,10,15,25,1,10
3640,15,20,3,5,12,20,1,2,7,15,1,5
1397,8,30,5,2,5,10,3,10,15,10,5,10
4407,15,10,5,5,12,20,5,10,15,25,1,5
1741,3,30,1,5,8,20,1,5,7,15,5,10
1013,3,10,3,5,12,15,3,2,20,25,5,5
2716,8,20,1,2,5,10,1,5,15,15,1,2
3787,3,10,1,2,5,20,1,2,7,15,5,2
4200,8,30,3,5,12,20,5,2,15,15,5,2
3471,8,20,3,10,5,15,1,2,20,10,3,5
3782,8,10,5,5,8,10,1,5,20,25,1,5
1340,3,10,5,2,8,15,5,10,15,15,3,5
920,15,20,5,5,8,10,5,10,7,10,5,2
3352,15,20,1,10,5,20,5,2,20,25,1,10
2795,3,20,1,2,12,20,1,5,15,10,5,5
736,15,20,3,5,12,15,1,10,20,25,5,5
3919,15,20,1,5,8,10,1,2,15,10,1,2
3452,8,20,3,5,8,15,5,5,7,25,1,10
428,3,20,1,10,8,20,1,2,15,10,5,5
4253,3,20,1,5,8,10,3,5,7,15,1,10
4183,3,20,5,10,12,20,5,2,15,25,3,2
4580,3,20,1,10,5,20,3,5,15,10,1,10
4435,15,20,1,2,8,15,3,10,7,10,5,5
380,8,10,3,2,12,20,1,5,15,25,1,10
294,8,10,3,2,5,15,1,5,15,15,1,2
1049,15,30,5,2,12,20,1,10,20,25,3,2
3592,3,20,5,10,5,10,1,5,7,10,3,10
4413,3,20,3,2,5,20,1,5,7,15,1,2
4404,15,30,5,2,8,15,3,10,7,10,3,2
492,3,30,5,5,5,15,5,10,15,15,3,2
372,8,20,3,5,5,10,3,5,7,10,5,2
1626,3,10,3,10,8,10,1,10,15,10,3,2
3550,3,30,3,2,12,10,1,5,20,15,5,10
864,8,30,5,5,12,10,1,5,15,25,3,5
3015,15,20,3,10,12,10,1,2,20,25,3,2
399,8,10,5,2,8,10,3,10,7,10,3,10
2469,8,30,5,5,8,20,1,2,15,10,5,5
2734,3,30,5,5,8,15,5,5,20,15,1,10
142,3,30,1,5,12,10,3,5,7,10,1,2
2822,3,10,3,5,12,20,3,5,7,15,1,2
1825,15,10,1,5,8,10,5,10,7,25,3,5
3,3,10,1,5,12,20,1,2,15,15,3,5
316,3,30,3,5,12,15,1,5,20,25,3,2
2773,8,20,3,2,8,10,1,5,15,25,1,2
1911,8,20,5,10,5,20,1,5,20,15,1,2
4392,3,20,5,10,8,15,1,2,7,25,3,2
1575,8,30,5,5,8,15,1,5,7,15,3,2
1237,8,30,1,5,5,10,5,2,7,15,5,2
1947,8,30,5,2,12,20,5,2,20,25,1,5
3149,15,20,3,10,8,10,5,10,7,15,1,2
2364,15,30,3,10,8,20,1,2,20,15,3,10
1220,3,10,5,10,8,20,3,2,20,10,1,10
3136,8,30,3,10,12,20,5,2,7,25,3,10
899,3,10,1,2,5,15,5,5,15,25,3,2
746,15,20,3,2,5,10,1,2,7,10,1,10
4500,15,20,3,10,12,20,5,10,20,10,1,5
497,15,10,3,5,5,15,1,2,15,10,1,5
342,8,30,3,10,5,15,3,5,20,10,1,5
1657,8,30,5,2,12,20,3,10,15,15,1,10
547,8,10,3,10,5,20,3,2,20,25,3,2
732,8,20,3,10,5,10,5,10,20,15,3,10
3960,3,10,5,10,12,15,3,5,7,15,1,10
155,15,10,5,10,12,20,5,10,15,25,3,5
3093,8,10,5,10,5,15,1,2,15,10,5,5
1548,15,20,5,2,12,10,3,5,20,25,1,2
4021,8,30,3,5,5,20,1,5,7,25,5,10
217,3,30,3,10,8,10,1,5,15,25,1,5
646,3,10,5,10,8,20,1,10,7,15,1,5
4537,15,20,1,5,12,15,1,2,7,15,3,10
1198,15,10,5,10,5,15,5,5,7,10,1,5
4343,15,20,1,2,5,20,5,2,15,25,3,10
1886,8,20,3,2,8,15,5,10,20,15,5,2
2118,8,30,3,10,12,15,5,2,7,10,1,2
1416,3,20,5,10,5,15,5,2,20,10,1,2
1217,15,20,5,10,12,10,1,10,7,25,5,5
4529,8,30,3,10,5,20,5,5,20,10,5,10
172,8,30,3,2,12,15,3,5,15,15,3,2
1339,3,30,5,2,5,20,3,10,15,25,1,10
2282,15,10,5,10,12,20,5,2,20,25,3,10
4194,3,10,1,5,5,10,1,10,20,10,1,5
3628,8,30,3,5,12,15,3,2,7,10,5,2
4506,3,10,1,10,12,10,3,10,7,10,1,5
1355,8,20,1,2,5,10,5,5,15,15,1,5
1168,8,10,3,2,12,15,1,2,7,25,5,5
1041,8,30,1,10,8,15,5,2,7,15,1,10
3197,3,10,5,5,8,20,1,5,7,15,5,5
2402,15,30,3,10,5,10,1,5,20,10,5,10
1784,15,30,5,10,12,15,5,10,20,15,1,5
670,15,10,3,5,12,15,1,2,15,10,5,2
3496,15,10,3,10,5,15,3,10,7,10,3,5
1347,8,20,5,2,12,15,3,2,15,10,5,2
2624,15,30,1,2,8,10,3,10,15,15,1,2
3610,15,10,5,10,5,20,5,2,7,25,3,10
822,8,30,5,2,5,20,5,2,15,10,3,10
526,3,10,3,2,8,10,1,10,20,10,1,10
109,3,10,1,2,12,15,3,10,20,15,1,5
4982,8,10,3,5,12,10,1,5,7,10,5,5
2368,15,20,3,2,5,20,1,10,7,15,3,2
2644,15,20,5,2,8,20,5,2,20,10,3,5
2219,8,20,3,10,12,15,3,5,20,15,3,10
1539,8,30,3,5,12,15,3,2,7,25,3,5
2504,15,20,5,10,12,20,3,10,20,10,5,5
4394,3,20,5,5,5,20,5,10,20,25,5,5
3700,3,10,1,2,5,15,1,10,7,15,3,2
2035,15,10,3,5,12,10,3,5,7,25,3,2
2151,3,10,5,5,12,15,3,5,20,15,1,5
2488,15,30,5,5,12,15,1,2,15,25,5,10
4482,15,20,3,10,12,15,5,5,15,10,1,10
2500,8,10,1,5,8,15,3,5,15,25,1,5
2570,3,30,5,10,12,15,5,2,20,25,3,2
515,15,10,1,10,5,10,3,10,15,15,5,2
707,8,30,5,10,5,20,1,5,7,25,5,10
1268,15,10,3,5,8,15,3,10,15,15,3,10
310,15,20,5,10,8,20,1,5,20,15,1,2
4384,15,20,5,2,8,20,1,2,20,15,1,2
1299,3,30,5,5,12,20,5,5,20,15,3,10
1664,15,30,1,2,8,20,5,2,15,10,3,10
1481,15,20,5,5,8,15,3,2,20,15,5,5
3236,8,20,3,10,5,20,3,10,7,25,3,5
2172,15,20,1,5,12,10,5,2,20,25,3,2
4250,15,30,5,2,12,10,5,10,15,15,3,2
4133,15,10,5,2,5,10,5,5,20,15,1,5
835,8,10,3,2,8,15,3,10,7,10,1,5
2319,3,30,3,2,8,15,5,5,20,10,5,10
1673,15,30,1,5,12,10,3,10,7,25,1,2
2361,3,20,3,2,8,20,3,5,20,10,5,10
3289,15,30,1,2,8,20,5,2,15,15,3,2
3373,8,20,5,5,5,20,1,2,20,15,5,2
4995,8,10,5,2,12,10,1,5,7,15,1,10
3370,15,30,5,10,5,10,5,2,20,10,5,10
1103,8,30,5,2,8,15,1,2,7,10,5,2
4307,8,10,3,5,5,10,5,2,7,10,3,5
4519,15,30,5,2,8,20,1,10,15,15,1,10
4583,8,30,5,2,5,15,5,2,15,15,5,2
1937,3,20,5,5,5,10,3,10,15,15,3,10
3254,3,20,3,10,12,15,3,10,20,15,5,5
2577,8,10,1,2,12,10,5,5,7,25,3,5
4596,3,10,5,10,12,20,3,2,20,10,3,5
1742,3,20,3,10,5,10,1,10,15,25,3,2
2483,15,20,3,2,5,10,3,2,15,10,1,10
3334,8,10,3,5,12,10,5,2,20,10,5,10
2086,3,20,1,10,5,10,1,2,20,25,5,2
1774,8,20,3,2,5,10,1,2,20,25,5,5
3296,15,20,5,2,5,15,5,2,15,15,5,5
2950,15,30,1,2,5,20,5,10,15,10,1,10
3774,3,10,3,5,5,15,5,2,20,10,1,2
3482,3,30,1,10,5,10,3,2,15,10,5,10
1250,3,20,1,10,5,10,3,10,20,10,3,5
2551,8,30,3,2,5,15,1,2,7,10,3,5
973,8,30,3,2,5,20,1,2,20,10,1,5
660,3,20,3,2,5,20,5,5,7,15,3,10
209,15,30,1,2,5,10,3,2,15,15,1,10
4685,8,20,3,10,8,20,1,5,15,15,5,2
874,8,10,5,5,5,20,3,5,15,10,5,5
1305,8,10,5,2,8,20,5,2,15,15,5,2
4204,15,20,1,5,8,15,1,10,7,25,3,2
789,8,10,1,10,8,10,5,5,20,25,1,2
2691,15,10,1,5,8,10,5,10,7,25,5,5
3830,3,20,1,10,12,15,1,10,20,15,1,2
2111,3,20,1,10,8,10,1,2,7,15,5,2
2621,15,20,3,5,5,20,1,5,7,15,5,10
3557,3,10,3,2,5,10,3,2,15,15,3,10
3537,15,30,5,5,5,20,3,10,7,25,3,10
3156,3,10,1,10,12,10,5,5,15,25,5,5
463,3,20,1,2,5,10,5,5,20,15,5,5
4663,15,20,1,2,8,15,3,2,15,15,3,5
3397,8,10,3,5,5,15,5,2,7,10,3,10
1109,15,20,1,5,12,20,3,2,20,15,1,10
2033,8,10,3,2,12,10,1,2,7,10,1,10
4505,15,10,5,5,5,15,5,2,20,10,5,2
3801,15,20,5,10,8,20,5,5,15,10,3,2
2334,3,10,3,2,8,20,3,10,7,10,5,10
3804,15,30,1,2,12,15,1,2,20,15,1,2
1964,15,10,5,10,5,10,1,5,20,25,5,5
4069,15,20,3,10,8,20,3,5,15,25,1,2
2513,8,20,3,5,5,15,3,2,15,15,5,10
4283,8,20,3,10,8,15,5,5,7,25,3,10
1037,8,10,3,5,12,20,3,5,20,25,1,2
1965,8,20,1,10,8,10,3,2,7,25,3,2
3278,8,20,5,10,5,10,1,10,15,10,1,10
2206,15,10,5,5,5,10,3,5,7,15,5,5
3771,8,10,3,5,5,10,3,10,7,10,5,10
4691,8,30,3,2,5,20,5,10,20,15,1,2
1032,8,10,1,2,8,10,3,2,20,15,3,2
995,3,30,3,5,5,10,1,2,15,15,5,5
2306,8,30,3,10,8,10,1,10,15,15,1,5
1328,15,30,1,5,8,20,5,2,7,10,5,5
1081,3,20,3,2,8,20,1,10,15,25,5,2
2003,8,20,3,10,12,20,5,10,7,10,3,2
3469,3,20,3,5,12,15,5,5,7,15,3,5
1052,8,30,1,2,12,10,3,10,20,25,3,5
539,8,20,3,10,12,10,5,2,15,10,5,5
4097,8,10,3,2,5,10,3,5,15,15,3,2
3777,15,10,1,2,8,10,1,5,7,15,5,5
3752,3,30,5,10,8,15,5,10,7,10,5,2
599,15,10,5,5,5,20,5,2,15,15,1,5
139,3,30,5,2,12,20,1,10,15,25,5,2
3779,3,20,1,2,5,20,1,2,20,10,3,2
3094,8,30,5,10,5,10,1,5,15,10,5,2
4214,15,30,1,2,12,10,1,10,7,10,3,10
3376,15,20,3,5,5,15,3,2,20,15,1,2
3900,3,30,1,10,5,15,5,2,20,10,5,10
1569,8,30,1,10,12,15,3,10,7,15,1,2
12,3,20,3,5,5,20,5,2,15,10,1,10
3693,8,30,1,5,5,10,1,5,7,25,3,2
2126,15,20,3,10,8,15,5,5,7,15,3,5
1816,15,10,1,5,8,10,3,10,15,15,5,10
4999,8,20,5,10,5,20,1,5,7,10,3,2
4207,15,20,5,5,5,10,3,2,15,15,5,10
1922,8,20,5,2,8,20,1,10,7,25,1,2
563,8,10,5,5,5,15,5,10,20,15,3,2
1529,8,20,5,10,8,20,5,2,20,25,5,2
476,3,30,3,10,5,10,1,10,7,25,5,2
2989,15,10,5,10,8,15,5,5,15,15,1,5
3953,15,30,3,10,12,15,1,2,7,25,3,5
2301,8,30,5,10,5,15,1,10,15,15,1,10
1255,8,30,3,10,12,20,1,2,20,25,1,5
386,3,10,5,10,8,20,1,2,7,10,1,2
193,15,10,5,5,12,10,1,2,20,25,5,10
950,15,20,3,10,5,20,1,2,7,10,1,2
1764,8,20,3,2,12,15,3,5,20,15,5,5
927,3,30,3,10,12,15,3,2,15,10,3,10
4228,3,10,1,2,8,10,3,10,7,15,1,2
4679,15,10,3,10,12,20,5,2,7,15,3,10
4162,3,30,1,10,5,15,5,2,15,10,5,2
741,8,30,5,5,8,15,5,5,15,10,1,2
2027,3,20,1,10,12,20,1,5,7,25,3,10
3000,15,30,5,5,8,10,3,10,7,10,3,5
1812,8,30,1,2,5,10,5,2,15,10,3,5
4159,8,30,1,10,5,15,5,10,7,15,1,5
2986,3,20,3,2,12,15,3,5,7,15,3,2
2411,15,20,3,5,5,20,5,5,20,10,1,5
4002,15,10,3,2,8,20,3,5,7,25,1,2
2798,3,30,3,2,8,15,3,10,20,10,5,2
1244,15,10,1,2,5,20,1,10,15,25,1,5
4958,3,20,3,2,12,15,1,2,7,25,3,10
3194,15,10,5,10,5,20,5,10,15,10,1,10
4184,15,20,3,10,8,20,1,5,20,25,5,2
269,15,20,3,5,8,20,5,5,7,25,5,10
4342,15,20,5,5,12,20,3,5,20,10,5,5
541,8,10,3,10,12,15,5,10,20,25,5,10
3191,15,10,1,2,12,20,1,10,15,10,1,10
2055,3,10,5,5,5,20,3,5,20,15,5,10
1429,15,20,3,2,8,20,3,10,7,25,5,2
3242,3,20,3,10,12,20,3,5,7,25,5,2
951,15,20,5,5,8,15,1,10,20,25,3,5
729,3,10,1,2,12,10,1,2,15,15,3,5
4423,15,30,1,2,8,20,5,5,15,15,1,5
4683,8,10,5,2,8,10,1,5,20,15,5,2
4411,8,30,5,10,8,10,5,2,7,10,5,2
1772,8,30,3,5,8,20,3,5,15,10,1,2
2466,15,20,3,5,8,15,3,2,15,25,1,5
1475,3,30,3,5,8,10,1,2,15,25,5,5
2985,3,10,1,5,5,10,3,10,7,10,3,2
4481,8,20,1,5,5,15,3,5,7,25,1,10
1155,3,10,1,2,8,20,3,5,20,25,5,5
2817,15,30,3,2,12,20,5,10,15,25,1,10
1719,3,30,5,10,5,20,3,5,15,25,5,5
3465,3,30,5,5,5,15,3,5,20,10,3,5
244,8,10,3,2,8,10,1,10,20,10,5,5
23,8,10,3,10,8,10,5,10,15,25,3,5
3941,8,30,5,2,5,10,1,5,15,25,1,5
1630,8,30,3,5,12,10,3,5,20,15,3,10
72,15,20,3,5,12,20,1,5,20,15,1,2
3817,15,30,5,5,5,15,5,5,15,10,1,10
1775,8,20,3,5,5,20,5,2,15,10,1,10
960,3,10,5,2,5,15,5,5,7,15,5,2
1544,8,20,5,10,5,15,3,5,20,10,3,10
138,15,10,1,10,8,10,3,10,20,15,5,10
2568,3,10,1,5,5,15,5,2,7,25,5,2
4532,3,10,1,5,8,20,5,5,15,15,3,5
910,8,10,3,10,12,20,1,2,7,10,1,10
3951,15,30,1,10,12,20,5,2,15,15,1,2
3597,8,10,3,2,12,10,3,2,20,25,1,2
2982,15,20,5,10,12,15,3,5,20,25,1,5
1027,8,30,5,5,8,20,1,10,15,10,3,2
1919,3,10,5,2,12,20,3,10,20,15,3,2
1406,3,20,1,10,12,10,3,5,15,10,3,2
3375,3,10,3,2,12,10,5,2,15,25,3,2
3846,15,10,3,5,5,15,5,10,15,25,3,10
4052,3,20,5,10,5,10,1,5,15,15,3,10
2599,15,10,1,10,8,20,5,2,15,15,5,5
271,8,30,3,5,8,10,5,2,20,25,5,5
4271,3,30,1,5,5,15,3,5,7,25,1,10
560,3,10,3,5,5,15,3,2,7,25,5,2
4665,3,20,5,5,8,10,1,2,20,10,3,10
1862,3,10,1,10,8,15,1,2,20,10,1,2
4873,8,10,1,2,5,10,3,5,15,10,1,2
4730,3,30,3,5,12,10,5,10,7,10,1,10
2725,8,20,3,2,12,15,5,5,20,10,3,10
2981,8,30,5,2,8,15,1,2,15,15,1,5
1163,3,10,1,2,8,10,5,5,7,25,3,5
1254,8,30,1,2,5,10,3,5,7,15,3,2
687,15,10,3,10,12,20,3,5,20,10,5,5
2217,8,10,1,10,12,15,3,2,20,15,5,5
48,8,20,5,5,5,10,3,5,7,25,1,2
77,8,30,5,2,5,20,5,2,15,10,5,10
2017,3,20,1,10,12,10,1,2,15,15,3,10
739,15,20,5,2,12,20,1,5,7,15,5,2
2698,3,30,3,2,12,10,1,10,7,10,1,2
2999,3,10,3,5,8,15,1,2,20,10,1,10
3706,3,30,5,10,8,20,1,2,15,25,5,2
4651,15,20,1,2,8,15,3,2,7,25,5,5
4541,3,10,3,5,12,15,5,5,7,15,1,10
2360,3,30,3,5,12,10,5,2,7,10,1,10
2911,15,30,5,5,12,10,3,5,7,15,3,2
2710,15,20,1,10,5,10,1,10,7,10,3,5
163,8,10,5,10,12,20,3,5,15,15,1,10
2853,3,30,1,2,5,15,5,5,20,10,1,10
2679,8,30,1,2,8,20,1,10,7,25,5,5
1100,15,10,5,10,8,20,5,10,20,15,3,2
2277,15,10,3,10,5,15,3,5,7,10,1,2
3111,15,30,1,5,8,20,3,10,15,25,5,10
4872,15,20,3,10,12,20,3,2,20,10,1,2
1777,8,20,1,10,5,20,1,2,20,10,1,2
3244,15,30,5,5,12,20,3,2,7,10,1,10
1318,8,30,3,2,12,20,1,5,20,25,3,2
4223,8,20,1,5,5,15,3,2,15,10,3,2
3207,8,20,3,10,8,15,3,10,15,15,5,10
164,15,30,1,2,8,10,3,2,7,15,5,5
177,3,30,3,5,8,15,3,5,15,10,5,5
3897,3,20,5,10,5,20,3,5,15,25,3,10
3048,15,10,5,5,12,15,3,2,20,15,3,2
2179,8,10,5,5,8,15,5,2,20,25,5,2
4664,15,20,5,10,12,10,1,2,20,10,1,5
3124,3,30,5,10,8,20,3,10,15,10,1,10
3271,3,30,5,10,12,15,1,10,15,15,5,10
573,3,10,5,5,8,20,3,2,7,25,5,2
4817,3,20,3,2,8,10,1,2,7,15,3,5
1882,15,20,1,5,12,20,5,10,15,25,3,10
4131,8,30,3,5,8,20,1,5,20,10,5,5
4019,8,10,1,10,5,15,3,5,15,15,3,10
2307,15,30,3,10,8,15,1,5,20,15,1,2
1057,15,20,1,2,5,10,1,5,7,10,5,5
4410,8,30,1,5,8,20,3,2,7,15,3,5
4467,15,10,1,2,12,10,5,10,15,10,5,5
1541,8,30,5,2,12,10,5,10,7,10,1,10
966,15,20,5,10,12,15,5,10,7,15,1,10
239,3,10,1,2,12,10,5,2,15,25,1,2
2160,3,30,1,10,12,10,3,5,20,10,5,2
2071,15,20,5,5,12,15,3,2,15,15,1,5
4781,3,20,5,10,5,15,3,5,15,15,3,5
1095,15,20,5,10,8,15,5,5,15,10,3,2
4381,8,20,1,2,8,10,5,5,15,25,5,10
550,15,30,1,2,5,15,1,5,20,15,1,5
3174,3,10,1,2,8,10,3,2,20,10,1,2
46,15,10,5,2,8,20,3,10,7,25,1,10
4829,3,30,3,2,8,10,3,2,20,10,5,5
1702,15,20,5,2,12,10,3,2,20,15,5,5
340,15,20,1,2,5,15,1,2,15,15,3,5
4572,3,30,1,10,5,20,3,5,20,15,1,2
1811,3,10,3,2,12,15,1,5,7,10,1,5
4980,3,30,3,5,12,10,3,2,20,10,1,2
4356,3,20,1,2,8,15,3,10,20,10,1,5
458,8,10,3,2,8,10,1,2,20,25,3,10
3302,8,30,3,5,8,10,3,10,20,25,1,2
2366,3,20,1,5,8,15,3,5,15,25,5,5
4122,15,10,3,10,5,15,3,10,7,15,1,5
4667,8,20,1,5,5,15,3,2,15,10,5,2
1206,3,30,3,2,5,15,5,5,20,15,1,2
4973,8,30,5,5,12,15,3,2,20,15,1,5
4317,8,30,3,2,5,10,3,10,7,25,3,10
3674,15,10,5,5,5,10,5,5,15,25,3,2
2605,3,20,5,5,12,20,1,10,7,15,5,2
1884,15,10,3,5,12,10,1,2,20,15,1,5
4180,3,30,3,5,8,10,1,2,15,10,3,2
2153,3,30,3,5,12,15,3,10,20,10,3,2
2232,8,30,3,5,12,20,3,2,15,15,1,2
4962,15,20,1,10,12,15,5,2,20,15,5,5
3555,3,10,5,10,5,20,1,10,20,15,5,2
1514,3,30,3,5,5,15,1,5,15,25,3,2
2529,8,10,5,10,8,15,5,2,7,10,5,2
1390,8,10,1,5,5,10,3,10,7,10,3,10
3310,3,30,5,10,8,10,3,10,7,25,3,5
4055,15,10,5,10,12,15,1,10,15,15,3,5
4728,8,30,3,5,5,20,5,5,20,25,3,5
4575,15,10,1,10,12,15,3,2,15,15,1,2
4196,15,30,5,10,8,15,1,2,20,10,3,2
4173,15,30,3,5,12,20,1,10,15,25,1,10
3351,3,30,5,5,12,20,3,10,20,25,5,10
3134,8,30,3,5,5,10,3,10,7,15,1,2
460,8,20,1,5,5,15,3,2,15,10,3,10
2112,3,30,5,5,12,20,1,10,15,15,5,10
94,8,10,3,2,5,10,5,5,7,15,5,10
3862,15,10,3,5,5,15,1,10,20,10,3,5
1874,3,30,1,5,12,20,5,10,15,25,3,5
2966,8,10,3,10,12,20,5,2,7,10,1,2
64,3,10,3,10,8,10,1,2,20,10,3,5
2684,8,10,1,5,5,10,5,2,7,25,3,10
4951,3,30,1,10,8,15,3,2,7,15,5,10
803,15,30,3,2,5,15,1,2,15,15,3,10
904,3,20,3,5,12,15,3,2,15,10,1,5
2318,8,20,1,10,5,20,3,5,7,15,1,2
1618,8,20,3,2,5,20,5,5,15,15,3,2
1904,3,10,5,5,5,10,5,2,20,15,1,2
3764,8,20,5,2,5,20,3,10,7,15,3,2
882,3,30,3,2,8,15,3,2,15,10,1,10
1945,15,30,5,5,12,20,1,5,7,15,5,5
2162,3,30,3,10,8,10,1,10,15,15,3,10
3658,8,20,3,5,8,15,5,5,7,10,3,2
1264,3,20,1,2,12,15,3,5,7,25,1,2
1863,3,10,5,5,5,15,5,2,15,15,3,10
3651,8,30,5,5,12,10,5,2,7,15,5,10
3556,15,20,5,10,5,20,5,2,20,25,1,10
4132,15,10,3,2,5,10,3,10,7,10,5,5
1348,8,10,5,5,5,20,1,2,20,15,3,10
4016,3,30,3,5,12,20,3,10,20,15,3,2
2687,8,10,3,2,5,15,5,2,7,25,1,10
3864,15,10,3,10,5,10,5,5,20,25,1,2
4768,15,10,3,10,5,15,3,10,20,15,1,2
886,15,20,3,10,12,15,1,2,20,10,3,2
762,15,20,1,10,8,20,5,2,15,15,3,10
1790,3,30,3,5,5,15,3,10,20,15,5,2
1696,8,20,3,10,12,15,1,2,7,25,1,10
4143,3,20,3,5,5,10,3,5,7,25,5,10
716,15,30,5,2,8,10,1,5,15,10,1,5
3333,8,20,5,5,5,15,3,10,20,25,3,10
143,15,30,5,5,8,15,3,2,7,10,5,2
3115,8,10,5,2,8,10,1,5,7,10,3,5
1746,3,10,5,10,8,10,5,10,15,25,3,10
2858,15,10,5,10,12,20,5,2,20,25,5,10
3695,15,10,1,2,12,20,5,10,20,25,5,2
355,8,30,3,5,12,15,1,2,7,15,1,5
4172,8,20,1,10,5,10,3,2,7,25,5,5
2140,15,30,5,2,12,10,1,5,20,10,1,5
2439,3,10,1,10,8,10,1,10,7,15,3,2
1991,3,30,1,10,8,20,3,5,7,25,1,10
1010,15,10,5,5,8,15,5,2,20,25,3,10
464,15,10,5,10,8,10,3,5,7,15,5,2
3739,8,30,1,5,5,20,5,5,7,10,3,10
4185,3,30,1,10,8,15,1,2,15,10,3,5
3877,3,20,3,5,5,15,1,5,15,25,5,2
3971,8,10,1,2,8,20,5,5,15,25,1,5
3272,8,30,5,5,8,10,1,5,7,25,5,5
96,3,30,3,10,5,20,5,2,20,25,1,10
2084,15,20,1,2,5,15,3,10,15,10,1,5
2303,8,30,3,10,8,20,5,10,15,10,1,10
4144,3,20,1,5,5,20,5,5,15,10,1,2
398,8,10,5,10,5,15,3,5,15,15,5,5
4009,8,10,3,10,5,10,5,10,7,15,1,2
842,8,10,1,5,5,15,3,10,7,25,3,10
829,8,30,1,2,5,20,3,2,15,10,5,5
1760,8,20,5,10,8,15,1,10,7,15,5,2
4431,15,30,3,10,8,10,1,2,7,10,3,10
2701,8,10,3,5,8,20,3,2,15,15,3,5
1660,3,20,3,2,8,20,1,5,7,25,1,5
4101,15,30,3,5,12,10,3,2,7,15,1,10
2007,3,20,3,5,8,10,5,2,20,25,5,10
2617,3,30,1,5,5,20,3,2,15,15,5,5
2964,15,20,5,2,5,10,5,5,7,25,1,10
3507,3,30,5,2,12,15,3,10,7,25,5,5
647,3,30,5,5,8,10,5,2,20,10,3,2
2252,8,30,5,10,12,10,3,2,15,25,5,5
931,15,30,3,2,5,15,1,5,15,10,5,5
1693,15,30,5,5,12,10,1,5,20,25,1,10
169,15,10,5,10,12,10,5,2,7,15,1,2
4351,8,10,3,5,8,15,1,5,20,15,5,2
2572,3,20,5,10,12,10,5,5,20,25,5,10
4416,15,20,5,10,5,15,5,2,20,15,3,10
1054,15,10,5,5,8,10,1,2,15,15,5,5
3527,15,10,1,10,5,20,3,5,7,10,1,5
4165,3,30,1,5,8,10,1,2,15,25,5,2
187,15,30,1,5,12,20,1,5,7,10,5,5
4151,8,30,1,10,5,15,3,10,7,25,1,2
80,8,30,3,2,5,10,3,5,20,25,3,2
2649,8,30,5,5,5,10,3,10,20,15,1,2
4573,15,10,5,5,8,20,5,2,20,25,1,2
4619,15,30,3,2,8,15,3,5,20,15,1,10
4776,8,20,3,10,5,15,5,2,7,25,1,10
4890,8,20,1,10,5,15,3,5,15,25,3,10
1486,15,30,5,5,5,20,1,5,7,15,5,10
391,3,20,3,2,8,15,1,10,20,15,5,10
2400,3,30,3,5,5,20,5,10,7,25,5,5
2482,15,20,5,2,12,10,3,2,15,25,3,2
4675,15,30,3,10,12,15,1,5,15,15,3,5
1078,3,10,3,2,5,15,1,10,15,25,5,10
4597,3,30,1,10,12,20,5,5,20,25,1,2
4847,3,10,3,5,12,15,1,5,20,10,5,2
2556,15,10,1,10,8,20,5,5,20,25,3,5
2389,3,20,5,10,8,10,5,10,20,25,1,2
2990,3,30,3,5,8,10,5,5,15,10,1,5
116,15,20,3,10,8,10,3,2,20,25,3,10
713,15,20,3,5,5,20,5,10,20,15,5,5
4949,15,30,1,2,8,20,5,5,20,15,1,5
2236,3,20,5,5,12,15,5,5,7,15,5,2
3146,15,20,5,10,8,15,5,5,20,10,3,2
4267,8,30,3,10,5,15,1,5,20,10,1,10
474,8,10,3,2,5,10,5,10,7,15,3,10
1391,15,30,5,10,5,15,1,10,20,15,3,5
906,15,30,1,5,5,20,1,10,7,25,1,2
3176,15,20,3,10,12,20,1,10,20,15,5,2
1733,3,20,5,5,8,10,5,5,7,15,1,10
2410,15,20,5,5,5,20,1,10,20,25,5,2
1976,3,20,1,5,5,10,3,10,20,25,5,5
1813,8,10,5,2,8,20,3,2,7,25,3,10
1960,8,10,5,5,12,10,3,5,20,25,1,5
3329,8,30,1,5,8,20,5,5,7,15,3,10
3708,3,30,3,10,12,10,5,5,7,15,1,5
1961,3,20,5,2,8,10,5,10,15,25,5,5
4375,3,10,3,10,5,20,1,5,20,25,3,2
1008,3,20,3,10,5,15,1,10,7,15,3,5
3285,3,30,3,2,8,20,3,5,20,25,3,2
3954,8,30,1,10,8,10,5,5,20,25,1,5
4024,3,30,1,5,5,20,5,10,15,25,3,2
3806,3,30,1,2,12,20,1,2,15,25,3,2
1276,8,20,3,2,5,10,1,5,15,15,5,10
4903,8,10,3,5,8,15,5,5,20,25,3,5
2608,15,20,3,10,5,15,1,5,7,10,5,2
3949,15,30,3,10,8,20,1,2,15,10,5,10
4239,15,20,1,10,8,10,3,5,7,10,1,10
4787,8,20,1,10,8,20,3,2,15,15,3,10
4359,8,30,3,10,5,20,5,10,15,25,1,10
3943,8,10,3,5,8,10,5,5,7,10,3,10
595,3,30,1,5,12,15,1,10,15,10,3,5
4110,8,10,1,5,12,10,5,2,20,25,5,5
2952,8,10,5,2,5,10,1,5,20,10,1,10
2523,3,10,3,10,12,15,3,2,7,25,3,10
3416,8,10,1,5,8,10,1,10,15,10,5,10
3552,8,10,5,10,5,15,3,5,15,10,1,2
1165,15,20,1,2,8,15,5,10,7,25,3,5
724,3,30,1,2,5,15,5,2,15,15,3,2
42,15,20,3,10,5,20,3,2,7,10,5,10
2291,3,20,5,2,12,20,3,5,15,25,3,10
2654,15,30,1,10,8,15,5,5,15,15,3,5
2147,15,10,3,10,8,15,3,10,15,15,3,5
4308,3,10,1,10,5,15,5,2,7,25,1,5
2374,3,30,1,10,5,10,3,5,15,10,3,2
730,15,20,3,2,8,15,1,2,20,10,5,5
3870,8,30,5,10,12,10,5,2,7,10,1,10
3800,3,30,1,10,8,10,5,10,20,25,3,5
4659,15,20,1,5,5,20,3,5,20,25,5,2
387,15,30,5,5,8,20,1,10,15,25,3,2
4926,3,20,3,5,8,10,5,10,15,15,1,5
4324,15,30,5,10,8,20,5,2,7,15,3,5
2158,15,10,5,10,8,20,3,5,7,25,3,2
4339,15,10,3,2,5,15,3,10,15,10,1,2
868,3,30,5,10,8,10,5,5,7,15,3,10
4836,3,10,1,2,12,20,3,5,7,15,5,10
1552,8,10,5,5,8,20,3,10,20,10,3,5
3119,3,10,3,2,8,10,1,10,20,25,5,10
419,15,30,3,2,5,20,3,10,15,15,5,5
3561,8,10,1,5,8,10,3,2,15,15,5,10
4520,3,10,1,10,8,10,3,10,7,15,5,10
3747,8,20,5,2,12,10,1,2,20,15,5,2
3248,15,20,3,10,8,10,5,10,7,15,5,10
3193,15,10,5,10,8,20,3,5,7,25,3,10
3060,15,30,5,5,8,10,5,10,7,10,1,2
3720,8,10,5,2,5,15,5,2,20,25,3,2
1047,8,20,1,5,12,15,1,10,7,10,3,10
15,8,10,1,2,12,15,3,10,7,10,5,10
3998,3,30,5,10,5,20,3,10,7,10,3,10
3063,8,20,5,2,5,15,3,5,20,25,5,2
4259,8,30,1,2,12,10,3,10,20,25,1,5
771,15,20,3,5,12,20,1,10,20,25,5,2
1311,8,20,5,2,12,15,3,5,20,15,1,10
133,8,10,5,5,12,15,3,2,15,25,3,5
445,15,30,5,2,8,10,1,5,20,25,5,10
1489,3,10,3,10,5,15,1,5,15,15,1,2
4013,8,10,5,5,5,15,1,5,15,15,1,2
3626,3,20,3,10,5,10,3,2,15,15,5,10
3401,3,10,3,5,8,20,1,2,15,10,1,10
1171,3,10,1,5,8,20,3,5,15,25,5,5
900,3,10,3,10,12,20,1,5,15,25,3,10
2709,3,20,1,5,5,15,5,2,15,10,1,10
2323,15,10,3,10,8,10,3,5,15,25,5,5
3814,8,30,1,2,12,15,1,5,15,25,1,2
4090,15,10,3,2,8,15,5,10,20,15,3,5
275,3,20,3,5,5,20,1,10,20,15,5,2
279,8,20,3,2,12,10,1,5,20,10,5,2
78,8,30,1,10,5,10,1,10,7,15,3,2
4426,15,10,5,5,5,20,3,5,7,25,3,5
2066,15,10,1,2,5,15,5,2,20,25,5,5
1903,3,30,3,2,12,15,3,10,20,25,3,10
4674,15,30,3,5,12,15,5,10,20,10,5,2
2676,8,20,5,10,12,10,3,10,20,15,1,5
1556,8,30,5,5,8,20,1,10,15,25,1,2
2695,15,30,5,10,8,15,5,10,15,25,5,10
1208,3,20,1,2,12,10,5,5,15,15,5,5
2984,15,20,3,10,12,10,5,2,20,10,3,2
3684,15,20,3,10,12,15,5,2,7,25,1,2
1242,15,20,5,5,12,15,3,2,20,25,1,10
940,8,30,5,10,5,20,3,10,15,15,3,5
924,8,10,3,5,8,20,3,2,7,15,1,2
2372,15,10,1,2,8,10,3,2,20,15,5,5
450,3,20,1,10,12,10,3,2,7,15,1,2
202,15,30,3,2,12,10,1,5,20,15,3,2
2250,15,10,3,10,5,10,1,10,15,15,1,10
3950,3,10,3,10,8,10,3,2,7,25,5,2
618,8,30,5,10,8,20,3,2,20,15,3,10
2447,8,20,3,2,5,10,5,10,20,25,1,10
197,8,30,3,10,8,20,3,10,7,10,5,10
2799,15,10,1,2,5,15,5,2,15,15,1,2
2727,15,30,5,2,12,10,3,5,20,15,5,2
1333,3,30,3,5,8,10,5,10,20,10,1,5
2689,15,30,5,10,8,15,3,10,7,15,5,10
649,15,30,5,2,5,20,5,5,15,10,1,10
2450,8,10,3,5,8,10,5,2,15,15,5,10
769,15,30,1,5,8,20,5,10,7,25,1,10
1818,8,20,3,10,8,15,1,10,15,15,1,5
4851,15,10,1,10,8,20,1,5,20,25,5,5
3767,3,20,3,5,5,15,3,5,7,25,1,5
816,3,20,5,5,12,10,1,10,7,10,5,2
4135,8,30,5,5,12,15,5,5,7,15,5,5
1064,15,20,3,5,5,15,5,2,20,15,3,2
26,8,20,3,10,8,20,1,5,20,25,1,10
4243,15,20,3,2,8,10,3,2,20,25,1,10
1181,8,10,1,10,5,10,3,10,20,10,1,2
1190,15,20,1,2,5,20,3,10,20,15,1,5
3247,3,20,3,5,8,15,3,2,7,10,5,10
2808,8,20,1,5,5,20,3,10,7,15,3,2
3362,15,10,5,2,8,10,1,5,20,15,3,10
3588,3,30,1,5,8,20,5,10,7,10,1,2
3741,15,20,3,5,12,10,3,5,20,10,3,2
1809,3,20,1,10,5,10,3,2,15,10,3,2
1757,8,30,3,10,5,10,1,10,20,15,3,5
916,15,30,1,10,12,20,1,10,15,15,5,2
2631,15,20,5,10,8,15,1,2,7,15,5,2
4788,8,30,1,10,12,10,1,10,20,10,5,5
3722,8,10,5,2,5,10,3,10,15,15,3,10
2890,15,30,1,10,5,10,3,2,7,15,1,10
3495,3,30,3,2,12,15,5,5,15,10,3,5
1983,3,10,3,5,8,10,5,2,15,15,5,10
1143,3,10,5,2,8,20,5,5,7,25,5,10
735,8,20,1,10,5,20,1,2,20,10,1,10
3399,8,30,5,5,8,20,1,2,20,10,1,10
4641,15,20,3,2,5,10,1,5,20,10,3,10
4950,3,30,5,2,8,20,5,2,7,25,1,5
2900,8,20,5,2,8,10,1,2,15,15,5,2
4190,8,10,5,2,5,20,3,10,7,15,3,2
2210,8,30,1,10,8,10,1,5,20,15,1,10
1631,3,30,3,10,8,20,3,5,7,15,1,5
1342,8,10,3,10,12,15,3,5,20,25,1,5
1908,15,30,3,10,5,10,1,5,20,15,1,5
4139,15,30,1,5,12,15,3,5,15,25,5,10
2087,8,30,3,10,8,15,3,2,15,10,3,2
3981,8,20,5,10,5,20,1,5,15,10,5,5
1701,3,30,1,2,12,10,5,2,15,10,3,5
4595,15,10,1,10,8,10,5,5,20,15,3,10
4907,15,30,3,2,12,15,3,10,7,25,5,5
1359,8,30,5,10,5,20,5,10,20,25,5,5
326,15,30,5,5,8,15,1,2,7,15,5,2
501,15,10,3,10,8,10,1,2,15,10,1,10
2656,8,10,1,2,8,15,5,2,20,15,3,10
264,15,30,5,5,5,20,3,2,15,15,3,2
2326,8,10,3,2,12,15,5,5,7,10,1,5
3841,3,10,3,10,5,20,5,5,15,25,1,5
2780,15,10,5,10,5,15,1,2,15,10,1,10
3032,3,30,1,10,12,20,5,5,15,25,5,2
698,8,30,5,10,8,20,1,10,15,25,1,10
1617,8,30,3,5,5,15,1,10,15,15,1,10
836,8,10,1,5,12,15,5,2,7,15,1,2
854,3,30,3,5,5,20,5,2,20,15,1,10
130,3,30,3,10,5,15,3,5,7,15,3,2
4037,15,20,3,5,12,10,5,10,15,15,1,5
3126,3,30,1,10,12,10,5,10,20,15,3,10
1378,8,10,3,5,12,20,3,5,15,10,3,5
3347,3,10,3,10,8,20,5,5,15,15,3,2
489,3,30,3,5,12,20,1,5,7,25,1,5
4389,3,30,1,5,5,15,5,10,20,15,3,10
3669,15,10,5,5,5,10,1,10,15,10,1,10
1170,8,10,5,2,8,20,3,10,15,15,3,2
1028,3,10,1,5,12,15,1,5,7,10,5,10
65,8,10,5,2,8,10,5,2,15,15,5,5
3657,15,20,1,10,8,10,5,2,15,10,1,5
807,15,30,5,5,8,15,1,5,20,25,3,5
756,3,10,5,10,12,20,3,5,15,25,1,10
608,15,20,3,2,5,10,1,10,20,25,1,5
3406,15,20,3,5,12,10,1,10,20,25,3,10
3319,8,10,5,5,12,15,3,5,15,10,1,2
878,3,20,3,2,5,20,1,10,20,15,5,10
112,15,10,5,5,8,10,5,2,20,10,3,10
1749,3,30,1,5,8,15,1,2,7,10,5,2
4081,15,10,3,5,12,20,5,5,7,15,1,2
3641,8,20,3,5,5,15,3,10,20,10,5,5
754,3,20,1,2,8,15,5,10,7,25,5,2
2869,3,10,1,5,5,20,5,5,15,10,3,5
5,8,20,5,5,5,10,3,5,15,25,1,10
3005,15,20,1,5,8,20,5,2,7,10,5,2
3925,8,10,3,2,8,15,5,10,7,25,3,5
2209,3,30,3,5,5,20,5,5,20,10,5,10
4624,15,30,3,10,5,15,3,5,20,15,3,2
4206,8,10,5,10,5,20,5,2,7,25,1,5
3533,8,20,1,10,12,15,3,5,7,15,3,10
1649,15,10,1,10,12,15,3,5,15,15,5,10
4726,8,20,3,10,5,15,5,10,15,15,1,2
204,8,10,3,10,5,20,3,5,15,25,5,2
1849,3,10,3,10,12,15,1,10,15,15,3,10
2399,8,30,3,10,5,15,5,5,7,25,3,5
2777,3,10,5,5,5,15,5,10,20,10,3,2
2685,8,20,3,10,12,20,3,5,7,10,5,10
4503,15,20,1,5,5,20,1,5,20,10,5,10
4723,3,20,3,5,5,15,5,5,7,25,5,10
3873,8,10,1,2,8,15,1,5,20,25,5,2
156,3,30,5,5,8,15,5,5,7,15,3,5
2907,15,10,3,5,12,15,1,10,7,25,1,5
4178,15,20,5,2,5,10,3,5,15,25,5,10
4556,15,20,1,2,5,20,1,5,15,25,5,10
1914,8,10,3,2,12,20,3,10,7,15,1,2
999,8,30,5,2,5,15,3,10,15,25,5,5
831,8,10,1,10,8,20,1,2,20,15,1,2
1118,15,10,3,5,8,10,3,5,20,15,1,10
958,8,30,5,2,5,15,5,10,7,15,5,5
439,8,10,1,10,5,10,3,5,7,10,1,5
1736,8,10,5,2,5,10,3,2,7,15,5,2
4686,15,30,3,10,8,10,3,5,7,15,3,10
2737,3,30,5,2,5,15,5,10,15,15,5,10
3478,3,20,1,10,12,10,5,5,20,15,3,2
1349,15,20,3,10,5,20,1,2,20,15,5,10
4552,3,10,5,10,5,20,1,5,15,10,3,10
2602,3,20,3,2,5,15,5,10,20,10,1,10
3645,3,20,1,2,5,15,5,10,7,25,1,10
235,3,30,3,10,8,15,5,10,20,25,1,2
4977,3,20,5,10,8,15,5,2,15,25,5,10
3510,8,10,3,5,12,15,1,5,15,15,1,10
1727,3,10,5,2,8,10,1,2,20,25,1,5
2870,15,10,3,2,5,15,5,5,15,10,3,2
3253,15,20,3,2,8,20,3,2,15,10,5,5
3715,3,10,1,10,5,20,5,10,20,15,5,2
934,8,10,5,5,8,20,3,5,7,25,5,5
2514,15,30,3,2,12,10,3,2,15,15,5,10
1135,3,10,1,2,8,10,5,10,20,10,5,10
2395,8,20,5,10,5,20,3,5,7,15,5,2
1515,15,20,1,2,8,15,3,10,15,25,5,10
2315,15,30,5,5,8,20,5,10,15,15,1,10
3451,3,10,5,5,5,10,5,10,15,10,3,10
1831,15,10,5,10,8,20,1,5,7,25,1,10
2119,8,20,5,5,12,20,1,5,7,25,1,5
1303,8,20,3,5,8,15,5,10,20,15,1,10
4100,3,30,5,2,5,15,5,5,15,25,1,5
780,8,20,3,5,5,20,1,5,15,10,1,10
1840,3,10,5,10,5,10,5,5,15,10,5,5
1129,15,10,1,10,8,10,5,2,20,15,5,2
4420,8,10,5,5,8,20,5,2,7,15,3,10
1686,15,30,5,10,8,20,1,10,15,10,1,10
4087,8,10,1,10,5,10,3,5,20,10,3,10
1298,8,30,3,10,8,20,5,10,7,10,5,10
432,8,10,3,2,5,20,5,2,15,25,5,5
3845,8,20,3,10,5,15,1,2,20,25,3,2
4975,8,30,3,10,5,10,5,10,15,15,1,5
2302,15,30,3,2,5,20,1,5,15,10,1,2
2373,3,30,1,2,8,15,1,5,15,25,3,5
4618,8,10,1,2,5,15,3,5,20,10,3,2
1648,15,10,5,5,12,15,5,5,15,15,3,2
500,8,30,3,5,5,10,1,2,7,25,1,2
4053,15,30,3,2,5,10,3,10,20,25,3,2
2924,8,20,5,2,12,10,5,5,20,15,1,2
1098,8,20,5,2,5,15,5,10,20,25,1,5
4852,8,20,5,2,8,15,1,5,7,15,5,2
1438,15,20,5,5,5,20,5,10,7,15,3,10
4210,8,30,5,5,8,10,1,5,7,10,1,5
705,8,20,5,2,8,15,1,10,7,10,3,10
3454,15,10,1,5,12,15,5,5,7,15,5,2
3022,15,30,1,10,12,15,3,10,20,10,5,10
1800,15,10,1,5,12,15,5,10,20,10,5,5
4734,8,10,5,10,12,10,3,5,7,10,3,5
1482,15,20,3,10,12,10,3,5,20,25,1,5
4045,15,30,3,2,12,10,5,10,15,10,3,2
3470,3,10,1,10,12,15,5,10,15,10,5,10
4978,15,10,1,2,8,15,3,10,15,15,1,5
1717,8,20,3,10,8,15,5,2,7,15,1,5
3886,8,20,5,10,12,15,5,2,20,25,5,2
697,15,10,5,10,5,10,1,5,15,25,3,2
2806,8,30,5,5,8,15,5,5,7,25,1,2
3255,8,30,1,2,5,15,3,2,20,25,1,2
4521,15,10,3,5,5,15,3,5,20,10,1,10
4858,8,30,3,2,12,15,5,2,20,10,3,10
2559,15,30,5,10,5,10,1,2,20,10,5,10
2054,3,20,1,5,12,10,5,10,7,10,5,10
2496,3,30,3,2,12,15,1,2,20,15,3,5
3463,15,30,1,10,5,10,1,10,20,25,5,10
4031,15,10,5,5,8,10,1,10,7,10,5,5
3644,3,20,1,2,8,10,1,2,7,25,1,5
3834,3,20,5,5,8,15,1,10,15,25,3,2
4141,15,30,1,5,8,20,3,2,20,10,3,10
2987,3,20,3,5,8,10,3,10,20,10,5,2
167,3,20,3,2,5,15,5,2,20,25,5,2
1457,3,20,1,10,8,20,3,2,15,10,3,2
513,15,30,1,10,8,20,3,10,7,25,5,5
3188,15,10,3,10,8,15,1,5,7,25,1,5
1286,3,10,5,5,8,20,5,5,15,15,5,5
2349,8,10,3,5,8,20,1,10,20,10,5,5
228,15,10,5,2,5,15,5,2,15,15,1,2
2539,3,30,1,2,8,10,1,5,20,25,3,10
3357,3,10,3,10,8,15,5,5,15,10,1,2
3306,3,30,3,2,5,10,1,5,15,15,1,5
2929,8,30,1,5,8,10,5,2,7,10,5,5
3990,8,10,1,2,12,10,3,2,7,25,3,5
4218,8,10,5,2,5,10,5,2,20,25,1,5
4549,8,20,5,2,5,20,5,2,7,15,1,5
3907,3,30,1,10,5,20,3,2,20,25,1,2
3421,3,30,5,5,8,15,3,10,7,25,3,5
4380,15,10,5,5,8,10,3,5,20,15,3,10
3704,8,20,5,2,5,10,1,5,20,15,1,10
3604,3,30,5,5,12,15,5,5,7,15,5,2
1216,3,10,3,2,8,15,5,10,20,10,5,5
4334,8,10,5,2,8,10,5,5,20,25,5,10
4390,8,20,1,10,8,10,5,10,7,15,5,5
2949,15,10,5,2,12,15,1,5,20,25,3,5
376,15,30,3,2,5,15,1,5,15,10,1,10
4158,15,30,5,5,12,10,3,5,20,10,5,2
791,15,30,1,10,12,10,3,2,7,15,3,2
1314,8,30,1,10,8,20,1,2,15,25,5,5
3963,15,20,1,5,12,20,5,2,7,15,5,5
1776,8,10,3,5,12,10,1,5,15,15,5,5
2943,3,30,3,10,5,10,1,5,20,15,1,10
4451,15,10,3,2,12,15,3,10,20,10,3,10
3055,3,10,3,5,8,20,1,5,20,25,3,10
2449,15,10,3,5,5,10,1,10,20,10,1,2
186,15,20,3,2,5,15,3,5,7,15,5,5
4103,3,10,5,10,8,15,5,10,15,15,5,5
1271,8,30,1,5,12,10,5,2,15,25,3,5
3152,8,10,1,2,12,10,5,2,15,15,3,2
2913,3,10,3,2,5,15,5,10,7,25,3,10
1443,8,30,1,5,5,10,3,5,20,10,3,5
3338,8,30,1,2,12,10,3,2,20,10,1,10
4767,3,20,5,10,5,15,1,5,15,15,1,5
2186,8,10,3,10,5,20,3,2,7,15,1,5
3309,8,30,5,2,5,10,5,2,15,15,5,10
1678,15,10,1,10,8,10,1,2,7,10,3,2
506,8,20,5,10,8,10,5,2,15,25,5,2
2540,15,20,1,5,5,15,1,2,15,10,3,5
1456,3,10,3,5,12,20,5,5,7,25,5,2
4262,3,10,5,5,5,20,3,5,15,25,5,5
1510,8,10,3,10,12,20,3,10,15,15,1,10
2405,3,10,1,2,5,15,1,2,20,10,3,5
3528,15,20,5,2,8,20,5,5,7,10,1,2
3084,3,20,5,5,8,10,1,2,15,15,5,2
4029,3,20,3,10,5,10,1,2,20,15,1,5
666,8,10,5,5,12,20,3,10,7,10,5,10
531,15,30,5,2,12,20,3,10,20,10,5,10
2467,15,30,5,10,12,15,1,5,7,25,3,2
3906,3,20,1,10,12,10,5,5,7,10,5,2
2815,3,30,3,5,8,10,3,10,20,10,1,5
1138,8,20,1,2,8,15,1,2,7,10,3,10
2080,15,20,1,5,8,10,1,5,15,10,3,5
1720,3,10,1,2,12,10,5,2,7,15,1,10
2058,3,20,3,5,8,10,5,2,20,15,3,2
1679,8,30,5,5,8,20,5,2,20,25,3,10
1035,3,20,3,5,5,10,3,10,20,25,1,10
3474,3,20,1,10,12,15,3,10,15,25,1,2
4083,15,30,5,10,12,15,5,2,15,10,1,5
1290,15,10,3,5,5,20,5,2,20,10,3,2
2332,3,20,1,5,8,10,3,5,7,15,3,5
1420,15,30,5,10,12,15,3,2,7,15,1,5
1106,15,10,5,5,12,15,5,5,20,10,5,10
4661,15,20,5,2,5,10,3,5,20,25,5,5
1071,8,30,5,2,8,10,5,2,7,25,1,2
1157,3,30,5,10,5,15,1,10,15,15,5,5
2070,15,10,1,5,8,10,3,2,7,15,5,5
4797,15,20,3,10,12,15,3,5,7,25,3,5
2816,3,30,1,5,8,20,1,2,20,25,5,5
4715,3,10,1,10,8,10,5,10,20,10,5,2
4440,15,30,3,10,12,20,3,10,20,25,3,5
1711,8,20,3,10,12,10,5,5,15,10,1,5
2085,3,20,3,5,5,20,3,2,7,15,1,2
1770,8,30,5,5,12,20,1,5,7,15,3,5
3958,15,20,1,10,12,20,1,10,20,10,3,10
3438,8,20,5,5,12,15,3,5,20,10,1,2
4574,8,30,3,5,8,10,1,2,15,10,1,2
4998,15,10,1,5,5,20,5,10,20,10,1,5
4422,3,20,1,10,8,10,5,2,20,10,1,10
4705,8,20,1,2,12,10,3,2,20,15,5,5
1477,3,20,1,10,5,20,1,5,15,10,3,2
2196,15,30,3,5,5,10,5,10,7,25,5,10
441,3,10,5,5,5,15,5,10,15,15,3,2
1551,15,30,5,10,12,10,1,10,20,10,1,10
2479,15,20,3,10,5,15,1,5,20,10,5,2
1995,3,20,1,5,12,10,3,10,20,10,5,5
626,8,10,3,2,8,20,1,10,20,25,5,5
2683,3,20,3,2,5,15,3,5,15,10,5,10
2435,3,30,5,2,5,20,1,10,15,10,1,5
4084,3,20,1,10,12,15,1,5,20,15,1,2
639,15,20,1,10,5,20,1,5,20,10,5,10
2048,8,30,5,5,8,10,1,10,7,25,5,10
3721,8,20,5,2,5,20,3,2,15,15,1,10
4286,3,30,5,5,5,20,1,2,15,15,3,10
4261,8,10,1,2,5,10,1,5,20,10,1,10
2935,3,20,3,10,12,20,3,2,20,10,5,5
2098,15,20,5,2,12,20,1,5,20,10,3,5
2197,15,30,1,10,12,20,5,2,7,15,1,10
549,8,20,5,2,8,10,3,10,7,10,3,10
3649,15,20,3,2,8,20,5,5,20,10,3,10
4443,15,10,1,10,12,20,3,10,15,10,1,2
16,15,10,3,5,8,15,1,10,15,15,5,10
4747,15,10,3,5,8,20,5,5,15,15,5,5
3024,8,20,3,10,12,10,3,2,7,15,5,10
2977,8,30,1,10,12,15,3,2,20,25,3,2
1046,3,30,1,5,8,15,1,5,15,15,5,2
4099,3,10,3,2,12,20,5,10,7,15,5,10
477,15,10,3,5,8,10,3,5,7,25,1,2
1978,8,20,3,2,8,15,1,2,15,25,1,5
394,15,20,3,2,12,10,1,5,15,25,5,5
3490,15,30,1,2,5,20,5,5,20,15,5,10
2941,3,30,3,5,12,20,3,5,20,25,5,5
4466,3,30,3,10,5,20,3,5,20,10,1,2
3240,15,20,3,10,5,10,1,10,20,25,3,10
362,15,10,5,2,12,15,3,10,7,10,3,10
846,8,20,5,10,8,10,3,5,15,25,1,5
3664,3,30,1,5,8,20,5,2,7,15,5,10
2427,3,30,5,10,8,10,5,5,20,25,3,5
3363,15,10,1,2,8,20,1,10,15,15,3,2
1356,15,20,5,10,8,10,1,5,20,15,3,5
2006,15,20,5,5,12,15,3,5,15,25,1,5
1542,15,10,3,2,5,15,1,2,15,10,3,10
1744,3,10,3,10,12,20,5,2,7,10,1,5
633,8,30,1,10,8,15,5,10,20,25,1,5
389,3,20,5,5,8,15,3,2,15,10,3,2
4928,8,10,1,5,5,10,5,10,7,15,3,10
4884,8,30,5,2,5,15,3,2,15,15,1,10
804,15,30,1,2,12,10,5,2,15,10,1,2
3975,15,20,1,2,12,10,3,5,20,15,1,10
4270,3,10,1,2,5,10,3,10,7,10,1,5
890,3,10,5,5,12,15,1,5,15,25,5,10
4904,15,30,5,5,8,20,1,5,20,25,3,5
448,8,30,5,2,8,15,5,2,15,25,5,10
3227,15,10,1,5,5,10,3,2,7,15,5,10
677,8,20,3,2,8,15,1,2,7,25,1,2
3345,15,20,1,5,12,20,3,5,15,10,3,10
2169,15,20,5,10,5,15,3,2,20,10,5,2
2115,3,30,1,5,8,10,3,10,20,25,5,5
4227,15,20,1,5,8,15,5,10,15,15,3,10
2305,3,10,1,2,5,15,3,2,20,10,5,2
1025,3,30,3,5,8,20,3,5,20,15,5,10
4352,3,30,1,5,12,15,5,2,15,10,1,10
914,3,20,1,2,5,10,1,5,20,15,3,10
3661,8,30,3,2,5,15,1,5,7,25,5,2
4368,15,20,3,2,12,10,1,5,7,10,1,5
4224,8,30,3,2,12,20,5,5,7,25,5,10
2207,3,30,5,2,5,15,1,5,15,10,3,2
3696,3,10,3,10,12,15,3,5,20,15,1,10
2728,8,10,5,5,8,15,5,2,20,25,1,10
3086,15,30,3,10,12,10,1,5,20,25,1,10
1563,3,10,1,10,12,15,3,2,7,25,5,10
4175,15,30,1,10,12,15,5,2,7,10,3,10
259,15,30,5,5,8,10,3,10,20,25,1,5
3609,8,10,5,5,5,10,1,5,15,25,1,10
2079,15,20,5,2,12,20,3,10,15,10,3,2
643,8,30,5,2,12,20,3,5,20,25,1,2
99,8,20,1,10,5,20,5,10,15,15,1,10
277,8,10,3,10,5,20,3,10,7,15,5,5
2341,15,10,3,2,8,20,1,10,20,25,1,5
438,3,20,3,10,5,10,5,5,7,15,5,2
1608,8,20,5,2,8,15,3,10,20,15,1,10
2100,8,20,1,10,5,15,3,2,15,25,1,10
1636,15,30,5,5,8,15,3,10,20,10,3,5
124,15,10,1,10,12,15,3,2,20,15,3,2
2444,15,10,3,10,12,20,3,2,20,15,5,5
1014,15,30,3,10,12,20,1,5,15,10,3,2
858,8,10,1,5,5,20,3,2,7,10,5,10
3267,15,10,1,10,12,20,3,5,20,10,3,5
4865,8,30,1,10,5,10,3,5,20,25,5,5
2175,8,10,3,5,12,15,3,10,20,15,3,5
4353,15,30,3,5,5,15,1,2,20,10,1,2
1436,15,20,1,10,8,15,3,10,15,15,5,5
625,3,10,5,2,5,10,3,2,15,25,5,5
2565,8,30,3,5,5,15,3,10,7,15,5,2
2182,8,10,3,5,12,15,5,5,20,25,5,10
4462,15,20,3,2,12,10,3,2,7,15,5,10
2873,15,10,5,2,8,15,1,2,7,10,3,2
833,8,20,3,2,5,15,5,5,7,15,1,5
4469,8,20,5,2,5,10,1,5,7,25,5,2
298,8,30,1,2,5,15,3,10,15,15,5,5
688,3,20,5,5,5,15,1,5,20,25,5,5
4870,8,20,3,2,5,15,1,10,15,15,1,5
4658,8,30,5,2,8,20,3,2,20,25,3,2
3299,3,20,5,10,5,15,5,2,20,15,1,10
1663,8,30,5,2,5,15,1,10,7,25,3,10
2937,15,20,5,2,12,15,3,5,15,25,5,10
267,3,10,5,2,5,10,5,10,7,10,1,2
1433,3,20,3,2,8,20,5,10,20,25,3,10
2004,8,30,5,5,12,20,3,5,7,10,3,10
4487,8,30,1,5,12,20,1,5,20,15,3,2
2300,8,30,1,10,12,15,5,5,7,10,3,2
926,15,20,3,2,5,15,3,2,15,10,1,10
1767,15,20,1,5,8,10,5,10,20,10,3,2
3933,3,30,1,2,5,10,3,5,7,10,1,5
3105,3,30,1,2,8,15,3,5,7,10,1,5
4306,15,10,3,5,12,15,1,5,7,25,1,5
4785,15,30,5,2,8,15,3,10,7,25,1,2
2276,15,20,5,10,8,10,5,2,15,15,1,5
2824,8,10,3,10,8,10,3,5,20,25,3,2
4054,15,30,3,5,5,20,1,10,7,25,1,5
312,15,30,5,10,12,10,5,5,20,15,5,10
2738,3,20,5,5,8,15,1,2,20,10,1,2
594,3,30,1,2,8,10,5,2,15,25,1,2
4001,8,30,5,10,8,10,1,10,7,10,5,10
1063,3,30,5,2,8,10,5,2,7,10,3,2
1480,15,20,3,5,12,15,1,5,7,25,3,2
3497,3,10,1,2,12,20,1,5,7,25,5,10
4345,3,10,1,5,8,15,3,10,20,25,1,5
2348,3,10,1,10,5,10,3,5,20,15,3,10
4395,8,30,3,10,5,20,5,10,15,15,5,2
4226,15,10,3,5,5,10,3,10,20,10,3,2
3075,3,10,3,10,8,10,1,2,15,10,3,5
1222,3,10,3,2,12,20,3,2,7,15,1,2
4571,3,20,5,5,8,10,5,5,15,15,5,10
1164,3,20,1,10,5,10,5,10,20,15,1,5
4585,8,30,3,10,5,15,3,2,20,25,3,5
4963,8,10,1,2,5,10,1,10,7,10,3,2
870,3,20,3,2,12,10,3,10,20,10,3,10
4217,15,30,3,5,12,10,3,10,7,25,3,5
2235,8,30,3,5,5,10,5,5,20,10,3,10
2295,3,10,1,5,12,20,5,5,20,10,5,5
4809,8,20,3,5,12,10,5,2,7,15,5,10
2543,15,20,5,2,5,20,3,5,15,15,3,10
73,3,30,5,5,5,15,1,10,20,10,1,10
2983,3,20,5,5,5,15,3,10,7,15,5,5
1620,15,20,1,2,5,20,3,10,20,10,5,10
3187,3,20,5,2,12,15,3,2,20,10,5,2
3407,3,10,1,2,12,15,1,10,15,10,5,10
2446,15,20,5,5,5,15,5,5,15,15,3,10
2260,3,20,1,10,12,10,3,10,7,15,5,5
3083,8,10,3,10,5,20,3,10,15,15,5,5
3028,3,10,5,5,5,15,1,2,7,10,3,10
290,8,10,3,10,5,10,3,10,15,15,1,2
3249,15,10,5,5,5,10,5,10,15,10,3,5
44,8,20,5,10,8,20,5,10,15,10,5,2
745,3,30,5,10,12,10,5,5,20,10,1,5
4969,8,30,5,2,12,15,1,2,15,15,1,2
2310,15,20,3,10,8,15,5,5,7,10,1,10
2225,8,30,5,2,12,10,5,10,20,10,3,2
1374,8,30,1,2,5,15,3,2,20,15,5,5
1330,3,20,1,2,12,10,1,2,15,25,3,2
181,3,30,3,2,12,20,5,10,20,15,5,5
1864,8,20,1,5,5,20,5,2,15,15,3,10
3131,15,10,5,10,5,20,5,10,7,15,5,2
2192,15,10,5,10,12,10,1,10,15,25,3,5
3332,15,30,1,10,12,20,5,10,15,10,3,5
1729,15,20,1,5,5,20,5,5,7,10,3,10
1389,15,10,5,10,8,15,5,10,20,10,1,10
4086,15,20,5,2,12,10,3,2,20,25,1,2
2534,3,30,3,10,5,20,1,10,15,10,5,2
4939,15,20,3,5,5,15,1,2,7,10,1,5
3824,3,10,3,10,5,10,1,10,7,25,5,5
1876,15,20,5,5,5,10,3,10,7,10,5,5
738,3,20,3,10,5,10,1,5,7,10,1,10
2721,15,30,5,2,5,20,3,10,20,10,3,5
3290,15,20,1,5,8,20,1,2,7,10,5,5
943,8,30,1,2,5,20,5,5,15,10,1,5
1550,3,10,1,5,8,15,1,2,7,15,1,10
4827,3,20,1,5,5,15,3,10,7,10,1,10
4539,3,20,3,10,12,15,5,10,15,15,5,2
3270,3,10,5,10,5,20,1,5,20,10,1,2
2945,3,30,1,10,12,15,5,5,20,25,3,5
2256,15,20,5,10,8,15,1,10,15,25,1,5
1110,8,20,5,10,5,10,1,2,20,15,5,10
4790,3,10,5,10,8,10,3,10,20,15,5,2
4650,3,20,3,10,5,20,3,2,7,25,3,10
895,3,10,1,5,12,20,1,2,15,15,5,2
3566,15,20,5,2,12,20,5,10,20,10,3,2
734,15,30,3,5,12,10,5,5,20,15,3,2
855,3,30,1,5,12,10,3,10,20,10,1,2
800,8,20,1,10,12,10,3,5,7,15,1,5
451,15,30,5,2,5,10,1,2,7,15,3,10
3889,3,20,3,2,12,10,5,2,7,25,3,5
1401,3,30,3,10,12,20,5,10,7,10,5,10
171,8,20,1,5,12,15,5,5,15,25,1,5
726,8,10,3,2,8,10,3,10,15,10,5,5
4862,15,30,3,10,5,10,5,10,7,25,1,5
4896,3,20,5,10,8,15,3,2,15,10,1,5
132,8,10,5,2,12,10,5,5,7,15,5,5
395,8,10,5,10,8,20,3,10,20,25,5,5
2864,15,20,3,2,5,20,3,5,7,10,3,10
2201,15,10,1,2,5,10,1,2,20,15,5,2
2433,8,10,1,2,12,15,5,2,7,10,3,2
1140,15,30,1,5,8,10,5,2,20,15,3,2
2203,15,20,5,10,5,15,3,10,7,15,3,10
1751,15,30,3,2,5,15,1,2,7,10,5,2
2485,8,10,5,2,8,15,5,10,15,10,3,10
566,15,30,1,2,5,20,5,10,7,10,5,10
867,3,30,3,2,5,15,5,5,7,15,5,10
1957,8,10,1,5,5,15,1,10,15,10,1,2
798,8,30,5,10,12,10,3,2,7,15,1,2
455,3,20,3,5,5,15,1,10,15,15,3,2
3911,3,30,5,2,5,20,1,10,15,15,5,10
1122,8,30,3,10,5,20,3,2,15,25,1,5
3165,15,10,5,5,5,15,3,5,15,25,3,2
3754,15,20,5,5,12,20,3,5,15,25,3,2
2491,8,20,1,5,8,10,3,2,15,15,1,2
2522,15,20,5,10,12,20,3,5,15,15,5,5
4115,3,10,1,2,5,15,1,2,7,25,3,2
4741,8,20,5,10,5,15,5,2,15,25,5,2
3624,3,10,1,10,8,10,3,10,15,25,3,10
162,8,20,3,2,12,15,3,2,7,15,3,10
4075,8,30,1,10,8,10,1,10,20,10,1,5
1758,15,30,3,2,5,15,1,2,7,15,3,10
3688,15,10,3,10,8,15,5,10,20,15,3,10
2342,15,30,1,10,12,20,5,5,7,10,1,5
478,15,10,1,2,5,15,5,2,20,15,1,5
4737,8,20,1,10,5,20,5,2,15,25,5,10
4577,8,10,5,5,8,10,5,5,7,25,1,10
1223,3,20,5,2,12,20,5,10,7,10,3,10
2883,8,20,1,5,5,10,5,5,7,10,3,10
2774,8,10,5,5,8,20,3,2,7,10,3,10
1534,3,10,1,5,12,20,1,2,20,15,3,2
4893,15,10,3,2,12,20,5,2,7,10,1,2
4003,15,10,1,10,8,20,5,5,7,10,5,2
2185,3,10,1,5,12,20,3,5,20,25,3,10
3141,3,30,3,10,5,20,1,10,7,25,5,10
2391,3,20,5,2,8,20,3,10,15,10,1,5
2218,3,10,5,2,8,15,1,10,15,15,1,10
3029,8,10,3,5,5,10,1,10,15,25,1,10
3606,15,20,1,2,8,20,5,5,20,15,3,2
3002,8,30,5,2,5,20,5,10,7,15,1,10
4108,15,10,1,2,5,10,1,5,7,10,3,2
3308,8,10,5,5,8,20,3,2,15,25,1,10
3520,15,10,1,5,8,10,5,2,20,25,5,2
4322,3,30,3,10,5,20,5,10,15,15,3,2
2876,15,20,5,5,8,10,1,10,7,25,3,5
390,8,30,1,2,5,10,5,5,7,10,5,10
4601,3,30,3,10,5,10,3,10,15,10,1,10
2337,15,20,1,2,8,20,1,5,15,15,3,2
2412,8,10,1,10,8,15,3,2,7,25,3,10
286,8,30,5,2,12,15,5,10,15,25,5,5
4479,3,20,5,5,8,15,3,10,7,25,3,5
2060,3,10,1,5,8,20,3,5,15,10,5,10
1674,3,20,1,5,5,10,1,5,7,25,3,10
2536,15,30,3,2,12,10,5,5,20,10,5,5
2726,15,10,5,5,8,20,1,5,20,15,5,10
4358,15,10,3,2,8,20,3,10,20,15,1,5
13,3,30,5,2,8,15,3,5,20,10,1,5
1351,3,20,5,2,8,10,3,5,7,10,1,2
1690,15,10,5,10,8,20,5,2,7,25,5,5
2230,8,10,1,2,12,10,3,2,20,25,3,10
4750,15,30,1,10,5,10,3,5,15,25,5,5
4813,8,30,3,5,8,15,5,5,15,15,1,10
1278,15,20,1,10,5,10,3,5,20,25,1,10
3758,3,30,5,2,12,15,5,10,15,15,3,2
4930,8,30,1,2,8,20,5,2,7,10,3,10
1934,15,10,3,5,12,10,5,5,7,25,1,2
2667,15,20,5,10,5,10,1,10,20,10,1,2
4230,15,10,1,10,12,20,5,5,15,10,5,2
2988,15,30,5,10,12,10,3,5,15,25,5,5
1828,8,30,5,2,5,10,3,10,20,10,1,10
2596,15,10,1,10,8,10,1,5,15,10,3,5
4992,3,10,5,10,8,10,1,2,7,25,3,10
274,3,30,5,5,8,10,3,5,7,15,3,10
315,3,10,3,10,12,20,1,2,15,15,3,10
120,15,30,1,10,5,10,5,2,20,15,5,2
140,15,20,5,5,12,10,3,2,20,10,5,10
4396,3,30,5,2,12,20,1,2,20,10,1,2
2429,8,10,5,2,8,20,5,5,20,15,5,10
3652,8,10,1,10,12,10,5,2,7,25,1,2
4483,15,30,3,2,5,15,1,10,20,15,1,2
841,15,20,1,5,12,15,5,10,7,25,1,2
1662,15,10,1,2,8,10,1,2,7,10,5,10
936,3,20,1,2,5,20,5,10,20,25,1,10
1153,8,30,1,10,8,15,3,10,15,25,3,5
2421,3,20,5,2,5,15,3,10,7,10,5,10
4167,3,20,1,2,8,10,3,2,20,25,5,2
4245,3,10,3,2,8,15,3,5,7,10,5,5
3328,15,10,5,2,12,10,5,10,7,10,3,10
2397,8,30,1,10,8,20,5,10,20,25,5,2
2668,15,30,1,10,8,10,1,5,15,10,3,5
1310,3,10,3,2,5,15,3,2,7,25,5,2
1654,15,10,5,10,12,10,1,5,15,10,5,5
2800,8,20,3,5,8,15,3,2,7,10,5,2
2272,8,20,1,2,12,15,5,5,20,15,5,5
2284,15,30,5,2,12,15,1,10,7,10,1,10
2972,15,20,3,2,8,10,5,5,15,10,5,5
706,3,10,5,10,12,15,3,10,15,25,5,5
4636,15,10,5,5,12,20,1,5,20,15,5,2
1114,3,20,1,5,8,20,1,10,7,15,1,2
1229,8,30,3,5,5,20,5,10,20,10,5,5
4956,8,10,1,5,8,20,3,5,7,15,5,5
1804,15,10,3,10,5,10,5,5,20,15,1,2
4841,8,10,5,10,12,20,5,5,15,10,3,5
2627,8,30,3,10,8,10,3,10,7,15,3,10
1173,3,20,3,5,12,10,3,10,7,15,3,5
1417,8,10,5,2,8,20,3,2,7,10,1,2
1502,15,20,1,5,12,10,3,5,7,15,5,10
2242,15,10,1,5,8,15,3,5,7,15,1,5
2661,3,10,3,5,12,20,5,10,15,15,3,5
2887,15,10,3,2,5,15,1,2,7,25,5,5
3007,15,10,1,2,5,10,3,5,20,25,1,10
2166,8,30,3,5,8,20,1,5,7,10,5,5
2696,8,30,3,2,5,10,1,2,15,10,3,2
1601,3,20,5,2,12,20,5,5,7,25,1,2
1525,3,20,1,5,5,15,1,5,20,25,3,10
4702,15,20,1,2,8,20,3,10,20,15,3,2
1053,3,20,3,10,8,10,1,10,15,15,1,10
710,15,30,1,10,8,15,3,5,20,25,1,2
3395,3,20,1,2,8,20,1,2,15,15,1,10
2304,8,20,1,2,12,15,3,10,7,15,1,5
2677,3,20,3,2,12,15,5,10,15,15,1,5
4920,15,10,3,5,5,10,3,2,15,10,5,5
2392,8,20,3,5,5,10,3,10,7,25,3,10
1895,8,10,1,5,8,15,5,2,20,10,1,10
4815,8,30,5,5,8,15,1,10,7,10,1,2
2452,3,30,3,10,8,15,1,2,15,15,5,2
1685,3,30,1,5,5,20,3,10,20,25,3,2
876,8,20,1,2,5,10,1,5,15,25,1,10
2921,3,10,1,5,8,20,1,2,20,15,1,2
1861,15,20,5,10,12,10,1,5,15,25,1,10
4703,15,20,1,5,8,20,5,10,15,10,1,2
3631,8,20,5,2,8,10,1,10,20,10,3,2
2826,8,20,1,2,12,15,3,5,20,10,1,10
1131,3,10,5,5,8,10,5,5,20,25,3,5
4432,3,10,5,2,5,20,5,5,20,15,5,2
2632,8,20,5,5,8,15,5,2,15,15,1,2
1413,8,10,5,2,8,15,1,2,7,15,1,10
266,8,30,5,10,12,10,5,5,7,15,1,2
3639,3,20,3,10,8,10,5,5,15,10,5,10
3245,8,10,3,2,8,10,3,10,15,25,3,10
3619,8,10,1,5,12,20,1,2,7,10,1,2
3822,3,20,1,5,5,10,5,10,7,10,5,5
4150,15,20,5,10,5,15,3,10,15,25,1,2
2125,15,30,1,5,12,10,5,2,7,10,1,5
877,8,30,3,5,8,20,5,5,20,10,5,2
2386,3,30,1,10,5,15,1,2,20,10,3,2
1625,8,10,1,10,12,10,3,10,7,10,5,2
3821,15,20,3,5,8,15,1,2,15,25,1,2
3114,3,30,1,2,12,10,1,10,20,25,1,5
4325,15,20,5,5,5,20,1,2,15,25,3,2
1012,8,10,1,2,12,15,5,5,15,25,5,10
2012,3,10,1,2,5,10,5,10,20,25,1,10
459,15,30,3,2,12,15,3,2,7,15,1,2
237,3,30,1,2,5,20,1,2,20,25,5,10
1407,8,30,5,10,12,10,3,5,15,10,5,10
4625,15,10,1,2,12,15,1,10,20,10,3,10
3819,15,20,3,2,12,10,5,10,20,10,1,5
4981,15,10,1,5,8,20,5,10,20,10,3,10
3021,3,20,1,5,8,20,3,5,15,10,1,10
875,15,10,5,5,5,10,1,10,7,15,3,2
2630,8,30,3,2,5,15,1,5,20,10,3,5
4697,15,10,1,5,8,15,5,2,7,10,3,2
3685,8,10,1,5,8,20,5,5,20,10,5,5
1044,3,20,1,2,5,10,3,2,7,10,3,10
3243,3,10,3,5,8,20,5,5,7,15,1,10
3387,3,10,1,5,12,20,1,10,20,25,3,10
3386,3,20,5,10,8,10,3,2,15,15,1,10
981,15,30,5,10,8,10,1,5,7,10,5,2
2018,3,10,3,5,5,15,1,5,20,25,1,2
2923,3,30,1,10,12,10,1,2,7,15,5,5
2746,3,20,3,5,8,10,3,2,7,10,5,2
3223,3,10,1,5,12,20,1,5,7,25,3,5
3054,15,20,1,10,5,20,1,5,20,25,3,10
1368,15,10,1,10,5,15,1,10,7,15,3,5
2503,8,20,1,2,5,15,3,5,20,15,5,10
4387,3,20,3,10,12,15,3,10,7,25,1,10
3447,15,30,1,2,8,15,1,2,15,10,5,2
2623,8,10,5,5,12,10,3,5,15,15,1,10
410,8,20,1,10,12,15,1,2,7,25,1,2
1833,3,30,5,10,12,20,3,10,7,25,3,10
3888,3,20,3,5,5,10,5,5,7,15,3,10
1926,3,30,1,5,5,10,3,2,15,25,5,2
3041,15,20,5,10,12,15,1,10,7,10,1,10
2229,3,10,5,2,8,20,1,2,7,10,1,10
1546,8,30,5,5,5,15,3,2,15,10,3,2
3891,3,10,3,10,8,10,5,5,20,25,3,10
747,8,20,3,10,5,20,3,5,15,10,1,10
3620,15,10,3,10,8,15,3,10,15,10,3,2
3337,3,10,1,2,8,10,3,2,7,15,1,2
288,3,20,1,2,8,10,5,10,7,10,1,5
3719,3,10,3,10,5,20,5,2,15,15,5,5
4344,15,20,1,2,8,10,5,5,7,10,3,2
1897,3,30,5,10,12,10,3,5,7,10,3,2
4732,15,30,3,2,12,20,5,2,7,25,1,2
1065,15,30,1,5,8,15,5,10,20,15,1,2
2553,8,30,3,2,8,10,5,2,15,15,3,2
1297,3,10,1,10,12,20,3,2,7,10,5,10
4372,15,20,5,2,5,10,1,5,15,10,1,5
2664,3,10,3,5,8,15,5,10,20,10,3,5
2028,8,20,3,5,12,20,5,10,20,25,5,10
4337,8,20,1,10,8,10,1,5,15,25,1,10
3215,8,10,5,2,5,15,1,2,15,15,1,2
4649,8,10,5,2,8,15,3,10,20,15,1,5
3936,8,20,1,2,8,20,1,10,15,10,1,5
1326,3,30,5,5,5,20,1,10,15,25,5,10
152,8,20,3,2,8,20,3,10,20,10,1,2
1249,15,20,3,2,8,15,1,5,20,15,5,5
3534,8,20,1,2,8,10,1,2,7,15,5,5
636,8,10,3,10,5,20,1,10,15,25,3,10
3196,8,30,1,10,12,15,5,5,20,15,3,10
3466,8,30,3,5,5,15,5,2,20,10,3,2
2065,15,10,5,10,12,10,1,5,20,15,5,2
3808,15,30,3,5,12,10,1,2,20,10,3,2
2189,15,20,3,10,8,20,1,10,7,25,5,5
2148,15,20,3,2,12,20,1,2,7,15,3,10
529,3,30,3,2,5,15,5,2,20,15,3,10
2094,8,20,5,10,5,10,3,5,7,25,5,10
3788,15,20,5,5,8,10,5,5,20,10,5,2
522,3,30,5,2,8,10,3,5,15,15,5,2
3330,15,30,1,5,5,20,3,10,20,10,3,5
158,15,10,5,2,5,10,3,10,20,15,1,2
2233,15,10,5,10,8,10,3,2,20,25,1,5
311,3,30,5,5,12,20,5,5,20,25,5,10
3489,3,30,3,2,5,20,1,10,7,25,3,2
1144,15,10,1,2,5,20,3,5,15,15,3,2
4234,3,10,3,2,5,15,5,5,20,10,5,5
778,15,30,3,5,5,15,1,5,7,15,1,2
1386,15,10,3,2,12,20,5,5,15,25,5,5
4892,8,10,5,5,5,20,1,10,15,10,5,2
4725,15,20,1,10,8,15,3,10,7,25,1,5
3059,15,10,5,10,5,15,3,5,15,15,5,2
2897,15,30,5,2,12,10,5,2,15,15,1,5
1993,15,30,1,2,8,10,3,10,20,10,1,5
4486,8,10,3,10,8,20,3,5,7,15,5,10
2563,8,20,1,5,8,15,1,10,7,10,1,5
763,3,20,5,10,12,20,3,5,20,25,5,10
3393,15,30,1,2,5,20,1,2,20,15,3,10
984,8,10,3,2,8,20,5,5,15,15,3,10
4889,15,10,1,2,8,10,1,2,7,15,5,5
3591,8,30,3,10,12,20,1,5,7,25,3,10
210,15,30,5,2,5,10,1,2,15,10,5,5
213,8,20,1,5,5,15,3,10,15,10,5,5
828,8,20,5,10,5,10,1,2,15,25,1,10
4076,3,20,1,2,5,10,3,2,20,15,3,5
3699,3,30,1,10,8,10,5,10,20,15,3,2
3260,15,30,1,5,5,20,5,5,7,15,3,5
1221,8,10,1,5,5,20,1,5,7,10,1,2
1474,3,10,1,5,12,20,1,2,15,25,5,5
1503,8,10,3,5,8,10,1,10,15,15,5,2
9,8,30,3,2,12,20,1,2,7,10,1,5
4662,15,30,1,2,5,15,3,10,15,15,3,2
1907,8,10,3,10,12,15,3,5,20,15,5,2
884,15,10,1,10,5,15,3,5,15,15,1,10
2886,8,10,5,2,8,10,1,5,20,10,3,2
3426,15,10,3,10,12,20,1,2,20,25,5,10
454,3,30,1,2,5,15,1,5,15,15,5,2
327,8,30,3,2,5,15,5,10,15,25,5,5
1183,15,10,5,10,8,20,3,10,15,15,1,2
2672,15,20,1,10,8,15,3,10,20,10,1,5
1464,8,10,3,10,5,15,3,5,7,10,1,2
812,8,30,3,2,12,15,1,10,15,25,1,10
2177,15,20,5,2,8,20,3,10,15,10,1,10
795,8,30,1,2,5,20,3,5,7,15,1,2
3687,8,10,5,10,8,20,1,5,15,10,5,5
1637,15,30,5,5,12,15,3,10,7,15,3,5
3773,3,10,3,5,5,15,3,5,15,15,5,10
2083,3,30,3,10,12,15,3,5,15,25,5,5
2176,3,20,5,2,5,10,1,2,20,10,3,10
4923,8,20,5,5,8,20,3,5,15,25,3,5
4106,3,10,3,10,12,10,3,5,20,25,3,10
3390,8,20,3,5,5,10,1,5,7,15,1,5
4769,15,20,5,10,12,20,5,2,15,10,1,2
589,3,20,1,2,5,20,1,5,20,25,3,5
2855,8,20,5,10,8,10,3,2,20,10,1,10
3172,8,10,1,10,5,10,5,2,20,25,1,2
3458,15,20,1,10,5,20,5,2,7,15,3,2
4953,3,10,5,2,5,15,5,10,7,25,3,10
2564,15,10,1,5,8,10,3,5,20,25,5,5
4717,8,10,3,10,5,20,1,5,20,25,5,2
2279,8,30,5,2,8,15,5,10,7,10,1,5
580,8,10,3,10,12,15,1,10,20,25,5,10
3851,3,20,1,5,8,20,1,5,15,25,1,10
2980,8,30,5,10,5,15,1,2,20,15,3,2
2436,8,30,3,5,12,15,5,2,7,25,5,10
1387,15,30,1,2,12,20,3,5,15,25,1,10
2732,8,30,1,2,8,10,3,2,20,25,5,5
4176,3,30,1,5,5,15,3,2,15,10,3,10
891,15,10,1,5,8,10,1,5,7,25,5,2
4274,3,10,5,2,5,10,5,2,20,25,3,10
2585,3,20,1,10,12,15,3,10,15,10,1,5
2607,8,10,5,2,5,10,1,2,7,10,5,5
100,8,20,1,10,12,10,1,2,7,15,3,2
1867,15,20,1,2,5,20,1,10,15,25,3,5
3564,15,30,5,10,12,20,1,2,15,25,5,10
2001,15,30,5,2,5,15,1,10,20,25,3,2
3867,8,10,5,2,8,15,1,5,7,25,5,5
2509,3,10,5,10,5,20,3,10,15,10,5,5
4770,8,10,5,2,8,15,5,5,7,10,5,2
2507,3,30,3,2,12,20,3,10,20,15,1,5
2851,3,10,3,2,8,15,5,2,20,10,5,2
2257,15,20,5,5,12,20,1,2,15,15,3,10
1018,15,20,5,2,12,15,1,10,15,10,5,10
3731,8,10,1,10,12,15,3,10,15,10,3,5
4393,8,20,3,5,12,10,3,5,15,15,5,2
3526,15,10,1,2,12,10,1,10,20,15,3,2
324,8,30,1,5,12,20,1,10,7,10,5,10
1951,3,30,3,5,8,10,5,10,20,15,3,10
2293,3,30,5,5,5,15,5,10,7,10,1,5
3220,15,10,1,2,5,10,1,10,15,25,5,10
83,15,30,1,5,5,20,3,5,15,25,3,10
1207,15,10,5,2,8,20,3,2,20,10,1,10
2581,15,20,1,5,5,15,5,2,7,15,1,10
1570,8,10,5,2,8,20,5,5,15,10,5,10
1797,8,30,3,5,5,20,3,10,7,15,5,5
2497,15,30,3,5,12,10,3,10,7,25,5,2
719,8,30,1,5,5,10,1,10,7,15,5,5
1354,15,20,5,2,12,20,1,10,15,25,3,10
309,3,30,5,10,12,10,1,5,7,10,5,2
3869,8,20,1,2,12,10,3,10,7,15,3,10
3929,8,30,5,5,12,10,1,10,15,15,5,5
3542,3,20,3,5,12,15,3,5,20,15,1,10
1125,8,20,1,2,12,10,1,10,20,25,1,10
34,3,30,5,10,8,15,1,10,7,10,5,5
4070,3,30,3,10,8,20,5,2,7,25,5,5
2354,8,20,5,2,12,20,3,2,20,25,3,10
667,15,20,5,2,8,10,3,2,15,25,1,10
2193,15,10,3,2,8,20,3,5,20,15,3,10
299,15,20,1,2,5,10,3,5,15,15,5,5
1521,3,30,5,5,12,20,3,10,15,25,1,10
3097,3,10,3,2,12,20,5,5,20,15,5,10
321,3,10,1,10,12,20,3,10,20,10,3,10
1267,8,10,5,10,5,10,1,2,20,15,5,10
97,8,10,3,10,8,10,1,10,15,15,3,10
381,8,10,5,5,12,20,1,5,7,15,5,10
4073,8,30,5,5,5,15,5,10,20,25,1,10
3228,8,20,3,2,5,10,3,2,20,10,3,10
347,8,10,5,2,8,10,1,10,7,10,1,10
4680,3,20,5,2,5,20,5,5,7,10,1,5
1367,3,30,1,2,8,15,5,2,7,15,3,5
4111,15,10,5,2,5,10,3,5,7,15,3,2
4333,15,10,1,10,8,10,1,10,15,10,1,2
126,3,20,1,10,8,20,1,5,15,25,1,10
553,15,10,3,5,8,10,3,10,15,25,3,5
3765,8,30,5,5,12,10,5,2,20,15,1,5
2974,15,30,1,10,5,20,1,5,20,10,1,10
3511,8,10,5,5,12,10,3,10,15,25,5,2
2720,8,20,5,2,12,10,3,2,7,15,5,10
2314,15,10,5,10,12,20,1,5,7,15,3,5
4832,3,10,3,2,5,10,5,2,15,10,3,5
1455,8,20,1,5,12,20,5,2,7,10,1,5
2512,3,10,1,2,8,20,3,2,15,15,3,2
4397,8,10,3,2,8,10,1,2,15,25,1,5
3081,15,30,3,10,8,10,3,5,20,15,5,2
3109,3,30,3,2,8,20,3,2,20,10,1,5
4517,8,30,1,5,12,10,3,2,20,25,1,2
4961,15,20,1,10,5,15,1,10,20,15,3,10
1700,3,10,1,2,5,10,1,10,15,10,5,10
4509,15,10,3,2,5,10,5,5,20,25,1,5
1147,3,30,5,2,8,20,3,10,7,25,1,10
2591,15,20,5,5,12,20,5,5,15,10,1,10
925,8,30,3,5,12,15,1,5,15,25,5,2
1497,8,30,3,10,8,20,3,5,15,25,5,5
2754,15,20,1,5,12,10,5,10,20,25,5,2
101,8,30,5,10,12,20,3,2,20,10,5,2
3515,8,20,1,2,12,20,5,10,7,25,5,5
4438,8,30,3,2,12,10,5,5,20,15,5,2
2454,3,30,1,2,12,15,1,10,20,10,1,5
4405,15,10,1,2,12,10,5,2,7,10,1,10
2962,8,20,3,10,5,10,3,10,7,25,3,2
1294,15,30,1,10,12,20,1,10,15,15,1,5
1680,8,30,5,10,12,15,5,2,15,25,5,10
2258,15,20,3,5,12,10,1,10,7,15,5,5
4166,3,10,5,10,8,20,3,2,7,10,1,2
588,3,10,3,10,5,15,1,2,15,25,1,10
246,3,10,1,10,12,20,1,2,7,25,5,2
3692,3,10,1,2,12,20,3,5,15,10,1,2
302,15,20,5,10,5,20,3,2,15,15,1,10
3938,3,20,5,5,5,15,1,5,7,15,1,5
838,15,30,3,5,8,15,5,5,7,10,5,2
3182,8,10,3,5,12,10,1,5,20,15,1,5
3503,3,10,3,10,8,10,1,10,7,15,3,2
785,8,30,3,2,8,15,3,5,20,10,5,2
2606,8,10,3,10,12,15,1,2,15,25,5,5
787,3,10,5,2,5,20,1,2,15,25,1,5
81,3,30,3,5,12,15,1,10,15,10,1,2
1364,8,10,5,2,12,15,3,5,20,25,3,2
742,15,10,1,5,12,10,3,10,20,25,5,5
3300,8,10,3,10,12,10,3,10,7,25,1,2
1838,15,10,5,2,12,10,1,5,15,15,1,10
4805,15,20,3,2,12,20,5,5,7,15,5,10
2383,8,10,5,5,12,10,5,10,15,10,3,5
4876,8,10,1,5,5,15,3,2,20,10,1,10
2648,8,30,3,5,8,10,5,5,7,10,5,5
4743,3,30,1,10,12,15,1,5,20,15,5,2
2519,3,20,1,2,8,20,1,2,7,25,1,2
71,15,30,5,10,12,10,1,2,15,15,1,10
2871,3,20,1,2,12,15,3,10,7,10,3,2
4032,3,10,1,5,12,15,3,5,15,15,3,2
2885,3,10,3,5,8,10,5,5,15,10,1,2
1375,8,20,3,5,5,20,5,5,20,10,1,2
2308,15,10,1,10,12,10,5,2,15,25,1,5
1780,8,30,1,2,8,15,5,5,20,15,1,5
4365,15,10,1,2,12,15,5,5,15,15,3,10
2615,8,30,1,10,12,20,1,2,15,25,3,5
3742,15,10,3,2,5,15,3,5,20,15,3,2
3783,3,20,3,10,5,10,5,2,15,25,1,2
1955,15,20,3,2,8,15,5,5,20,25,3,5
2527,15,30,3,2,8,10,5,10,7,25,1,2
3164,15,30,3,2,8,10,1,2,7,10,1,10
3630,8,20,5,5,12,10,3,5,15,15,1,10
2574,3,10,3,5,5,15,1,5,7,10,5,10
1979,3,30,3,10,8,10,3,10,15,15,1,5
3939,15,30,5,10,12,15,3,2,7,10,5,5
1091,15,10,3,2,5,15,5,10,7,10,3,5
642,3,10,5,2,5,10,1,5,20,25,5,10
4607,3,20,5,2,12,20,1,10,7,15,3,5
1284,15,10,1,5,8,10,5,5,7,15,3,10
1915,15,10,1,2,12,20,1,10,20,10,3,2
2573,3,10,5,5,12,20,5,5,7,15,3,5
2704,15,20,3,2,5,20,1,2,7,25,5,2
2595,15,10,5,10,12,15,5,5,20,10,5,5
2775,15,30,1,5,5,10,5,2,15,25,5,2
4263,3,20,5,10,8,15,3,5,7,10,3,10
4051,15,10,1,10,8,20,3,5,20,25,5,5
4436,15,20,1,5,8,20,5,5,20,15,1,5
2843,8,10,5,2,5,15,3,10,20,15,1,2
