,CS,Bus_cost,Bus_travel_time,Bus_Comfort,Bus_CO2,Metro_cost,Metro_travel_time,Metro_Comfort,Metro_CO2,RH_cost,RH_travel_time,RH_Comfort,RH_CO2,Plane_cost,Plane_travel_time,Plane_Comfort,Plane_CO2
265,266,15,10,5,10,12,10,1,5,7,25,1,10,20,20,5,10
1760,1761,8,30,5,2,8,10,5,2,20,25,5,2,15,20,3,10
2271,2272,15,30,1,2,12,10,1,2,15,10,3,10,20,30,1,10
3291,3292,3,20,5,2,12,15,5,2,15,15,3,5,15,30,1,5
7154,7155,8,30,3,5,5,15,1,5,15,10,3,5,7,30,5,5
6837,6838,3,30,5,5,12,20,5,10,7,10,3,5,20,30,3,10
2581,2582,8,30,1,2,8,10,1,5,20,15,3,2,20,10,1,2
4777,4778,8,30,1,5,8,10,5,5,7,25,1,5,15,10,5,5
2182,2183,15,20,1,5,12,10,3,5,15,25,3,10,15,30,5,5
2246,2247,15,20,1,5,5,15,1,2,20,10,3,5,20,30,5,10
3480,3481,8,10,3,10,5,10,5,10,15,10,1,2,20,20,3,10
5469,5470,15,10,3,5,12,10,1,5,7,10,3,10,20,30,3,5
259,260,15,20,1,2,8,15,5,10,15,10,1,5,15,30,5,5
7054,7055,3,10,1,10,5,10,5,2,20,10,1,5,15,30,5,10
2935,2936,3,10,1,5,5,10,5,2,20,15,3,10,15,10,3,2
7509,7510,8,10,5,10,12,20,5,5,20,15,1,5,15,10,5,2
330,331,8,30,1,2,5,10,3,2,20,15,5,10,20,20,3,10
1821,1822,8,10,5,10,8,15,1,10,15,10,5,2,20,20,1,10
2853,2854,8,30,5,2,8,10,1,2,7,25,3,2,15,30,3,2
2459,2460,8,30,1,2,5,15,3,5,20,10,3,10,20,10,1,10
159,160,15,10,5,10,5,20,5,5,20,15,5,5,15,10,1,5
4722,4723,8,10,5,10,5,10,3,5,7,25,5,2,15,20,1,5
161,162,8,10,1,10,8,20,3,5,7,10,3,2,15,10,5,5
5902,5903,8,30,3,2,12,15,3,2,20,15,1,5,15,30,5,10
4663,4664,3,10,5,5,5,20,5,10,15,15,1,5,20,30,3,10
2241,2242,15,20,1,2,8,20,5,2,20,15,3,10,15,20,5,5
3678,3679,15,10,5,2,12,10,5,2,20,25,5,10,20,20,1,5
3173,3174,15,20,1,5,5,15,3,10,20,15,1,2,7,20,3,2
1058,1059,3,30,3,2,8,10,3,5,20,15,5,2,20,20,1,5
1639,1640,8,10,3,5,12,20,5,5,15,15,5,10,7,30,5,5
1551,1552,3,20,3,2,8,10,3,5,15,15,5,10,20,10,1,2
5194,5195,15,20,3,5,12,15,3,5,20,25,5,5,20,20,3,2
160,161,3,30,1,2,12,15,3,5,7,10,1,5,7,30,1,10
2275,2276,8,10,3,2,12,15,3,2,7,25,1,10,7,30,5,2
217,218,3,10,1,10,5,20,1,5,20,25,5,10,20,30,1,10
61,62,15,20,5,2,8,10,3,5,15,15,1,10,15,10,5,10
1516,1517,3,30,3,5,8,15,1,2,15,25,1,10,20,30,3,10
4418,4419,3,30,5,2,5,10,5,10,20,10,5,10,15,20,5,10
7491,7492,8,20,3,2,5,10,3,5,20,25,1,5,15,20,3,2
1489,1490,3,10,3,5,8,20,1,5,15,15,5,2,7,20,1,5
5155,5156,8,20,3,2,8,10,1,5,7,10,5,2,7,30,3,2
6874,6875,15,30,1,10,8,10,5,2,15,25,3,10,7,10,1,10
4988,4989,8,30,5,2,12,15,3,2,7,25,5,5,20,10,3,10
6142,6143,8,10,1,10,8,15,5,10,15,10,3,5,20,20,5,10
5561,5562,15,30,1,2,8,10,1,2,20,25,3,10,20,30,5,2
499,500,15,30,1,10,8,15,5,5,7,15,3,5,15,30,1,5
6526,6527,8,20,5,10,12,20,1,10,20,10,1,10,20,20,1,10
3260,3261,3,10,3,2,12,20,1,5,7,10,5,5,20,20,3,5
5996,5997,15,20,3,10,12,20,1,10,7,10,5,2,15,10,3,10
707,708,3,20,1,2,5,15,3,5,7,25,5,5,15,10,1,10
7585,7586,3,10,3,10,8,10,3,5,15,10,1,10,7,30,3,2
4405,4406,8,30,5,2,5,20,5,2,15,25,5,10,7,20,3,10
6294,6295,15,30,5,2,5,10,3,10,7,10,1,2,15,10,3,10
4699,4700,8,20,5,10,8,10,1,5,20,25,3,2,15,10,5,10
2819,2820,15,20,5,5,12,15,3,5,7,25,1,2,15,10,1,5
1091,1092,15,10,5,5,8,20,1,5,15,10,5,2,20,10,3,5
2834,2835,15,30,1,10,5,20,5,2,7,15,3,2,15,10,1,10
4892,4893,3,10,5,10,12,10,5,10,7,25,3,5,15,30,3,2
6249,6250,3,30,1,5,12,10,1,2,20,25,1,5,20,20,3,10
5238,5239,15,10,1,10,8,15,5,2,15,25,3,10,7,10,1,10
6048,6049,8,20,5,10,5,20,5,10,20,10,1,10,20,30,3,5
7042,7043,15,10,1,10,5,20,3,2,7,10,1,10,7,30,1,10
4642,4643,8,30,1,5,8,15,3,10,15,10,3,10,7,10,1,10
2973,2974,3,30,3,10,5,10,3,10,20,10,1,10,7,10,3,5
5760,5761,8,30,3,5,8,15,1,2,15,15,3,10,15,20,3,2
6386,6387,15,20,1,2,12,20,3,10,15,10,3,10,15,10,1,10
1811,1812,15,20,1,10,8,10,5,10,15,25,5,10,15,30,1,2
324,325,8,20,3,10,8,20,3,5,7,10,5,5,15,10,1,2
7548,7549,8,30,5,5,12,10,1,10,20,10,1,2,7,30,3,10
5140,5141,15,10,1,5,12,20,5,2,7,15,3,10,20,30,1,2
562,563,8,20,5,2,8,10,1,10,15,10,3,2,20,30,3,2
255,256,8,10,5,2,5,20,3,5,15,25,5,2,15,30,1,10
2152,2153,3,30,5,10,5,10,5,10,7,15,1,10,20,10,3,10
2823,2824,8,30,1,10,12,15,3,5,7,10,1,10,20,10,1,2
5723,5724,15,10,5,5,8,15,5,10,7,10,1,10,15,30,3,10
2705,2706,3,30,1,5,5,20,5,2,15,25,1,10,15,10,1,5
5873,5874,3,30,5,2,12,10,5,2,15,10,3,5,7,20,3,5
5175,5176,8,10,3,10,5,20,5,2,15,25,5,5,15,20,3,2
679,680,8,20,5,5,12,10,1,10,7,10,5,10,7,10,5,5
3542,3543,3,10,1,5,5,15,3,2,7,10,3,2,7,30,1,10
2041,2042,15,30,3,5,12,20,3,10,15,10,1,5,20,10,3,2
6482,6483,8,20,1,10,5,15,1,2,7,10,5,5,7,10,5,5
3163,3164,3,20,1,5,5,20,5,2,20,25,5,2,15,30,5,10
5479,5480,15,30,3,5,12,15,1,2,7,25,3,10,7,20,1,5
4243,4244,3,10,1,5,12,15,5,2,20,25,1,2,15,10,1,2
2014,2015,8,30,5,10,12,15,5,2,20,10,3,2,20,10,1,10
155,156,3,10,1,5,8,10,3,10,15,10,3,2,15,20,1,5
4704,4705,8,20,3,2,12,15,5,10,15,25,5,10,15,20,3,2
1728,1729,8,30,5,10,5,10,1,2,7,10,1,5,15,10,3,10
6397,6398,3,30,5,10,12,10,5,10,15,10,3,2,20,10,5,2
3916,3917,3,30,1,10,8,10,5,5,20,10,3,10,7,20,5,5
4996,4997,8,20,1,2,8,15,3,2,15,25,3,5,7,10,5,5
7175,7176,3,10,1,10,12,10,1,5,15,25,3,2,7,20,5,5
2868,2869,3,10,5,10,5,10,3,5,20,10,3,5,7,30,5,2
6209,6210,8,20,3,5,5,20,3,10,20,25,3,5,15,10,5,10
1398,1399,8,20,5,10,8,20,5,10,20,15,5,10,7,10,1,2
5097,5098,3,30,3,2,5,15,3,5,7,10,5,5,7,20,1,5
4259,4260,8,20,5,5,12,15,1,5,7,25,5,2,7,30,5,10
5740,5741,3,30,3,10,12,15,1,5,7,25,5,5,15,30,3,2
6354,6355,3,30,1,2,5,15,1,10,20,10,5,2,15,30,3,2
6559,6560,15,10,1,10,5,20,1,10,7,10,5,10,7,20,1,10
1024,1025,3,20,3,2,8,15,5,2,15,15,5,2,15,30,3,2
1374,1375,8,30,1,5,5,10,3,2,7,15,1,5,7,30,1,2
2518,2519,3,30,1,2,5,10,1,5,20,25,5,10,15,20,5,5
296,297,15,10,3,2,12,10,5,5,20,15,3,10,20,30,3,2
4633,4634,15,20,1,2,5,15,5,10,20,15,5,5,7,10,3,2
2332,2333,8,30,5,2,5,10,1,10,15,15,5,2,20,20,5,5
6146,6147,8,20,1,2,12,15,5,10,15,25,1,5,20,30,3,5
1110,1111,8,20,5,5,12,20,1,2,7,15,3,2,7,20,3,10
2312,2313,15,10,3,10,12,10,3,2,15,15,1,10,20,10,5,5
6999,7000,15,30,1,2,5,10,1,10,20,10,1,10,7,10,5,10
7225,7226,8,30,5,10,5,10,1,5,20,10,5,2,7,20,3,2
6270,6271,15,30,3,10,8,10,5,5,20,25,3,10,15,20,3,5
6392,6393,3,30,1,2,8,15,5,10,20,10,1,5,7,20,3,2
2493,2494,3,30,3,10,12,10,1,2,7,10,1,2,7,10,3,5
2944,2945,3,20,3,2,12,15,5,10,20,25,1,5,20,20,5,2
493,494,8,30,5,5,12,20,1,5,20,10,5,2,7,20,3,10
1096,1097,15,20,3,10,12,15,1,5,20,25,5,10,15,10,3,5
2477,2478,15,10,5,5,5,10,5,2,20,25,1,10,20,20,1,2
5058,5059,8,20,1,2,8,20,5,10,20,25,5,2,7,20,1,5
3521,3522,15,20,5,2,8,20,1,5,15,15,3,5,20,20,1,5
6106,6107,15,30,1,5,5,15,3,10,20,10,1,2,15,10,1,5
6732,6733,8,20,3,2,12,20,1,10,15,10,5,5,15,20,1,2
3775,3776,15,20,3,5,8,10,1,2,15,15,3,5,20,10,3,2
151,152,3,30,3,5,5,15,5,10,15,25,3,2,7,30,1,10
3873,3874,8,10,3,2,8,15,1,5,20,10,5,10,15,10,5,2
1874,1875,3,30,1,2,8,10,3,10,20,25,5,5,15,30,5,5
4011,4012,3,30,3,2,8,20,3,5,15,15,1,10,7,10,1,2
558,559,3,30,5,5,8,20,5,2,7,10,3,5,7,20,1,2
541,542,15,10,5,2,5,15,5,2,20,25,5,5,7,30,1,5
1738,1739,8,30,5,2,5,15,1,5,7,25,3,10,15,10,3,10
2516,2517,8,20,3,10,5,15,3,5,7,10,1,10,15,20,3,2
7322,7323,15,30,3,5,8,15,3,2,15,15,1,2,20,20,1,2
4763,4764,15,10,5,2,8,15,3,2,20,10,5,5,20,30,1,5
4992,4993,8,30,5,5,8,10,5,10,15,10,3,5,15,10,3,10
1870,1871,8,10,3,5,8,10,3,2,15,10,3,5,15,20,1,10
2232,2233,3,20,3,5,12,15,5,5,7,25,3,10,20,20,3,5
1134,1135,3,10,5,5,12,20,5,5,15,25,5,5,15,30,5,5
2192,2193,3,10,5,2,5,10,5,5,15,15,5,5,15,10,3,10
1081,1082,8,30,1,10,8,15,3,5,7,10,1,5,15,10,1,10
7545,7546,8,10,3,2,8,20,3,10,15,10,1,2,7,30,1,10
1213,1214,15,30,5,5,5,10,5,2,20,10,1,2,7,30,3,2
2449,2450,15,30,1,10,12,15,3,5,20,15,3,10,7,20,3,2
5209,5210,3,10,5,10,8,10,1,2,20,10,3,2,7,10,5,2
4979,4980,3,20,3,5,8,10,1,2,20,15,1,5,15,10,5,5
6489,6490,3,10,5,2,5,10,3,5,7,15,3,2,20,20,1,10
7408,7409,15,10,3,10,12,20,5,2,20,15,1,5,7,30,5,2
2780,2781,3,30,1,10,12,15,3,2,7,25,5,5,7,10,3,10
3617,3618,8,30,3,5,5,20,5,2,20,25,5,10,7,30,5,5
4565,4566,15,30,1,5,5,15,1,2,20,10,1,5,15,30,5,2
1789,1790,3,30,1,5,5,20,3,2,7,25,1,2,7,20,5,5
4950,4951,15,10,5,5,8,15,3,2,7,10,3,5,20,20,1,5
1674,1675,15,10,3,10,5,20,1,10,15,15,5,5,15,20,1,2
5503,5504,3,20,5,10,12,10,1,10,7,15,1,2,20,20,5,5
756,757,8,10,3,10,12,10,3,5,7,15,1,10,20,10,1,2
447,448,3,20,3,5,5,20,3,2,7,25,5,5,20,20,1,2
6679,6680,8,20,1,2,8,10,1,10,7,15,5,2,15,10,1,2
2195,2196,8,30,1,5,5,10,3,5,7,10,3,10,7,30,3,10
4206,4207,3,10,1,10,5,15,1,10,15,10,1,10,20,10,1,5
2952,2953,15,20,1,2,8,20,1,2,20,25,3,5,7,10,3,2
1997,1998,15,30,5,5,8,10,1,10,20,25,5,5,15,20,3,2
6922,6923,15,10,1,2,8,10,5,2,20,25,5,2,15,20,3,2
6064,6065,3,30,3,5,5,20,3,2,7,25,1,10,20,20,5,2
5122,5123,15,10,5,2,12,10,1,2,15,25,3,5,20,10,1,5
2607,2608,8,20,1,2,8,15,5,5,20,10,1,2,20,30,5,2
1330,1331,15,20,3,2,8,10,1,2,20,15,3,5,20,10,1,10
466,467,8,30,1,2,8,20,5,10,7,25,5,5,20,20,3,10
4880,4881,15,10,5,5,8,20,5,5,7,10,1,10,15,30,3,2
705,706,15,10,3,5,8,20,5,10,20,25,5,5,7,20,3,5
1458,1459,3,10,1,10,5,20,1,10,15,10,1,10,20,10,1,2
862,863,8,10,1,2,5,15,1,10,20,25,5,2,20,30,5,5
7233,7234,8,30,1,2,5,20,1,5,20,15,1,10,15,30,1,2
254,255,8,10,3,5,5,10,1,5,7,15,1,5,20,10,5,10
1166,1167,8,30,1,2,12,20,1,2,15,10,5,2,20,20,5,2
2479,2480,3,30,1,5,8,20,3,5,7,25,5,5,20,20,1,2
6653,6654,8,10,5,10,5,15,3,2,7,15,5,2,7,20,1,10
532,533,15,30,5,5,12,10,1,5,7,10,1,10,15,10,5,10
3333,3334,15,10,5,10,5,20,3,5,15,15,3,5,20,30,5,5
7615,7616,3,30,5,10,12,15,3,5,7,10,5,5,7,10,5,5
1075,1076,15,20,5,5,5,20,5,5,15,15,3,2,20,20,5,10
3165,3166,3,10,3,2,5,20,3,10,7,15,3,2,15,10,3,5
3091,3092,15,30,1,10,8,20,1,2,20,10,3,10,15,30,5,10
5874,5875,8,10,3,10,5,10,1,10,7,15,5,2,20,30,1,5
2003,2004,15,20,3,10,12,15,1,2,20,15,5,2,20,20,5,10
5308,5309,8,20,5,2,12,20,5,2,7,25,1,5,15,20,3,2
534,535,3,10,1,2,12,10,5,10,15,25,3,10,15,30,3,5
2602,2603,15,20,1,10,12,10,5,10,15,10,5,2,15,30,1,10
5048,5049,3,10,5,2,5,15,3,10,7,10,1,5,20,10,3,10
4275,4276,8,10,5,2,12,15,3,5,7,15,1,5,15,30,3,2
810,811,8,20,3,10,12,20,5,10,7,25,5,2,15,10,5,5
4369,4370,8,10,1,2,12,10,1,2,20,25,5,2,20,20,3,10
2983,2984,8,30,5,10,8,20,5,5,7,10,5,5,15,30,1,2
3187,3188,8,10,1,2,12,10,5,5,15,10,5,10,15,30,3,2
1715,1716,3,20,3,5,8,15,1,10,7,15,3,10,7,10,1,2
611,612,3,20,5,5,5,15,1,2,15,25,5,10,7,20,3,5
3314,3315,8,10,1,5,12,10,5,2,20,10,1,10,15,30,1,10
2618,2619,8,30,1,10,8,20,1,10,15,15,1,10,20,20,3,5
5574,5575,15,10,3,5,12,15,1,10,20,10,5,5,20,10,1,10
3422,3423,15,20,1,2,5,20,3,10,15,10,1,10,7,10,5,5
291,292,8,30,3,2,8,15,5,5,20,15,1,10,20,10,1,5
4564,4565,3,20,3,10,5,15,1,10,15,25,5,10,20,20,3,10
4134,4135,3,20,3,10,5,10,5,5,15,25,3,10,15,10,3,10
5627,5628,15,20,3,5,8,15,3,10,15,25,1,5,7,10,1,10
4965,4966,8,30,5,5,8,20,5,10,7,10,3,10,7,30,1,2
2495,2496,15,20,3,2,8,10,1,2,15,25,5,2,7,20,5,10
3038,3039,3,20,5,5,12,15,1,5,15,25,5,10,15,30,3,5
4803,4804,8,10,3,10,12,20,3,2,7,15,1,5,20,30,3,10
6715,6716,8,20,3,2,12,20,5,2,7,15,5,5,20,10,1,5
512,513,8,10,3,2,12,10,1,5,15,15,5,10,7,10,1,2
5870,5871,3,30,1,5,5,15,3,2,7,15,3,10,7,30,5,10
3347,3348,3,30,1,2,8,10,5,5,15,15,3,2,20,20,5,10
4744,4745,8,20,1,10,12,15,1,10,20,10,1,5,15,30,3,10
4381,4382,15,10,1,10,5,15,1,5,7,10,1,10,15,30,1,10
3929,3930,3,30,1,10,12,10,3,5,15,25,1,2,7,30,3,10
1172,1173,8,20,5,5,5,10,1,10,20,10,5,5,7,20,5,5
3464,3465,15,30,1,2,8,20,5,2,15,15,5,10,7,20,5,5
5317,5318,15,10,5,5,12,10,1,2,7,25,1,10,7,10,3,5
6250,6251,15,20,3,5,12,15,5,2,20,10,5,5,20,30,5,5
1486,1487,3,10,3,2,8,10,1,2,15,15,5,2,15,30,5,2
197,198,3,30,5,2,5,20,1,5,15,25,5,2,15,30,3,2
5830,5831,8,20,3,10,8,20,3,5,20,10,5,5,7,20,3,10
4599,4600,8,20,3,2,8,10,3,10,15,15,3,5,7,30,1,2
4815,4816,8,30,3,2,8,20,5,5,15,10,5,2,7,10,5,2
2747,2748,3,30,5,2,8,10,3,5,7,25,1,5,7,10,3,10
5328,5329,15,10,3,5,8,10,5,10,15,15,5,10,20,20,5,10
6101,6102,15,10,5,2,12,20,1,5,20,10,3,5,7,10,1,2
242,243,8,30,5,2,8,20,1,10,7,25,3,5,20,20,5,2
582,583,3,30,3,5,5,10,5,5,20,15,5,10,20,30,3,5
221,222,3,10,5,2,8,10,3,5,7,25,3,2,20,10,5,2
6030,6031,3,30,3,2,5,20,1,5,15,15,3,5,15,30,5,2
7215,7216,8,20,3,10,12,10,3,2,20,15,3,5,7,10,5,5
3935,3936,3,20,5,10,8,20,3,10,15,10,5,10,7,20,5,10
4459,4460,15,30,1,10,5,10,3,5,7,10,5,10,7,20,1,10
1062,1063,3,20,5,2,8,15,1,2,15,10,5,5,7,30,5,5
2151,2152,15,30,3,10,8,10,1,5,7,10,3,5,7,30,5,2
4537,4538,8,30,5,5,8,10,3,2,7,15,3,5,20,20,1,2
7311,7312,15,20,5,2,5,15,3,2,20,10,5,10,7,20,5,2
1948,1949,15,10,5,2,12,20,5,10,15,15,5,10,15,30,3,5
4735,4736,3,20,1,10,12,15,1,10,7,25,1,2,20,20,3,5
4034,4035,15,20,5,10,5,20,1,5,7,25,5,5,15,10,5,2
1209,1210,3,30,3,2,8,15,3,5,20,15,3,5,15,30,5,10
4031,4032,3,20,3,10,5,15,5,10,15,15,3,2,15,20,5,2
3758,3759,3,10,3,2,12,15,3,2,7,25,1,10,15,20,1,2
3389,3390,8,20,1,2,5,20,5,10,15,10,1,5,7,20,1,2
342,343,8,30,3,2,5,20,5,2,20,10,1,2,20,20,5,5
3180,3181,3,10,3,2,12,20,3,2,20,25,5,2,15,30,3,5
663,664,3,30,5,5,12,20,3,5,20,15,1,5,20,10,1,5
4617,4618,15,10,1,2,12,15,5,2,20,25,5,2,15,10,1,5
5615,5616,3,10,5,10,12,20,1,5,20,25,1,10,20,10,1,2
326,327,15,20,1,5,5,20,5,5,20,25,3,2,20,10,1,2
3119,3120,15,20,3,2,5,10,5,10,20,25,3,2,15,10,1,5
4488,4489,8,20,3,5,8,10,3,5,20,15,1,5,20,10,1,5
563,564,3,20,1,2,12,10,3,5,20,15,5,10,15,20,3,5
5258,5259,3,30,5,5,5,15,5,5,15,15,1,2,7,30,3,10
7230,7231,15,20,3,2,5,15,1,5,7,10,3,10,20,20,5,5
181,182,15,30,3,5,12,15,5,5,15,25,3,10,15,30,3,2
1605,1606,3,20,5,2,8,15,5,2,7,10,1,5,20,30,5,10
7518,7519,3,20,1,5,12,20,5,2,20,25,1,2,7,20,5,10
5824,5825,15,20,5,2,5,10,3,2,7,15,1,2,7,20,3,5
1412,1413,15,10,5,10,12,15,5,10,20,10,5,10,20,20,1,5
6464,6465,15,20,5,10,8,15,3,5,15,15,5,2,20,30,3,10
7272,7273,3,30,1,2,12,15,5,10,7,10,3,5,20,30,1,10
2179,2180,15,10,3,2,8,10,1,2,7,10,1,10,20,30,5,2
5831,5832,15,10,5,5,12,20,3,5,20,15,1,5,7,30,3,2
2243,2244,3,20,3,10,8,20,5,10,15,25,1,2,7,20,3,5
2362,2363,3,30,1,2,5,10,3,2,15,10,1,5,7,30,3,2
7280,7281,15,10,5,5,5,10,3,10,20,10,1,10,20,30,1,2
827,828,3,20,3,10,5,20,5,10,15,15,3,5,20,10,5,5
7556,7557,15,30,1,5,8,15,1,2,15,25,5,2,20,20,1,2
6501,6502,8,20,5,5,12,10,3,10,20,10,1,10,20,30,1,5
1675,1676,8,20,3,10,8,20,3,10,7,25,3,5,20,10,3,10
757,758,8,10,5,5,8,20,1,10,15,25,3,2,15,20,5,2
1221,1222,3,20,1,10,8,20,5,5,7,10,1,10,15,20,5,10
6705,6706,3,10,1,10,12,15,3,5,20,10,5,5,7,30,5,2
7194,7195,15,10,3,10,5,10,1,10,20,15,5,10,7,20,1,2
6220,6221,3,30,3,10,8,20,1,2,20,10,5,10,7,20,5,10
4604,4605,15,30,5,10,8,15,5,5,7,15,5,10,15,10,1,10
7528,7529,8,30,3,10,5,10,3,10,7,15,3,5,7,10,5,5
6389,6390,3,30,5,2,5,20,1,10,15,25,5,5,20,30,3,10
5364,5365,15,10,1,10,5,20,5,2,15,25,1,10,15,20,1,5
5985,5986,8,10,3,2,8,20,1,10,15,25,1,2,7,10,3,5
3642,3643,8,20,3,5,12,20,3,10,15,25,1,10,20,20,5,2
1199,1200,8,20,5,10,8,20,3,10,20,10,5,5,15,10,3,10
4802,4803,8,30,3,10,5,20,1,2,20,25,5,10,20,30,1,5
2318,2319,8,30,3,10,5,20,1,10,15,10,1,10,20,10,1,5
726,727,15,20,1,10,5,20,3,10,20,25,1,10,15,10,5,5
4969,4970,15,20,5,10,12,10,1,10,20,15,5,2,15,30,3,2
1942,1943,8,20,5,2,5,10,1,2,15,25,1,10,15,20,1,2
2411,2412,8,10,1,2,12,15,3,5,7,10,5,2,15,30,5,10
7377,7378,3,20,3,5,5,20,3,10,15,15,3,2,15,20,1,10
3224,3225,3,10,1,2,8,10,5,2,15,25,3,2,15,20,3,2
7171,7172,15,10,5,10,5,10,3,5,20,25,1,5,20,30,1,2
7401,7402,15,30,1,10,12,10,3,5,20,25,3,5,7,30,5,10
4997,4998,8,20,1,2,12,20,1,10,7,10,5,10,7,20,1,2
5348,5349,15,20,5,5,5,10,1,10,20,10,3,10,15,30,5,5
677,678,3,20,3,10,8,15,5,2,20,25,3,10,7,20,5,5
4300,4301,3,10,3,5,8,15,3,2,7,10,5,5,15,30,5,2
913,914,3,20,5,5,8,15,3,2,20,10,3,10,15,10,5,2
5336,5337,15,20,5,10,5,20,1,10,7,25,5,2,15,30,3,5
4975,4976,15,10,1,10,5,20,3,10,20,15,1,5,20,10,5,10
6964,6965,15,20,5,5,8,10,1,2,20,25,1,5,15,10,5,10
338,339,3,10,1,2,5,20,1,5,15,10,5,2,7,20,1,10
3870,3871,8,10,3,5,5,15,1,10,7,15,1,2,15,20,1,5
2070,2071,8,20,5,2,8,20,1,2,20,15,3,10,20,20,5,10
7029,7030,3,20,5,10,8,20,1,2,20,15,5,2,20,10,1,10
7619,7620,15,30,1,2,5,20,3,10,7,25,3,5,15,30,5,5
998,999,8,20,1,10,8,20,1,5,7,15,5,5,15,20,5,5
85,86,3,30,5,10,5,20,3,2,20,15,5,5,15,10,5,2
7197,7198,8,10,1,10,5,10,3,2,20,15,5,10,20,10,3,10
911,912,3,30,3,5,12,20,5,2,20,25,5,2,20,30,1,2
4872,4873,8,10,5,10,8,10,5,10,15,15,1,5,7,10,3,2
6422,6423,3,30,1,5,5,15,3,10,7,15,1,10,15,30,1,5
6650,6651,15,10,1,10,5,15,3,5,7,25,5,10,15,10,1,2
3620,3621,15,30,3,2,12,20,3,10,7,15,3,10,7,30,3,10
2728,2729,15,10,3,5,5,15,3,5,7,15,5,2,7,20,5,5
4332,4333,3,30,3,2,5,10,5,10,15,15,5,5,15,30,3,2
4793,4794,3,20,1,5,12,15,5,2,7,15,3,2,15,30,1,2
1988,1989,8,10,1,5,8,20,1,2,7,15,3,10,15,20,5,5
5453,5454,3,30,3,2,5,10,1,2,15,10,3,10,7,30,3,5
6707,6708,3,10,3,10,8,20,3,10,20,25,1,10,20,20,1,10
6737,6738,15,20,3,2,8,15,5,10,7,10,3,2,15,30,5,2
4232,4233,15,30,5,2,8,15,1,10,15,10,5,5,7,20,5,10
167,168,15,20,3,2,12,20,5,10,20,10,1,2,7,10,3,2
7364,7365,3,30,1,5,5,10,1,10,20,10,1,10,15,10,1,10
4509,4510,8,30,3,2,5,15,1,2,7,10,3,2,15,20,5,2
7043,7044,8,10,1,2,8,20,1,10,15,10,1,2,20,10,1,2
4274,4275,3,20,1,2,5,10,3,10,7,25,3,5,7,10,5,2
6462,6463,8,10,5,10,8,10,1,10,7,25,5,5,7,30,1,5
7479,7480,8,30,1,5,5,20,5,2,7,15,1,5,7,30,3,5
305,306,8,10,5,5,8,15,3,2,7,10,5,2,15,30,3,2
5446,5447,15,10,1,5,5,20,1,2,20,25,1,5,7,20,5,10
4773,4774,8,10,5,5,8,20,1,5,7,25,1,2,7,10,1,2
3047,3048,15,30,1,5,5,15,3,5,7,25,3,10,15,10,1,5
7224,7225,3,20,5,2,5,10,3,10,20,15,1,10,7,30,1,10
5341,5342,3,30,1,10,5,15,3,5,20,10,1,2,15,10,5,5
700,701,15,20,1,2,12,15,3,2,7,25,3,10,15,10,1,10
5278,5279,8,20,1,5,8,20,1,2,7,25,3,5,15,20,1,10
969,970,3,10,3,10,12,15,5,2,7,25,5,5,20,20,3,5
6552,6553,15,10,1,5,5,10,1,2,7,25,3,5,20,20,5,2
5871,5872,15,30,5,2,5,10,1,2,7,25,5,5,7,10,1,5
3189,3190,3,30,5,2,8,20,3,2,7,15,3,10,20,10,1,2
2342,2343,3,10,3,5,12,15,5,5,7,25,3,10,15,10,5,5
1682,1683,3,10,3,10,8,10,3,5,7,15,3,2,7,30,3,10
2947,2948,3,30,3,10,8,20,5,2,7,25,1,10,20,20,1,2
1015,1016,15,30,3,5,5,20,1,5,20,10,1,2,20,30,3,2
7531,7532,15,30,1,10,12,15,1,10,7,15,5,5,7,10,1,2
3959,3960,8,10,3,10,8,10,3,5,15,25,3,5,15,30,5,5
422,423,15,30,3,5,5,10,3,10,20,25,1,10,7,10,1,10
3691,3692,15,10,1,2,5,10,1,5,15,25,5,2,7,30,3,2
4089,4090,15,20,1,5,8,15,3,2,20,25,5,10,7,10,3,10
7660,7661,3,10,5,10,12,15,3,10,20,10,3,5,7,30,3,2
7336,7337,3,20,1,5,8,15,1,10,20,25,5,5,15,10,1,5
2108,2109,15,20,3,5,8,15,5,2,15,10,1,2,20,10,3,10
1920,1921,3,10,5,2,8,20,3,10,7,15,5,2,15,20,1,5
6532,6533,8,30,5,2,8,20,3,10,15,15,5,5,15,20,5,2
3380,3381,15,30,3,2,12,20,1,2,20,10,3,10,7,10,3,2
2628,2629,15,20,1,5,5,10,3,2,7,15,3,5,20,20,5,10
3965,3966,8,10,5,5,8,15,1,5,20,15,3,10,20,20,5,10
2103,2104,15,10,5,5,8,10,1,10,20,25,1,10,7,30,5,10
1475,1476,3,10,3,10,8,15,1,2,15,25,3,10,15,30,5,5
2945,2946,3,10,1,10,8,10,5,10,7,15,3,5,20,30,3,2
6768,6769,15,20,1,5,8,20,1,2,20,25,5,5,7,10,5,2
3781,3782,3,10,1,5,8,10,1,10,20,10,5,10,20,20,3,5
2422,2423,15,20,1,10,12,15,5,2,15,15,3,10,20,20,1,10
3365,3366,3,20,1,2,8,20,1,10,15,10,3,10,20,20,3,2
3077,3078,15,30,1,2,8,20,3,10,20,10,1,5,15,20,3,5
7177,7178,3,30,3,10,12,20,3,5,7,25,1,5,15,10,1,5
1506,1507,8,10,3,5,8,15,1,5,7,25,5,10,15,10,5,2
1337,1338,8,10,5,10,5,15,3,5,7,25,1,5,7,30,1,2
5412,5413,15,30,5,5,5,15,3,10,7,10,1,10,15,10,1,2
5941,5942,8,30,3,5,8,15,3,2,7,10,1,5,7,10,3,5
7598,7599,3,20,1,10,12,15,1,5,20,15,5,2,15,30,3,5
2460,2461,8,20,3,5,12,20,5,10,15,10,3,10,7,30,1,10
804,805,3,10,1,2,5,10,3,5,20,15,5,10,7,30,1,5
3963,3964,3,20,1,5,8,15,5,2,7,10,3,5,15,10,3,2
2155,2156,8,20,1,5,8,10,5,10,15,10,1,10,7,10,5,2
634,635,15,20,5,10,5,15,5,5,15,15,5,2,20,20,5,2
7121,7122,8,10,1,10,5,15,3,10,7,10,3,10,7,30,3,5
322,323,15,10,3,2,5,20,5,5,7,15,3,10,15,20,1,5
3057,3058,3,10,5,2,12,15,1,2,15,15,1,10,15,20,1,10
1840,1841,15,30,5,10,5,15,3,10,15,25,1,5,7,20,3,2
3179,3180,3,20,3,2,8,20,5,10,7,15,3,5,7,20,3,5
3801,3802,3,20,1,10,8,15,3,10,7,15,5,5,15,20,1,10
4358,4359,15,20,3,2,5,15,1,2,20,10,3,5,7,20,5,2
4968,4969,15,10,3,10,5,10,3,5,20,10,5,5,15,20,5,5
2845,2846,15,10,1,5,12,15,1,2,7,10,3,10,7,20,3,5
3597,3598,15,30,3,5,8,10,1,5,7,25,3,10,15,30,1,5
5031,5032,8,10,3,2,8,10,5,2,15,25,5,5,7,20,5,10
3001,3002,8,10,5,10,5,10,1,5,20,15,1,5,15,10,3,5
7231,7232,3,30,1,2,5,20,1,10,20,10,1,5,7,10,1,5
2892,2893,8,30,3,10,8,15,1,10,20,25,3,2,20,30,5,10
2355,2356,8,10,3,2,8,20,5,10,7,15,5,2,15,20,1,10
7552,7553,15,20,3,5,5,15,1,10,15,15,1,5,7,20,1,2
2537,2538,8,30,1,10,5,15,3,5,20,25,3,5,20,20,3,2
6278,6279,8,30,1,2,5,10,5,10,15,25,1,10,20,30,3,10
6367,6368,3,20,1,2,12,15,5,2,7,10,1,2,7,10,3,2
6855,6856,3,20,1,2,12,20,1,5,15,15,1,5,15,20,1,5
4483,4484,8,30,5,2,5,20,3,10,15,25,1,5,20,20,1,2
6379,6380,3,20,5,2,5,20,3,2,15,25,5,2,15,20,5,2
4394,4395,8,30,5,2,8,15,3,10,15,25,3,5,7,20,1,2
1089,1090,3,30,5,5,8,15,1,10,15,25,3,10,20,20,5,2
6028,6029,15,20,5,5,12,20,1,10,15,15,1,2,15,30,3,2
7002,7003,3,30,3,10,5,15,5,2,7,25,1,2,20,30,3,10
5033,5034,15,20,3,2,5,15,3,2,20,15,3,10,15,20,5,10
1400,1401,3,30,1,10,8,20,1,2,15,10,1,10,7,20,5,10
6581,6582,15,20,3,2,5,15,5,2,20,10,1,5,7,10,5,5
5384,5385,3,20,3,5,8,15,1,2,15,25,1,5,7,30,3,5
1193,1194,8,10,3,2,8,20,1,10,15,10,5,10,7,10,5,5
2984,2985,15,20,5,2,8,20,3,5,20,25,3,2,15,10,3,10
5472,5473,8,10,5,5,5,20,5,5,7,10,5,5,20,20,5,5
5619,5620,8,30,3,5,5,15,3,10,15,25,5,2,15,10,3,2
1755,1756,3,30,1,5,5,10,1,5,15,15,1,5,20,10,3,2
4998,4999,8,30,3,10,5,10,5,2,15,25,3,10,20,30,5,10
3828,3829,3,20,3,2,5,20,5,5,15,15,1,5,20,30,3,10
4547,4548,8,10,1,10,12,10,3,10,15,15,3,10,15,30,3,5
2317,2318,8,10,3,2,12,10,5,10,7,25,1,10,15,20,1,10
1958,1959,3,20,1,10,5,10,3,10,20,25,5,5,15,10,5,2
5152,5153,3,30,5,10,12,10,1,2,15,25,3,5,7,10,5,10
7573,7574,15,30,3,2,5,10,5,10,20,10,3,2,20,20,5,10
5488,5489,3,20,1,2,8,15,1,5,7,25,5,5,15,30,1,5
7061,7062,15,20,3,2,5,20,5,5,20,10,1,10,20,30,3,10
4655,4656,15,30,5,2,12,15,1,2,7,10,3,5,7,20,3,5
5188,5189,8,30,3,10,5,10,5,2,20,10,3,5,7,30,3,2
2649,2650,3,30,1,10,12,10,5,10,7,10,3,2,7,10,1,2
5497,5498,15,20,1,10,5,15,3,5,20,10,5,10,20,10,1,10
5036,5037,8,30,5,5,12,15,1,5,15,15,3,2,7,20,5,5
4776,4777,3,10,3,5,12,15,1,2,20,25,1,5,7,10,3,5
3327,3328,15,20,3,5,5,10,5,2,20,15,1,10,7,10,1,10
5628,5629,8,30,3,2,12,20,1,10,15,25,3,5,7,20,3,10
4280,4281,8,10,5,2,12,20,3,10,7,10,1,5,15,20,5,2
711,712,8,20,3,10,5,10,5,2,7,15,3,10,15,10,1,2
7234,7235,8,10,5,10,8,10,5,5,20,10,1,10,20,30,3,10
876,877,3,30,5,10,12,10,5,2,20,15,5,5,20,10,1,5
2035,2036,15,20,5,2,12,20,1,5,7,10,1,5,15,20,1,10
7457,7458,8,30,3,5,5,20,3,10,7,25,1,2,20,20,1,10
6755,6756,3,30,3,5,12,20,3,10,15,10,1,10,15,30,1,5
6845,6846,8,30,5,10,5,15,1,10,15,10,5,2,7,20,3,5
2502,2503,8,10,3,2,12,20,3,10,15,15,1,5,20,20,5,2
1700,1701,3,10,3,10,8,15,1,5,20,25,3,10,20,10,5,10
3435,3436,15,20,1,5,12,15,1,5,15,15,3,2,15,10,1,2
760,761,3,10,5,5,5,10,5,5,7,10,3,10,15,20,3,2
5311,5312,8,30,3,5,5,15,5,2,15,10,3,10,7,20,1,10
5616,5617,15,20,5,5,5,10,3,5,15,25,1,2,15,30,5,10
3927,3928,8,10,3,2,12,20,1,10,7,15,5,2,15,10,5,10
2756,2757,15,20,1,2,8,15,1,10,7,10,3,5,7,10,1,2
4863,4864,15,10,1,10,12,15,5,5,15,25,3,2,7,10,3,2
659,660,3,30,5,10,12,10,3,2,15,15,1,10,20,10,1,5
2864,2865,8,20,3,5,5,10,3,10,7,25,1,2,15,20,3,5
5705,5706,8,20,3,10,8,20,1,5,20,15,5,2,20,20,3,5
3024,3025,8,30,1,2,8,15,5,5,15,10,5,2,15,30,3,5
4829,4830,3,10,1,2,12,20,1,10,20,15,3,10,15,30,3,2
1563,1564,8,10,3,10,12,20,3,5,7,25,5,2,15,20,3,2
3106,3107,8,20,5,2,12,10,1,10,15,10,1,10,7,20,3,2
2015,2016,8,20,3,5,8,10,5,5,7,10,5,10,20,30,5,5
2078,2079,15,20,1,5,8,15,3,2,7,15,5,2,15,10,1,2
5372,5373,3,10,3,2,12,20,3,2,15,10,3,5,20,20,1,5
2511,2512,15,10,1,10,5,15,3,2,15,25,5,10,15,20,1,10
132,133,3,10,3,10,8,10,3,5,15,15,3,10,20,30,5,10
2642,2643,8,10,3,2,12,20,3,10,15,25,5,10,15,30,5,10
887,888,8,20,3,5,8,10,5,5,20,15,3,5,15,10,1,5
5868,5869,8,20,5,10,8,20,1,10,7,25,3,10,7,10,5,10
3136,3137,8,30,3,10,12,20,5,10,7,25,3,10,7,30,1,5
2253,2254,3,20,5,5,12,10,3,2,15,25,1,2,20,10,5,5
102,103,8,10,1,2,5,10,1,10,20,25,1,10,20,20,3,2
6178,6179,3,10,1,10,5,15,1,2,15,15,5,5,7,10,5,5
5671,5672,15,30,3,10,8,10,1,10,7,15,1,2,15,20,5,5
1348,1349,3,20,3,2,12,20,5,2,15,10,5,5,7,30,3,2
264,265,15,20,5,5,12,15,3,2,15,25,5,10,20,30,1,10
310,311,3,10,3,2,12,20,5,5,7,10,1,2,15,20,5,10
5668,5669,15,10,5,10,8,15,5,2,7,15,5,2,20,10,1,10
6283,6284,8,20,3,2,5,10,1,10,20,15,1,10,20,10,1,10
4765,4766,3,10,5,2,8,10,1,10,15,25,5,10,7,20,1,2
7427,7428,15,10,1,5,8,20,1,10,15,25,1,10,20,10,5,10
1645,1646,8,30,5,10,5,20,1,10,15,10,3,5,7,20,3,5
7413,7414,3,10,5,5,5,15,5,5,7,25,5,10,20,10,1,5
472,473,3,30,3,10,5,20,3,10,20,10,1,2,15,30,5,5
7309,7310,8,30,5,2,5,15,5,10,15,25,1,2,20,10,1,5
6325,6326,3,10,5,2,8,20,1,2,15,10,5,5,7,30,1,5
5763,5764,3,30,5,2,8,10,5,2,15,25,3,2,20,10,3,10
3824,3825,3,10,5,2,5,15,5,5,7,25,3,5,15,20,1,5
7540,7541,8,30,5,5,8,10,5,10,15,15,5,2,15,20,3,2
2452,2453,3,20,5,2,8,10,1,2,20,15,5,10,7,20,1,10
3167,3168,3,30,1,2,8,20,1,2,20,10,1,2,15,20,3,2
7033,7034,8,30,1,5,5,15,3,10,20,25,5,2,7,10,3,10
2313,2314,3,10,3,5,8,20,1,5,7,10,1,2,7,10,3,5
1566,1567,3,20,3,2,5,10,5,5,7,25,1,10,15,30,5,2
4637,4638,15,20,5,10,12,15,3,2,20,25,5,10,7,10,5,10
2407,2408,3,20,5,5,12,15,5,10,7,10,5,10,20,10,5,2
1396,1397,8,30,1,2,12,10,3,2,7,25,3,2,15,10,5,10
4723,4724,15,30,1,5,12,10,1,2,20,25,5,5,15,10,1,5
537,538,8,10,1,10,12,10,1,10,15,15,3,2,7,10,1,5
5186,5187,3,30,5,5,5,10,3,10,20,15,1,10,7,20,3,2
6838,6839,15,20,1,5,8,15,1,5,7,15,3,10,20,20,5,2
2203,2204,8,30,1,2,12,20,5,5,20,15,5,5,7,30,5,2
940,941,15,30,3,5,12,15,3,5,15,25,5,2,7,10,3,5
3284,3285,8,10,3,10,12,20,1,5,15,15,3,10,15,30,1,2
5093,5094,15,10,3,2,12,20,1,10,7,10,5,2,7,30,3,2
4686,4687,3,20,5,5,5,20,5,10,7,25,3,2,20,30,3,2
5768,5769,8,30,3,10,8,20,5,2,15,10,5,2,20,10,5,2
974,975,15,30,3,5,12,15,3,5,15,10,5,5,7,30,1,5
5102,5103,8,20,1,5,5,10,5,2,15,15,1,5,20,20,5,2
5149,5150,8,20,1,2,5,15,5,10,20,25,1,5,15,20,3,10
2635,2636,3,30,5,2,5,15,3,5,20,15,5,2,15,30,3,2
3184,3185,8,10,3,10,8,20,3,5,15,25,1,10,20,10,1,10
5206,5207,8,30,5,2,5,10,1,2,15,25,1,2,7,20,5,10
962,963,8,20,5,2,8,10,5,2,20,25,3,2,15,30,3,10
6668,6669,3,10,3,10,5,15,5,5,7,15,5,5,7,10,3,10
6956,6957,3,30,5,10,5,20,1,5,20,15,5,10,20,20,5,10
4331,4332,8,30,5,10,8,15,3,5,7,25,3,5,15,30,5,5
5354,5355,15,30,1,5,8,15,1,5,15,10,1,10,20,10,1,2
6960,6961,15,20,3,2,5,20,1,2,7,10,1,2,15,20,5,2
1391,1392,15,30,1,2,5,10,3,5,7,25,5,10,15,30,5,10
5528,5529,3,20,3,5,5,10,1,2,7,25,3,10,7,10,3,5
6844,6845,8,20,1,2,12,10,1,2,15,10,5,5,15,20,3,10
2791,2792,15,10,5,10,12,10,5,5,7,25,5,2,20,30,5,10
7098,7099,8,20,1,2,5,15,5,10,7,15,3,10,20,10,5,10
7523,7524,8,10,3,5,12,10,1,10,15,15,1,10,20,10,1,5
1994,1995,15,20,5,2,12,15,1,2,15,25,3,5,20,20,3,2
2095,2096,15,30,3,5,8,20,5,2,15,25,1,5,20,30,3,5
5049,5050,3,30,1,10,8,10,5,10,15,10,3,10,20,10,3,2
6269,6270,8,20,5,2,8,10,3,5,20,10,3,5,20,20,3,5
7170,7171,3,20,3,5,12,15,1,5,7,10,3,5,15,20,3,2
3363,3364,15,20,1,2,12,15,1,10,7,25,3,5,20,20,5,2
4099,4100,8,30,3,5,12,10,1,10,20,10,1,10,15,20,1,2
7089,7090,8,10,1,10,12,10,3,10,7,15,1,2,20,30,5,5
5166,5167,8,30,5,5,8,10,1,2,20,10,3,2,7,30,5,2
1771,1772,15,30,1,5,5,20,1,10,15,25,1,5,20,30,1,10
4559,4560,3,10,1,5,12,20,1,10,20,25,1,10,15,10,5,10
7281,7282,15,20,3,5,5,20,3,10,15,15,1,5,20,20,5,5
5297,5298,15,10,5,5,12,10,1,10,7,15,3,5,7,30,3,5
7046,7047,3,10,1,10,8,20,5,10,20,10,5,2,20,20,5,5
514,515,15,20,1,10,12,10,5,2,7,10,3,10,15,20,1,2
3643,3644,8,20,1,5,8,15,1,2,20,25,3,10,20,30,5,2
7152,7153,8,10,3,2,12,10,5,10,20,15,5,5,7,30,3,2
1716,1717,15,10,5,2,5,15,3,5,7,15,3,10,7,30,5,5
4745,4746,8,20,1,10,5,10,3,5,20,10,5,10,15,20,3,2
6774,6775,8,20,1,2,8,15,3,5,7,15,3,10,7,20,3,2
3287,3288,8,10,1,2,12,15,1,2,7,10,3,5,7,20,5,10
4712,4713,3,10,3,10,5,15,3,2,15,25,5,10,7,10,5,10
599,600,15,30,5,10,5,10,3,5,7,25,5,5,15,20,3,5
6255,6256,3,10,5,5,12,10,5,5,20,10,5,2,15,20,1,5
1335,1336,15,20,5,10,5,15,3,10,15,25,1,5,7,20,5,2
2911,2912,3,30,5,2,8,20,5,10,15,25,1,5,15,30,3,5
6442,6443,8,30,3,2,12,20,3,5,7,25,3,10,20,10,1,5
6132,6133,8,20,1,5,12,20,3,5,15,15,3,5,15,10,5,10
7433,7434,3,20,3,10,8,15,5,5,20,15,3,5,7,10,1,2
4716,4717,3,30,1,5,12,20,3,2,15,15,3,5,20,30,1,5
6763,6764,3,30,5,5,12,15,5,2,20,15,3,2,15,20,5,2
4156,4157,15,30,5,5,8,20,1,2,15,15,3,5,7,20,3,5
5653,5654,3,20,1,2,8,15,3,5,20,25,1,5,20,30,3,2
5441,5442,3,10,5,2,12,15,1,2,15,15,1,2,15,10,3,5
5596,5597,15,30,1,2,5,10,3,10,15,10,1,5,20,20,1,10
5555,5556,8,20,5,2,8,15,3,2,15,25,5,10,7,30,1,10
2941,2942,3,30,1,5,12,20,1,10,15,15,5,10,7,20,5,10
5713,5714,8,10,5,2,5,15,1,10,15,25,1,5,15,10,1,5
2976,2977,3,30,5,10,5,15,3,2,20,25,5,5,20,20,3,5
5949,5950,8,20,5,10,8,20,1,5,20,25,1,10,7,10,1,2
7508,7509,8,20,5,10,5,10,3,10,20,25,3,10,20,20,3,2
2370,2371,8,20,3,2,5,20,3,10,15,15,5,10,7,30,1,2
1559,1560,3,10,5,2,12,10,5,2,7,25,3,2,20,10,3,2
2438,2439,15,30,5,10,12,10,3,5,15,15,3,2,20,20,1,10
2262,2263,15,10,3,2,12,10,5,10,15,10,5,10,7,30,5,5
1498,1499,3,20,1,5,12,10,1,10,15,25,1,10,7,20,1,5
6506,6507,3,20,5,2,8,10,3,2,20,15,1,5,7,20,1,2
1923,1924,15,30,5,5,12,15,3,10,20,15,1,10,7,10,3,10
6440,6441,8,30,5,2,5,10,3,10,20,10,5,2,20,20,5,2
7277,7278,3,10,5,10,12,20,3,2,7,25,3,2,15,20,1,10
2403,2404,15,20,5,5,12,10,1,10,15,25,1,2,20,30,5,10
6859,6860,3,20,3,2,5,20,1,2,15,15,3,10,20,30,3,10
3806,3807,8,20,1,2,12,10,3,2,20,10,1,10,20,30,3,5
59,60,3,10,5,5,5,10,5,10,15,25,3,2,20,20,1,10
1842,1843,3,10,3,2,8,20,1,10,15,10,1,10,7,10,3,10
4915,4916,8,10,1,10,12,15,1,10,15,25,3,2,7,30,1,5
4406,4407,8,30,5,2,8,20,5,2,7,25,1,2,7,20,1,5
3478,3479,8,30,3,5,8,10,1,5,15,10,5,5,15,10,3,2
547,548,15,30,5,5,8,20,1,10,15,10,3,2,7,30,5,5
2847,2848,15,10,1,10,8,10,3,10,7,25,1,5,7,30,3,2
7611,7612,8,10,5,2,12,10,5,5,15,25,5,10,20,30,3,5
2094,2095,3,30,1,5,12,15,3,5,15,10,5,5,15,10,3,2
1549,1550,8,10,1,10,8,10,3,5,7,15,5,10,7,30,1,10
2305,2306,15,30,3,10,8,10,3,2,15,25,5,5,15,10,1,2
7302,7303,8,10,3,5,12,15,1,5,20,10,3,2,20,30,5,5
479,480,15,10,1,2,5,15,5,10,15,25,5,2,7,10,1,10
2538,2539,3,20,5,5,5,10,1,10,15,10,1,10,7,10,3,2
2886,2887,3,20,5,5,12,15,3,5,20,10,3,2,15,10,3,10
1578,1579,3,10,3,10,5,15,1,10,15,10,1,10,15,20,3,2
5655,5656,15,10,5,10,5,10,3,10,20,10,3,10,20,20,5,2
1886,1887,15,20,3,2,5,20,5,5,20,15,3,10,7,20,1,10
4035,4036,15,30,1,5,5,20,3,2,20,25,5,10,7,30,5,5
3048,3049,8,30,5,2,12,15,5,2,15,10,5,10,20,10,1,10
6371,6372,8,30,5,2,8,20,5,2,7,15,3,5,20,20,1,2
6268,6269,8,10,1,5,8,15,3,10,20,10,1,2,15,30,1,10
1332,1333,15,30,3,2,5,15,1,5,7,10,5,2,15,20,5,10
5827,5828,15,20,3,5,5,10,1,5,20,10,3,10,15,30,1,10
3240,3241,8,20,1,2,12,20,1,10,20,25,3,5,15,20,1,2
1504,1505,8,30,1,10,5,10,1,5,20,10,1,5,15,10,5,2
1701,1702,8,10,1,5,5,10,3,5,7,10,5,2,20,10,3,5
5736,5737,3,10,3,10,8,15,5,5,20,10,1,2,20,30,5,2
3263,3264,15,30,5,2,5,15,3,5,15,25,1,10,15,20,1,2
5890,5891,15,10,3,10,5,10,3,2,20,10,1,10,20,30,5,2
4169,4170,8,20,1,10,5,20,5,10,20,25,5,10,20,10,3,5
6252,6253,8,20,5,5,8,10,1,10,15,10,3,2,7,30,3,5
7521,7522,3,30,3,5,12,20,3,5,7,15,1,2,15,30,1,5
3229,3230,8,10,3,2,12,15,3,2,7,15,5,5,20,10,1,5
2088,2089,3,30,3,2,8,10,1,5,7,25,1,10,20,10,1,5
7411,7412,15,10,1,10,12,10,5,5,15,15,5,2,15,10,5,2
5695,5696,15,20,3,10,5,10,3,5,20,25,3,2,7,20,3,10
5012,5013,3,20,1,10,5,15,1,10,7,10,1,10,15,20,1,5
2248,2249,3,20,3,2,5,15,5,5,7,10,5,5,15,20,3,5
2375,2376,8,20,3,5,5,20,1,5,7,15,3,10,15,20,1,2
6738,6739,8,10,1,5,8,15,3,2,20,10,3,2,20,10,5,5
5634,5635,3,20,3,10,8,20,5,10,15,15,1,2,20,10,5,5
1010,1011,15,30,1,5,8,20,3,2,20,25,5,5,7,30,1,2
4245,4246,8,10,3,5,12,20,5,5,15,25,3,10,7,10,1,10
2476,2477,3,30,3,5,8,20,3,2,7,15,3,2,7,20,1,2
1752,1753,15,10,5,10,5,10,5,10,15,25,1,5,7,10,1,10
7182,7183,15,30,3,5,5,20,5,5,20,15,3,5,15,10,3,10
5953,5954,15,10,5,5,12,20,1,10,7,25,3,10,7,20,3,2
4283,4284,15,20,3,10,5,15,1,2,15,15,5,10,15,10,5,10
469,470,8,20,5,5,12,10,3,2,20,25,1,5,7,30,5,5
5939,5940,15,30,5,10,12,15,5,5,7,25,3,5,7,20,5,2
4174,4175,15,10,5,2,5,10,1,2,7,15,5,5,20,30,5,2
1334,1335,8,10,3,2,5,10,3,2,20,15,3,10,20,10,1,10
2612,2613,3,10,3,10,8,20,1,5,15,15,3,10,7,10,5,10
4141,4142,8,10,5,2,5,20,5,5,20,25,3,10,15,20,5,2
5858,5859,15,10,1,10,5,20,3,2,15,10,5,5,20,30,3,10
2217,2218,15,20,3,2,5,15,3,10,15,15,5,5,7,30,3,5
1299,1300,3,20,5,5,5,20,1,2,15,25,5,5,15,30,1,2
6714,6715,8,10,3,5,12,10,5,2,7,15,5,10,15,30,3,5
7138,7139,15,20,5,2,12,15,1,10,7,10,5,2,15,30,1,2
1143,1144,8,30,3,5,5,15,3,10,20,25,5,2,15,30,5,5
3428,3429,3,10,5,10,12,10,5,2,15,15,3,2,15,20,3,10
1817,1818,15,30,5,2,12,15,5,2,20,15,3,2,20,10,1,10
904,905,3,30,1,5,12,20,1,2,15,25,3,2,20,20,5,2
5059,5060,15,20,3,2,5,20,3,2,15,10,5,10,15,30,1,10
3776,3777,3,20,3,10,12,10,5,10,7,10,1,10,20,20,5,10
1347,1348,8,30,1,10,5,15,5,5,7,15,5,10,7,20,5,2
6175,6176,8,20,1,5,8,10,3,5,7,15,1,2,15,20,3,10
7699,7700,8,20,1,10,12,15,3,5,20,15,1,10,7,30,5,5
6103,6104,3,10,1,10,5,20,3,5,15,25,1,5,7,10,3,5
4413,4414,8,20,1,10,12,10,5,2,7,15,5,5,15,10,3,10
2245,2246,15,20,5,5,5,15,5,2,20,10,1,2,15,30,1,2
1079,1080,8,10,3,5,5,10,1,10,20,15,5,2,15,10,3,10
2399,2400,3,10,5,2,8,20,5,5,15,25,5,2,7,10,5,10
7695,7696,15,30,5,10,12,20,5,5,20,25,3,10,20,20,3,10
6912,6913,3,20,5,2,5,15,1,5,7,15,3,10,7,20,5,2
3272,3273,8,30,1,5,5,10,3,5,7,15,5,2,20,10,5,10
4288,4289,3,10,5,2,8,10,1,10,7,10,1,5,20,20,1,5
6869,6870,15,10,1,10,8,20,5,2,20,25,1,10,20,30,5,2
4330,4331,8,30,5,2,12,15,5,2,20,25,5,5,20,20,5,2
2259,2260,8,10,1,5,8,20,3,2,7,25,5,5,20,20,5,10
4714,4715,3,10,1,2,8,15,3,2,15,15,5,10,7,30,5,10
3270,3271,15,30,5,10,12,15,5,5,20,25,3,10,20,10,3,5
2425,2426,3,20,3,2,12,10,1,10,20,25,3,10,7,30,1,2
4168,4169,8,20,1,10,12,15,5,5,20,15,1,2,15,30,3,10
143,144,3,10,5,5,8,15,5,5,7,15,3,2,20,30,1,5
2414,2415,15,10,5,2,5,15,5,5,7,10,3,2,15,30,3,2
4555,4556,3,30,5,10,12,15,1,10,7,10,3,2,20,10,5,10
1853,1854,15,30,3,2,8,10,5,5,7,25,5,10,20,20,1,2
6919,6920,15,10,3,5,12,10,1,5,20,25,1,10,15,30,1,10
566,567,3,20,3,10,5,20,5,2,7,15,1,2,20,20,5,5
283,284,8,20,5,10,5,10,1,10,15,25,3,2,15,20,1,10
5064,5065,8,30,1,2,8,10,5,10,7,10,1,2,15,20,3,5
7635,7636,3,10,3,5,12,15,3,10,20,10,5,5,7,10,1,10
1399,1400,8,10,3,2,5,20,1,2,20,15,1,10,20,10,1,2
7577,7578,3,10,1,5,8,10,3,5,20,10,3,2,7,10,3,10
5276,5277,15,30,5,5,5,15,3,2,20,15,5,2,15,30,3,10
7143,7144,15,30,5,2,5,10,5,10,15,10,3,5,7,20,3,2
371,372,3,10,5,2,12,20,3,10,7,25,1,10,15,10,3,10
4214,4215,15,30,5,2,8,15,5,5,20,25,3,2,7,30,1,10
5969,5970,3,10,5,2,12,15,5,5,20,10,3,5,7,10,5,5
6260,6261,8,20,3,10,8,20,5,2,7,25,1,2,15,10,1,2
7691,7692,3,30,1,5,5,10,3,2,20,10,3,2,15,30,1,10
4933,4934,15,10,3,10,5,15,3,5,20,10,3,5,7,30,3,5
1029,1030,8,20,3,2,12,10,3,10,20,15,1,2,7,10,1,5
3155,3156,3,30,1,5,5,10,5,5,7,10,1,5,7,30,3,10
5683,5684,8,20,1,10,12,15,1,5,15,25,3,10,20,30,3,2
343,344,8,20,5,2,8,10,1,5,7,10,5,2,7,20,1,2
6308,6309,15,30,1,5,12,20,1,10,15,25,3,5,7,20,3,10
64,65,3,10,5,10,5,10,5,10,20,10,3,10,20,30,1,10
5908,5909,15,10,1,10,5,10,1,2,15,10,3,10,15,10,1,10
3361,3362,15,30,1,2,12,15,5,10,15,10,5,10,15,20,1,10
3590,3591,8,30,5,10,12,10,3,5,15,15,3,10,20,20,3,2
5438,5439,15,30,1,10,8,10,1,10,20,10,3,10,15,10,5,10
1732,1733,3,20,1,10,12,15,3,5,7,25,3,10,15,10,3,2
5654,5655,3,20,1,2,5,10,3,10,15,25,1,2,15,20,1,2
1651,1652,8,10,5,5,8,20,1,10,7,10,5,5,7,10,1,10
4961,4962,3,10,1,2,5,20,3,5,20,10,5,2,20,20,1,2
6471,6472,15,20,3,10,8,15,1,10,7,25,5,5,7,10,5,5
2948,2949,15,10,1,5,8,20,1,2,15,15,5,5,7,20,3,10
2861,2862,8,20,5,10,8,20,5,10,15,10,5,10,15,10,5,5
4600,4601,3,20,1,10,8,15,3,2,20,15,5,5,7,20,5,5
2687,2688,8,30,5,10,12,10,5,5,7,15,1,5,20,20,5,5
3217,3218,8,30,3,2,5,20,3,2,20,10,1,5,7,30,3,10
5231,5232,8,20,3,2,12,10,5,2,7,15,3,2,15,10,3,10
1512,1513,15,10,1,2,12,15,5,2,20,10,3,5,7,30,5,2
4681,4682,15,30,5,10,12,20,1,5,7,15,1,2,20,10,1,2
3730,3731,3,30,3,2,8,20,1,5,20,10,3,2,7,20,3,2
2048,2049,15,30,3,10,5,10,3,10,7,25,1,5,15,10,1,5
5280,5281,8,10,1,5,8,15,1,5,20,10,3,2,15,20,3,10
6452,6453,15,10,1,5,8,20,3,10,20,10,1,10,20,20,3,2
3512,3513,8,10,3,2,8,20,3,2,20,10,3,10,15,10,3,5
381,382,8,30,5,2,12,10,5,2,20,10,1,5,15,10,3,2
3681,3682,3,30,1,5,12,10,5,2,20,10,5,10,15,20,3,5
6990,6991,3,10,1,5,5,20,1,10,7,10,3,5,7,20,1,10
4135,4136,3,20,1,10,12,20,1,10,20,15,1,5,15,30,3,5
4423,4424,8,10,1,10,5,20,3,10,15,25,1,5,15,10,3,2
1290,1291,8,30,1,10,5,20,1,5,7,25,1,10,7,30,1,2
7584,7585,3,20,3,2,8,10,3,10,15,25,1,10,15,20,3,5
805,806,8,10,1,5,12,10,5,5,7,25,3,10,15,30,5,5
2709,2710,15,30,3,10,8,15,5,2,7,15,5,2,7,30,1,5
1784,1785,15,20,1,2,5,15,3,5,7,10,1,5,20,10,3,10
5663,5664,3,30,3,10,5,15,5,10,15,25,5,5,7,10,5,2
7010,7011,8,20,1,10,8,10,3,5,15,15,5,5,15,30,5,10
5538,5539,3,10,3,2,5,10,1,2,20,15,1,10,20,20,3,5
4372,4373,8,10,5,10,8,15,5,5,20,15,1,2,20,20,5,10
4894,4895,8,30,5,2,12,20,1,10,15,15,3,2,15,10,3,5
621,622,3,20,3,5,8,20,3,5,7,10,5,2,7,30,3,2
2727,2728,3,20,5,5,5,20,1,10,20,25,3,2,15,10,5,10
2424,2425,3,10,1,10,12,20,1,5,20,10,3,5,15,30,5,5
2083,2084,8,30,3,5,5,20,3,2,15,15,1,2,7,10,1,10
4420,4421,15,10,5,5,5,10,5,10,7,25,1,10,15,10,3,2
3532,3533,8,10,1,2,5,15,5,5,15,10,1,2,7,20,1,10
7384,7385,15,30,1,10,5,15,1,2,7,15,3,10,15,10,3,10
1214,1215,3,30,1,10,5,15,5,10,20,15,1,2,7,30,3,10
5227,5228,3,20,5,10,5,10,5,5,20,15,1,10,15,10,5,5
5115,5116,15,10,5,5,5,20,5,10,15,10,5,10,7,20,3,5
1365,1366,3,20,3,2,5,10,5,10,15,25,5,10,20,30,3,2
387,388,3,10,5,10,5,10,3,2,20,15,1,5,15,10,3,10
2887,2888,8,10,3,5,12,20,5,2,7,25,5,5,7,20,5,2
4900,4901,15,30,5,5,12,20,1,10,7,15,3,2,7,30,5,2
5766,5767,3,10,3,10,8,15,3,2,15,10,5,2,7,20,1,5
4069,4070,8,30,5,2,8,10,3,2,15,25,3,5,15,20,5,10
6275,6276,3,30,5,5,12,20,5,10,15,25,5,2,20,20,1,10
7059,7060,15,30,5,5,5,10,5,10,20,25,5,10,15,20,3,5
5756,5757,8,20,3,2,12,10,5,10,15,25,1,10,20,20,5,10
2636,2637,15,10,3,10,5,15,3,2,7,10,3,2,20,20,3,5
2497,2498,3,20,3,2,12,10,3,2,7,25,3,5,20,10,1,2
103,104,3,20,5,10,8,20,1,5,20,15,1,5,20,30,3,10
4516,4517,3,30,5,5,12,10,1,10,7,15,1,2,7,20,1,5
1598,1599,8,30,1,5,8,20,5,10,7,10,5,10,15,20,5,10
4895,4896,3,20,3,10,8,10,5,10,15,15,1,2,7,30,5,10
3086,3087,15,30,1,5,5,10,1,10,7,10,1,10,20,20,3,10
3097,3098,8,30,5,10,5,20,3,2,20,15,1,10,7,20,3,2
4697,4698,3,30,1,5,8,20,3,2,20,10,3,5,7,20,1,5
7627,7628,3,30,3,10,8,15,1,5,20,10,1,5,7,10,3,2
7091,7092,8,30,1,5,12,20,5,5,20,15,1,2,20,20,3,5
5119,5120,3,20,1,5,12,20,3,10,20,15,5,2,15,10,1,2
3855,3856,8,10,3,2,8,15,5,5,7,10,3,10,15,30,5,10
6832,6833,15,10,3,2,12,20,5,10,15,10,3,10,7,30,5,10
2102,2103,15,10,5,10,5,10,1,5,20,15,5,5,20,10,3,5
4364,4365,8,20,3,10,5,20,3,2,15,15,5,2,20,10,1,5
4208,4209,8,10,5,10,12,10,1,5,20,15,5,2,7,20,5,2
7613,7614,3,30,5,2,12,15,1,5,20,25,1,2,20,10,3,5
3809,3810,3,20,5,2,12,15,5,5,20,15,5,10,20,10,5,5
2397,2398,15,10,3,10,8,10,5,5,7,25,1,5,7,30,1,5
4740,4741,15,20,1,5,12,10,5,10,20,15,3,2,20,20,3,2
6079,6080,15,10,5,2,12,20,1,10,7,25,3,10,7,30,5,5
937,938,3,10,1,2,12,20,1,2,7,25,3,10,7,10,3,5
1839,1840,3,10,1,5,5,15,1,10,15,10,5,2,20,20,3,10
2962,2963,8,30,3,5,12,20,5,2,20,10,5,2,15,30,1,2
7365,7366,8,20,3,5,12,20,3,2,15,15,1,2,7,10,3,2
7468,7469,15,30,5,5,12,15,3,2,20,10,1,5,7,30,3,5
3404,3405,3,20,1,10,12,15,5,5,15,10,5,2,7,30,3,10
6848,6849,15,10,1,2,12,10,5,2,7,15,3,2,15,10,5,10
6143,6144,15,20,3,10,8,20,1,10,20,15,3,10,7,30,5,10
5847,5848,3,10,3,5,8,20,5,5,20,10,3,10,15,10,3,2
3127,3128,15,30,1,10,8,15,5,2,20,10,3,5,15,10,1,2
7218,7219,8,30,1,5,12,15,3,10,7,25,3,2,15,30,1,5
2461,2462,8,20,5,2,12,15,1,2,7,25,5,10,20,30,5,5
3882,3883,8,20,5,2,12,20,1,2,20,10,3,5,20,10,5,10
5631,5632,3,30,1,2,5,20,5,2,20,25,1,5,15,30,3,10
5855,5856,15,30,3,5,5,15,5,2,20,15,1,2,15,30,5,5
1783,1784,3,10,5,2,12,10,3,10,15,15,5,5,20,30,5,2
7460,7461,3,30,5,2,8,20,5,10,7,15,5,2,20,30,3,2
5823,5824,8,10,3,10,12,15,3,5,7,25,3,2,15,30,3,10
5955,5956,3,20,5,10,12,10,3,2,15,15,3,5,20,30,5,2
4293,4294,3,30,1,2,8,10,5,10,20,25,3,2,15,30,3,10
4085,4086,8,20,3,5,12,20,1,10,7,25,1,10,20,10,3,5
4603,4604,3,30,3,10,8,10,1,10,7,10,1,2,20,30,1,2
1126,1127,15,10,3,2,8,15,3,5,7,10,5,5,15,30,3,5
3099,3100,8,10,5,2,12,20,3,2,15,25,5,2,15,30,1,10
1780,1781,8,30,1,5,12,10,3,2,15,15,1,2,7,20,3,10
5932,5933,3,30,5,5,8,10,5,5,7,10,1,2,7,30,3,2
3843,3844,8,30,5,5,8,10,3,2,20,25,5,10,20,20,3,2
3414,3415,8,10,1,2,5,20,5,10,7,25,3,2,20,30,5,10
2371,2372,8,20,3,2,5,10,5,2,20,10,5,2,20,20,3,2
2420,2421,15,10,5,5,5,10,1,2,7,10,5,2,20,30,3,10
1879,1880,8,20,3,2,5,15,3,5,15,10,1,10,15,10,1,2
2968,2969,8,30,5,10,8,20,5,10,15,10,3,5,15,30,1,5
1521,1522,8,10,1,10,5,15,3,10,20,15,3,2,15,30,3,5
6941,6942,8,30,1,10,5,10,1,2,15,25,5,5,7,30,3,2
5962,5963,8,30,3,10,5,15,5,5,7,10,3,5,20,10,3,10
6872,6873,3,30,3,2,8,10,3,10,7,10,5,5,20,20,5,2
7441,7442,15,10,3,5,5,20,3,10,20,10,5,2,7,30,5,10
2156,2157,15,10,1,5,5,20,3,2,20,15,1,2,20,20,3,10
1354,1355,15,30,3,10,12,10,1,10,7,10,1,5,20,10,5,5
2633,2634,3,20,3,2,12,20,1,10,15,25,3,10,7,20,1,5
647,648,15,10,3,5,12,20,5,5,7,15,3,2,20,10,3,5
4267,4268,15,10,1,5,5,15,3,5,7,25,5,5,20,10,3,5
1438,1439,8,20,1,2,5,15,5,10,15,10,1,10,15,20,1,5
3684,3685,3,20,1,5,12,20,5,5,20,25,1,2,7,20,3,5
1769,1770,15,10,1,5,5,15,1,2,20,15,5,10,15,10,5,5
6556,6557,3,10,5,2,12,10,3,2,15,25,1,5,15,10,3,2
1417,1418,3,30,3,2,8,10,5,2,20,10,3,2,20,30,3,2
3714,3715,8,10,1,10,8,15,3,10,15,25,3,5,20,20,5,2
2760,2761,15,30,3,10,12,20,5,5,20,15,3,10,7,30,3,10
4227,4228,15,10,3,10,5,20,1,10,7,25,3,10,7,20,1,5
6647,6648,8,30,5,2,12,15,5,5,20,25,3,2,20,30,5,5
5646,5647,8,10,3,5,8,15,1,5,15,10,5,5,20,20,1,2
2383,2384,3,10,5,10,5,10,1,5,15,25,1,5,15,20,1,10
5507,5508,3,30,5,2,5,10,1,10,7,15,5,2,7,30,5,5
6479,6480,15,30,1,10,12,20,1,10,15,15,3,2,20,30,1,2
262,263,8,10,1,5,5,10,3,10,15,10,3,10,7,20,5,5
7028,7029,8,20,5,10,5,15,1,2,7,10,1,10,15,10,1,2
4443,4444,8,10,1,5,8,20,3,10,15,15,1,10,7,30,5,2
7382,7383,8,20,1,2,12,10,1,10,15,25,1,5,15,10,5,10
6923,6924,15,20,1,2,12,20,3,2,15,15,1,10,20,30,5,10
1609,1610,15,30,1,2,5,10,3,5,7,15,3,2,20,10,5,10
3238,3239,3,20,5,2,12,20,1,5,20,25,1,5,15,10,1,5
3704,3705,15,10,3,5,8,10,3,5,20,10,1,2,20,10,3,10
2936,2937,3,10,5,10,12,10,3,10,7,10,1,5,7,20,3,5
2354,2355,3,20,1,10,5,15,3,5,7,10,1,5,7,20,5,2
1999,2000,3,10,5,10,5,10,1,2,7,25,1,10,20,20,1,5
3628,3629,3,20,5,5,8,15,3,2,20,15,5,10,15,20,5,10
122,123,15,30,5,10,8,15,5,10,15,10,3,10,7,20,1,5
5268,5269,8,30,1,10,12,15,3,2,7,25,3,2,7,30,1,5
6169,6170,3,30,1,10,8,10,5,5,20,10,1,5,20,10,1,2
531,532,8,10,5,2,12,10,1,2,20,10,3,2,7,20,1,2
1890,1891,3,10,5,2,12,15,5,10,20,25,3,2,15,10,1,5
4644,4645,3,10,5,5,5,15,3,2,15,25,5,2,7,20,1,5
6058,6059,8,10,1,10,12,10,3,5,15,15,5,5,15,20,5,2
749,750,15,10,5,10,8,10,1,2,15,25,1,10,20,30,3,10
6102,6103,15,10,5,2,8,20,5,2,7,25,5,2,15,20,5,2
3675,3676,3,30,5,5,5,15,5,5,15,10,5,5,7,30,1,10
6830,6831,8,10,3,5,8,10,3,5,15,10,3,2,15,20,5,5
7652,7653,15,30,3,10,8,15,3,2,20,15,5,10,7,20,1,10
6660,6661,15,20,5,2,8,10,3,2,15,15,1,10,15,10,1,5
6592,6593,8,10,5,2,5,15,1,10,20,15,1,10,15,30,5,10
3154,3155,8,10,5,10,5,10,5,5,20,15,3,5,15,10,5,5
3819,3820,8,20,5,2,8,15,3,10,7,10,5,5,7,20,1,5
4855,4856,8,20,5,2,8,20,5,2,7,10,5,2,20,30,5,5
3923,3924,15,30,1,10,12,20,1,2,15,10,1,10,20,30,1,2
6020,6021,8,20,3,5,5,10,3,2,15,10,5,2,20,20,5,10
6295,6296,3,30,5,2,5,15,3,2,7,10,3,2,15,20,1,5
640,641,3,30,1,10,5,10,1,5,20,10,3,10,7,20,3,2
6162,6163,3,30,1,5,5,10,1,10,7,25,5,10,15,30,5,2
7288,7289,15,10,5,2,8,15,5,10,7,10,3,10,15,20,5,2
5431,5432,15,10,1,5,5,10,1,10,15,10,3,10,15,10,3,2
3851,3852,15,10,1,10,12,10,1,10,7,15,1,2,7,30,3,10
1854,1855,8,30,1,10,8,20,5,2,15,10,5,2,15,30,1,10
1898,1899,15,20,5,10,8,10,5,2,20,10,1,5,20,30,5,10
1073,1074,15,10,3,5,12,15,5,10,7,25,1,2,20,10,3,5
3130,3131,15,20,5,10,5,15,5,10,7,10,5,10,15,10,1,10
5795,5796,3,10,3,10,12,10,1,5,15,10,3,2,15,30,1,2
6752,6753,3,10,1,10,8,15,5,10,20,10,3,5,15,10,1,10
4586,4587,8,30,3,5,8,10,1,10,20,15,5,5,7,30,3,2
6850,6851,8,20,5,10,12,20,3,2,20,15,5,2,15,20,1,5
4906,4907,3,20,3,10,8,10,3,2,15,25,5,10,7,10,1,10
2826,2827,8,30,1,2,8,10,3,10,7,25,3,5,7,10,3,10
4344,4345,3,20,3,5,8,10,5,10,7,15,3,5,7,10,3,2
6342,6343,3,10,1,10,12,20,5,2,7,10,1,10,20,20,3,5
955,956,15,20,3,10,5,15,5,2,7,15,5,10,15,10,1,2
1915,1916,3,20,5,2,12,15,1,10,20,15,1,2,15,10,1,2
359,360,8,20,3,2,8,10,5,5,7,10,5,5,7,30,1,5
926,927,8,10,5,2,12,20,1,5,7,25,1,5,20,10,1,2
831,832,15,10,1,10,5,10,3,2,20,15,3,2,20,30,1,10
1277,1278,3,30,1,10,12,15,5,2,15,15,1,5,20,20,3,2
4311,4312,15,20,3,2,8,15,3,5,20,15,1,5,20,20,5,10
2418,2419,15,10,3,5,8,15,3,2,15,25,1,2,20,30,5,2
602,603,15,10,3,5,5,15,5,2,7,10,1,5,15,10,3,10
6218,6219,8,10,3,5,12,15,3,10,15,10,1,5,15,20,5,10
5781,5782,3,20,5,2,8,20,1,10,7,25,1,5,20,10,3,2
5661,5662,15,20,3,2,8,20,5,5,15,25,1,5,7,10,5,5
2548,2549,3,20,3,2,8,10,1,10,20,25,1,5,15,20,1,10
3519,3520,15,20,3,2,12,20,1,2,20,25,5,10,7,30,3,2
7160,7161,8,10,5,5,5,20,5,2,15,25,1,5,7,30,1,2
3562,3563,8,10,1,5,5,10,5,5,7,25,3,5,7,30,5,10
6950,6951,8,30,5,2,12,15,1,10,20,15,5,5,20,20,1,10
3884,3885,15,20,3,10,5,15,1,5,20,25,3,10,7,10,1,5
778,779,8,20,1,5,12,20,1,10,20,10,5,2,20,30,5,2
4152,4153,3,10,5,5,8,15,5,10,15,10,5,10,15,20,5,10
3472,3473,3,30,5,10,8,15,3,5,15,15,5,2,15,10,5,2
7069,7070,3,20,5,10,5,15,1,10,20,10,3,5,20,30,3,2
4306,4307,8,10,5,5,12,15,5,2,7,25,3,2,15,10,3,10
4229,4230,3,20,1,10,5,20,5,2,20,15,1,2,20,20,3,10
4607,4608,15,30,5,2,12,20,1,5,7,10,5,2,15,10,3,10
653,654,15,20,1,5,12,10,5,2,7,15,3,2,15,10,1,5
2099,2100,3,30,1,2,12,20,1,10,20,25,5,10,15,30,3,2
4514,4515,3,20,3,5,5,20,3,2,20,10,1,5,15,20,5,2
2583,2584,8,10,3,2,12,10,3,10,7,25,5,5,15,20,3,10
4252,4253,8,20,3,10,12,10,5,5,20,10,5,2,15,20,3,5
7316,7317,15,10,3,10,12,10,5,2,7,15,5,10,7,10,3,10
1182,1183,3,10,5,5,5,15,3,10,7,15,3,2,7,20,1,10
7658,7659,8,20,3,5,12,20,3,5,20,25,5,5,7,10,1,2
767,768,15,30,3,10,5,10,3,10,15,25,1,10,15,30,5,2
632,633,8,30,5,2,12,15,1,5,7,10,5,5,7,10,3,5
6070,6071,3,30,5,2,5,20,1,2,20,25,5,5,20,30,3,5
7376,7377,3,30,5,10,5,15,3,5,15,15,5,10,20,20,3,10
3508,3509,15,30,3,10,5,20,5,5,7,25,5,2,20,20,1,5
7057,7058,3,20,1,2,8,15,3,2,15,25,3,10,15,10,1,2
1527,1528,15,30,1,10,5,15,5,5,20,10,5,10,15,10,3,10
7519,7520,15,20,1,2,8,15,1,5,15,10,5,10,20,30,1,10
3307,3308,3,20,1,10,8,15,5,10,15,25,1,2,20,30,5,2
1535,1536,3,30,1,5,5,10,5,10,7,10,1,2,15,30,5,5
3626,3627,15,10,1,5,8,15,5,10,15,15,1,5,20,20,3,10
3949,3950,8,30,1,5,5,20,3,5,7,25,5,2,7,30,1,5
319,320,3,30,3,5,12,15,5,5,15,15,1,2,7,10,5,10
6053,6054,15,20,3,10,5,10,5,5,7,10,3,5,15,30,3,2
3641,3642,8,30,5,5,12,15,5,2,7,10,1,2,7,30,1,2
750,751,15,20,1,5,12,10,3,10,15,15,1,10,15,30,1,10
4959,4960,3,30,5,5,12,15,5,10,20,10,5,2,7,30,3,5
6154,6155,3,30,5,2,5,15,5,10,15,25,1,5,7,10,5,10
612,613,8,30,3,2,12,20,1,5,20,10,5,5,15,30,3,5
2580,2581,8,20,1,5,8,20,3,2,20,25,1,2,15,20,1,10
5305,5306,15,20,1,2,5,15,5,5,7,10,5,2,7,20,3,2
2812,2813,15,30,3,5,5,15,1,2,15,10,1,2,20,30,3,2
1801,1802,8,20,1,10,5,10,1,2,7,10,1,5,15,10,1,10
4110,4111,3,30,3,2,5,20,1,5,20,10,5,2,7,10,1,2
7655,7656,8,20,1,2,8,20,3,10,20,15,5,2,20,30,5,5
6191,6192,15,30,3,5,12,15,5,2,15,25,5,10,20,20,3,10
837,838,8,30,5,5,5,20,5,5,15,25,1,10,7,30,3,2
6486,6487,3,10,5,2,8,15,3,10,20,25,5,2,15,20,3,5
6980,6981,15,20,3,5,5,20,3,2,15,15,1,2,20,10,5,5
3296,3297,3,30,1,2,5,10,1,5,20,25,5,2,15,20,5,2
3842,3843,3,20,1,5,12,15,1,5,15,10,3,5,7,10,3,5
2589,2590,8,30,5,5,8,20,3,2,7,15,3,2,20,10,5,5
823,824,8,20,1,10,12,20,3,5,7,25,3,5,15,10,5,10
463,464,3,20,1,2,5,20,5,5,20,15,5,5,20,30,1,5
7593,7594,15,20,1,2,12,15,5,5,20,15,3,2,20,10,1,10
2507,2508,3,20,3,10,5,20,1,2,15,15,3,5,20,10,5,10
3300,3301,8,10,5,2,8,15,1,10,7,25,3,10,15,30,1,10
936,937,3,10,3,2,5,20,1,2,20,15,3,10,20,10,1,2
5099,5100,3,20,5,5,8,10,1,10,20,25,5,10,7,10,5,10
1235,1236,15,10,3,5,5,20,1,10,7,10,3,5,15,10,5,5
7383,7384,8,20,3,10,8,15,1,5,20,10,3,5,20,30,3,5
7025,7026,8,20,3,10,12,10,5,10,20,25,3,2,20,10,1,5
848,849,8,30,3,10,8,20,1,10,20,25,1,10,7,20,1,2
6700,6701,3,30,3,2,12,10,1,10,15,15,3,10,7,20,1,5
865,866,15,10,3,5,5,20,3,10,15,25,1,10,15,20,1,5
4297,4298,15,30,5,10,8,20,3,5,15,15,3,10,7,10,3,2
733,734,8,30,5,5,5,20,5,2,7,10,1,5,20,20,5,2
5919,5920,15,20,3,10,12,15,5,10,15,15,3,10,20,30,1,2
3698,3699,3,30,3,2,12,15,3,10,15,25,1,5,7,10,1,2
1730,1731,15,30,5,5,8,20,3,2,20,25,1,10,15,10,3,5
7107,7108,15,10,3,5,8,15,5,10,20,25,5,2,20,30,3,2
4553,4554,8,10,1,5,8,10,5,10,20,25,3,2,20,10,5,5
5652,5653,8,30,1,10,8,20,1,10,15,10,3,10,7,30,1,2
1117,1118,8,20,1,10,5,15,5,10,7,15,5,2,7,20,5,2
3814,3815,3,20,1,2,8,20,5,5,15,15,5,5,7,20,5,2
3671,3672,8,20,5,10,8,20,3,5,7,15,3,5,7,30,3,10
6188,6189,8,30,5,5,8,10,3,5,7,15,3,5,20,10,5,2
594,595,8,10,1,10,5,20,5,10,7,10,3,5,7,30,1,10
1386,1387,3,20,3,5,5,10,1,5,20,15,5,2,20,30,3,5
4770,4771,15,20,5,5,12,20,1,10,15,25,5,2,7,20,3,5
4670,4671,8,30,3,2,8,10,5,5,20,15,1,2,20,30,3,2
7094,7095,3,10,5,5,12,20,5,5,15,25,1,5,20,30,1,10
7478,7479,15,30,5,10,8,10,5,10,7,10,5,10,20,10,3,5
2565,2566,8,10,3,5,5,15,3,10,15,25,1,10,20,30,3,2
2814,2815,15,30,5,2,8,15,5,5,20,10,1,2,7,30,5,10
1090,1091,3,20,1,10,5,20,3,5,20,15,3,5,15,30,5,10
556,557,3,20,1,10,12,10,1,2,15,15,3,5,15,30,3,2
3608,3609,8,30,3,10,8,20,5,5,15,10,1,5,7,30,5,2
5173,5174,3,10,3,5,12,10,3,5,7,15,5,10,15,30,1,10
7482,7483,15,20,5,2,12,10,5,2,20,10,1,2,7,10,3,10
1324,1325,8,30,3,2,8,10,3,10,20,10,1,10,7,20,5,10
1955,1956,8,30,1,10,5,20,1,2,15,25,5,10,15,10,1,10
5545,5546,8,10,1,10,8,10,5,10,15,10,3,5,20,20,1,10
4870,4871,15,20,1,2,8,15,5,10,7,25,5,10,7,20,3,10
4567,4568,3,10,1,5,12,10,5,5,20,15,1,2,20,20,3,10
1169,1170,8,20,1,10,12,15,5,5,20,15,1,10,15,30,3,10
2910,2911,8,20,3,5,5,10,5,10,15,25,1,10,20,10,1,2
4005,4006,15,20,1,2,8,20,5,2,15,25,5,10,20,20,5,2
6378,6379,15,30,1,5,8,15,3,2,15,15,5,5,7,30,5,2
5440,5441,15,20,1,10,8,10,3,2,15,15,1,10,20,20,3,10
6974,6975,8,10,3,10,5,15,5,10,15,15,5,2,7,20,1,10
7583,7584,8,30,1,5,5,15,1,5,20,25,1,5,20,10,3,10
44,45,3,20,1,10,5,15,3,2,15,15,3,2,20,10,1,5
5518,5519,8,10,5,10,8,15,3,5,15,10,1,2,15,20,1,10
2299,2300,8,20,3,2,8,15,3,2,15,15,3,5,15,30,5,2
6566,6567,15,30,3,5,12,20,3,10,15,15,5,10,7,10,5,2
147,148,3,30,1,10,5,20,1,5,7,15,5,2,20,10,5,2
3420,3421,15,10,3,2,8,10,1,10,7,15,5,10,15,30,1,2
3069,3070,3,10,5,2,5,20,1,5,7,15,1,10,20,30,1,2
2866,2867,15,30,1,2,8,20,1,2,15,15,1,10,7,20,1,10
6343,6344,3,10,5,5,8,10,1,5,20,25,1,2,15,20,1,5
3344,3345,8,20,5,5,8,15,1,10,20,10,1,2,20,20,1,5
2829,2830,3,20,5,2,5,20,5,5,7,10,3,5,7,20,1,5
6988,6989,15,30,1,2,8,20,1,10,7,15,1,10,15,30,3,10
1197,1198,3,20,3,2,5,10,5,5,15,25,1,10,15,20,5,2
1979,1980,15,20,1,2,12,20,5,5,7,25,5,10,20,10,1,5
4517,4518,8,30,1,10,8,15,3,5,20,10,1,2,7,30,5,5
5352,5353,3,30,5,10,5,10,5,5,20,10,3,2,7,30,3,10
7415,7416,3,30,1,2,12,10,3,2,7,10,5,5,20,10,5,2
433,434,3,20,3,5,5,10,1,5,7,25,1,5,7,10,1,5
3603,3604,15,30,5,2,12,20,5,2,7,15,5,10,15,30,5,2
4090,4091,3,20,3,5,8,20,1,2,20,15,1,2,15,10,1,5
588,589,8,30,3,2,8,15,5,2,7,15,1,2,20,30,5,5
1370,1371,3,30,3,5,5,10,5,10,7,25,1,2,15,10,3,2
126,127,3,20,5,5,12,20,1,10,20,25,5,10,20,30,3,5
6094,6095,3,30,3,2,8,20,3,10,15,15,1,10,15,10,1,10
7071,7072,15,20,5,5,5,10,5,2,7,15,3,2,20,10,3,2
3974,3975,8,30,1,2,5,10,5,10,7,15,5,10,20,20,5,10
949,950,3,30,5,2,8,15,1,10,7,25,5,5,20,30,3,2
6170,6171,8,10,1,2,12,15,3,2,15,25,3,2,20,10,1,10
4442,4443,8,30,5,5,12,15,3,5,15,10,1,2,15,10,1,10
7258,7259,15,20,1,10,8,20,3,5,20,10,5,10,15,20,1,10
39,40,0,0,0,0,0,0,0,0,0,0,0,0,0,0,0,0
4460,4461,15,30,3,10,12,15,5,2,20,10,5,5,7,20,3,10
1693,1694,15,10,1,5,5,20,1,10,20,25,1,2,15,10,1,2
6190,6191,3,30,3,5,5,10,5,2,20,15,1,2,7,20,5,5
459,460,8,30,3,5,12,10,3,2,20,10,5,10,20,10,3,10
2338,2339,15,30,3,5,5,20,3,2,15,25,1,5,20,30,3,2
2793,2794,15,30,5,2,8,20,5,10,20,15,3,5,15,10,3,10
4849,4850,8,30,5,5,8,10,5,10,7,10,5,2,15,20,5,5
972,973,8,20,3,5,5,20,3,10,7,10,1,5,20,10,1,5
6483,6484,8,10,5,2,5,20,1,2,15,10,3,10,7,30,3,10
4924,4925,3,10,5,2,12,10,3,2,7,15,5,2,7,10,1,5
4022,4023,3,10,5,10,5,20,5,5,20,25,3,5,20,30,5,10
4289,4290,3,30,3,10,8,10,3,5,7,10,5,10,7,10,5,10
3059,3060,3,30,5,5,5,20,3,2,7,15,5,2,20,10,5,2
5205,5206,8,10,5,5,12,15,5,2,7,15,3,2,7,20,1,2
1773,1774,15,30,3,10,5,15,5,2,15,15,3,2,15,30,1,10
4421,4422,15,20,1,5,8,10,1,10,7,10,3,2,7,10,5,2
5256,5257,3,10,5,2,5,20,1,5,7,10,5,2,20,20,1,5
698,699,8,30,1,10,5,15,1,2,20,25,5,10,15,20,3,2
5656,5657,8,10,3,5,5,15,5,2,7,25,3,10,15,10,3,2
2587,2588,8,30,3,5,8,15,1,5,20,10,5,2,20,20,3,2
5743,5744,8,20,5,10,5,20,3,10,7,10,3,2,7,30,3,2
702,703,15,30,3,2,5,10,5,10,7,25,3,10,15,10,1,2
3664,3665,3,30,1,2,8,10,1,5,20,10,1,10,15,30,3,10
2421,2422,3,20,3,10,5,10,1,2,20,10,1,5,7,20,3,2
7405,7406,15,30,5,10,8,20,5,2,15,15,1,2,20,30,1,10
2380,2381,8,10,3,10,8,10,3,2,20,10,1,10,7,30,5,5
6955,6956,8,20,5,10,12,15,1,5,15,10,1,2,20,30,1,10
4485,4486,15,20,1,10,8,20,3,2,20,15,3,10,15,10,3,2
5798,5799,15,10,5,2,12,20,5,5,20,10,1,10,7,30,5,5
4371,4372,15,10,3,10,8,20,5,2,20,25,3,2,15,10,1,10
6624,6625,8,20,5,10,5,20,5,2,15,25,3,10,15,20,1,5
4333,4334,15,20,1,10,8,15,1,2,20,15,1,10,15,20,1,2
6113,6114,3,20,3,10,12,10,5,5,20,10,1,2,20,20,3,10
1065,1066,15,10,1,5,5,20,3,5,7,10,1,10,20,30,5,2
4402,4403,3,30,1,10,12,15,5,5,15,10,5,2,7,30,1,10
6138,6139,15,20,1,5,12,15,5,5,20,15,3,10,15,30,3,10
2364,2365,8,20,3,5,5,15,1,2,15,15,3,10,7,10,1,2
1764,1765,15,10,3,10,12,10,1,10,20,15,3,2,7,20,1,10
1507,1508,3,20,1,5,8,15,3,5,7,15,1,10,15,20,1,2
4068,4069,3,20,1,5,8,15,3,5,7,25,5,2,7,10,5,5
5987,5988,8,20,5,10,8,10,5,10,7,25,3,2,20,10,1,10
1106,1107,3,20,5,2,12,20,5,10,20,10,3,10,20,30,5,10
5153,5154,8,10,1,10,5,15,3,2,7,10,5,2,15,20,3,2
3983,3984,3,20,5,5,12,20,3,10,7,15,1,5,15,30,1,10
5819,5820,3,20,3,10,8,10,1,10,20,10,1,10,15,30,5,2
5790,5791,15,30,5,10,12,15,1,5,15,10,1,2,7,10,3,5
5423,5424,15,10,3,5,5,20,3,10,20,25,5,10,7,20,3,5
4772,4773,3,30,5,5,8,10,3,5,20,15,1,10,15,30,3,2
3755,3756,3,10,3,10,5,20,3,10,7,10,1,5,15,20,5,2
249,250,15,10,1,10,5,20,1,5,20,15,1,10,15,20,5,2
2423,2424,3,20,3,5,8,20,1,5,20,15,5,5,20,10,1,5
3157,3158,3,30,3,5,5,10,3,5,20,15,5,5,15,20,1,2
1369,1370,15,10,1,2,8,10,3,5,7,25,3,5,20,20,1,5
7000,7001,3,20,3,5,8,10,5,2,15,15,3,5,7,20,5,5
1273,1274,8,20,3,10,5,15,5,10,15,10,3,2,20,30,5,5
3454,3455,15,20,5,10,12,20,1,2,20,15,3,10,7,20,3,10
3252,3253,3,10,1,2,5,15,3,2,15,15,3,5,15,20,5,2
1080,1081,8,10,3,2,8,15,1,5,20,15,5,5,20,20,1,10
5321,5322,15,20,3,5,8,15,3,2,7,15,1,10,20,10,3,5
3862,3863,3,10,1,2,8,20,5,10,7,15,3,2,20,10,5,2
5098,5099,8,10,5,2,12,10,1,10,15,25,5,10,7,30,3,5
2249,2250,15,10,5,5,12,10,1,2,15,25,5,5,20,10,1,10
5420,5421,3,10,3,5,5,20,5,2,15,10,1,2,15,30,5,10
893,894,15,20,1,2,5,15,5,10,7,25,1,2,7,20,5,10
7567,7568,3,20,1,10,8,10,5,10,20,10,3,10,7,10,5,2
1431,1432,8,10,5,2,5,10,1,2,15,15,1,2,15,30,3,10
907,908,3,20,5,5,8,15,1,10,15,15,5,10,15,20,5,10
3245,3246,15,10,5,5,12,10,1,5,7,25,3,10,7,20,5,5
6762,6763,3,10,5,5,5,20,3,5,7,15,3,5,20,10,5,5
5351,5352,15,10,5,2,12,10,1,5,15,15,1,10,15,30,1,10
3937,3938,15,30,1,5,5,10,1,2,20,25,3,10,15,10,1,5
3354,3355,8,30,5,10,8,15,1,10,20,10,1,10,7,20,3,10
4762,4763,3,20,5,5,5,15,3,5,15,15,1,2,15,10,1,10
3981,3982,8,20,5,2,8,20,5,10,20,25,1,10,7,30,1,10
4336,4337,8,10,5,2,5,20,3,10,15,10,3,10,20,20,3,10
790,791,8,10,5,5,8,20,5,10,7,25,3,10,20,10,1,5
2224,2225,15,10,3,10,12,10,5,5,20,15,5,2,20,10,1,5
7274,7275,15,20,3,10,5,15,1,2,7,10,1,2,15,30,5,5
6658,6659,8,30,5,2,5,15,1,2,15,10,5,10,15,30,5,2
517,518,8,30,1,10,12,15,1,5,15,15,5,5,20,30,1,5
3107,3108,3,30,5,5,12,15,5,5,20,10,1,10,7,10,1,5
7553,7554,3,30,5,10,5,15,5,5,7,10,3,5,7,10,1,10
6140,6141,8,30,3,10,5,10,1,5,20,25,3,2,15,20,3,5
2630,2631,3,30,1,10,8,20,3,2,7,10,5,10,7,10,5,5
4691,4692,8,10,1,10,12,20,1,5,15,25,5,2,7,30,1,5
916,917,15,20,5,10,12,15,3,2,7,25,5,5,7,30,1,2
5777,5778,8,10,3,10,12,15,5,2,7,15,5,10,15,20,3,10
5722,5723,8,30,3,2,8,15,3,10,20,25,1,10,7,10,1,5
3732,3733,15,10,3,2,8,20,5,5,20,15,5,2,7,10,1,10
2865,2866,8,30,1,10,12,20,5,2,15,25,1,5,7,20,3,2
5706,5707,15,10,1,5,12,10,5,10,7,15,5,5,20,30,5,2
1500,1501,3,20,3,5,12,10,3,2,20,10,1,5,7,30,1,2
2062,2063,15,30,3,5,12,10,5,5,15,15,1,5,15,30,5,2
5662,5663,8,10,3,5,8,10,3,2,7,15,5,2,15,10,1,2
1000,1001,3,30,1,10,12,10,5,5,20,10,3,10,7,10,5,2
6421,6422,8,20,1,10,5,20,5,2,7,25,5,2,15,10,1,2
399,400,3,20,5,5,12,20,3,2,7,25,1,10,15,10,5,2
6979,6980,8,20,1,5,8,10,1,5,20,10,1,10,20,30,5,2
7049,7050,3,30,3,2,5,15,5,5,7,15,1,10,15,20,5,10
1033,1034,8,20,5,2,5,15,5,5,15,10,1,5,20,20,5,5
4713,4714,8,20,3,2,8,20,3,2,15,25,5,10,7,30,1,2
5885,5886,3,20,5,5,8,10,1,2,20,25,5,5,7,30,5,5
3251,3252,15,10,1,2,8,20,3,5,20,25,3,5,15,30,5,2
5350,5351,8,30,3,5,8,10,3,10,15,10,3,2,20,30,1,5
2588,2589,8,30,5,10,8,20,1,10,15,25,5,2,20,20,5,10
2881,2882,3,20,5,5,5,15,3,2,20,25,3,5,15,20,1,2
7014,7015,3,20,1,2,5,20,3,2,15,25,3,5,20,30,5,5
3071,3072,3,20,5,10,8,15,5,10,7,15,1,2,20,20,1,2
3900,3901,8,10,5,10,5,10,3,10,7,15,1,2,7,30,5,5
5052,5053,15,30,3,10,5,10,3,2,15,15,3,5,20,10,5,10
2257,2258,15,20,1,5,5,15,1,5,15,25,1,5,15,20,3,2
2880,2881,3,30,3,2,5,10,1,5,20,25,3,10,20,30,3,2
1882,1883,3,10,3,5,12,10,5,2,7,15,5,5,15,20,3,2
208,209,15,20,1,5,8,10,5,10,7,15,3,2,20,30,5,2
6047,6048,15,30,3,2,8,20,1,10,20,25,3,5,7,30,3,10
5347,5348,15,20,1,5,8,10,1,2,20,25,5,2,15,20,1,2
7538,7539,3,30,3,2,5,20,3,10,15,25,3,5,7,10,1,10
3146,3147,8,20,1,5,5,15,1,10,20,15,5,2,15,20,5,5
4087,4088,3,20,5,5,5,15,5,10,15,15,1,5,7,30,1,2
1946,1947,15,20,1,10,12,20,1,10,15,10,1,10,20,30,3,2
3466,3467,15,10,1,2,8,10,3,2,20,10,1,10,15,10,5,10
3430,3431,3,30,3,2,8,10,3,10,7,25,3,5,7,10,1,5
6221,6222,8,10,1,10,5,15,5,2,15,10,3,5,15,30,5,5
4469,4470,3,30,5,5,8,15,1,5,15,10,1,10,15,10,5,2
7379,7380,8,30,1,10,5,10,5,5,20,15,5,5,15,20,5,5
7581,7582,8,20,3,10,12,10,5,5,7,15,3,5,20,20,5,2
4493,4494,3,20,5,2,12,10,5,2,7,10,5,10,7,30,3,2
6640,6641,8,30,5,2,8,20,1,2,20,15,3,10,15,30,3,5
3051,3052,15,20,3,5,12,10,1,2,7,10,5,2,7,20,1,10
4581,4582,8,10,3,10,5,10,1,5,15,25,5,5,15,10,1,5
3387,3388,15,30,5,10,5,15,3,2,7,15,3,10,15,30,5,5
6075,6076,3,10,3,2,8,15,5,5,20,10,3,5,7,10,5,5
5240,5241,15,20,5,5,12,10,5,2,20,25,5,5,7,30,3,5
6298,6299,8,30,3,10,5,10,5,5,15,15,1,5,20,20,1,10
6231,6232,15,10,1,2,12,20,5,10,20,25,5,10,20,20,1,5
3227,3228,3,20,3,5,12,15,1,5,20,10,1,2,20,10,3,5
7471,7472,15,20,5,2,12,15,1,5,15,15,1,2,7,10,5,2
1756,1757,3,20,5,5,8,10,5,5,7,25,3,5,20,20,5,10
6579,6580,3,30,5,5,8,10,5,5,7,25,3,10,15,10,1,10
3545,3546,15,10,5,2,8,15,1,2,7,25,5,10,20,10,1,2
6067,6068,3,30,3,10,8,10,1,10,15,10,3,5,7,30,1,5
1309,1310,15,30,5,5,8,10,5,5,15,10,3,5,20,30,1,5
629,630,3,10,3,2,8,10,5,10,7,15,5,2,15,20,5,5
740,741,15,10,1,5,5,20,3,10,20,10,1,2,20,10,5,2
1808,1809,8,10,5,5,12,15,5,10,7,10,5,2,20,20,3,10
3401,3402,3,30,1,2,12,10,5,10,20,15,1,2,7,10,5,2
6239,6240,3,30,1,5,8,10,5,10,7,25,1,10,15,10,1,2
3317,3318,8,20,1,5,8,10,5,5,20,15,5,5,7,20,5,10
7440,7441,8,30,1,10,5,15,3,5,7,10,1,5,20,30,3,5
3802,3803,3,30,5,5,8,20,3,10,15,15,3,2,7,20,1,2
3262,3263,15,30,3,5,8,15,3,10,15,25,1,2,15,10,3,5
5402,5403,8,20,1,2,12,20,5,2,20,15,5,10,7,30,5,10
3581,3582,15,30,3,5,5,20,1,2,7,10,3,10,20,10,3,10
3946,3947,8,20,1,2,8,20,3,10,20,15,5,2,7,10,3,5
4039,4040,3,30,1,2,12,15,5,5,15,15,5,5,20,30,5,5
2344,2345,3,10,3,5,5,10,1,2,15,15,5,5,20,20,5,10
4113,4114,3,30,3,10,5,20,3,5,7,25,3,5,7,20,1,2
1777,1778,8,30,1,2,12,10,3,10,15,10,1,5,20,30,5,2
4984,4985,8,10,1,5,12,20,5,10,7,15,5,5,20,10,5,2
7003,7004,3,10,5,2,8,20,1,2,7,25,1,5,7,30,5,10
4606,4607,15,10,1,5,12,10,5,2,7,25,1,5,20,20,3,2
5248,5249,8,10,3,10,8,10,5,5,20,25,1,5,7,20,5,10
2055,2056,8,10,3,2,5,20,5,2,7,15,3,5,7,30,5,2
7273,7274,8,30,5,5,12,15,1,5,7,25,3,2,15,20,3,10
4339,4340,15,20,5,10,12,20,1,2,20,25,1,10,7,10,1,5
6722,6723,3,20,1,5,5,10,5,10,15,10,1,2,7,10,5,10
3292,3293,8,20,5,5,8,10,1,10,7,10,5,10,15,10,5,10
141,142,3,10,5,10,5,20,5,5,7,15,3,10,7,10,3,2
4904,4905,15,20,5,5,5,20,5,5,15,15,5,5,20,30,5,5
137,138,8,10,1,2,12,15,1,2,15,10,5,5,20,20,1,10
5424,5425,3,20,3,2,12,20,3,2,7,10,5,5,15,20,5,2
6177,6178,8,10,1,10,12,20,5,10,7,25,1,5,20,10,3,5
1349,1350,8,30,1,10,12,10,3,10,7,10,5,5,15,10,3,5
2584,2585,3,10,3,2,12,15,1,2,15,10,5,10,20,30,3,10
4036,4037,3,30,1,10,12,10,3,10,20,10,3,10,7,30,1,2
1541,1542,3,30,5,10,12,15,1,2,7,15,1,10,7,30,3,2
2115,2116,15,30,5,10,12,10,1,10,7,10,1,5,20,10,1,10
6141,6142,8,10,5,10,8,15,1,5,20,25,5,10,15,10,1,10
4532,4533,15,30,3,5,8,15,5,2,20,25,5,5,20,20,3,10
5952,5953,8,20,5,10,5,10,5,2,20,15,3,5,15,30,5,5
5443,5444,15,30,3,5,8,10,1,10,15,25,5,10,20,30,1,5
1791,1792,8,30,3,10,8,15,1,10,7,15,5,2,7,10,3,2
2695,2696,15,10,5,10,8,20,3,2,7,10,1,5,20,10,1,2
2827,2828,15,30,3,5,8,20,5,5,20,15,5,10,7,10,5,5
1723,1724,8,10,5,10,8,10,5,5,20,25,3,2,20,30,1,5
2185,2186,3,30,5,2,5,20,1,5,7,25,1,10,20,10,5,5
5326,5327,3,30,5,2,12,20,3,10,15,10,5,5,15,30,1,10
5496,5497,15,30,3,5,8,10,1,2,15,25,3,10,7,10,5,10
2302,2303,15,20,5,2,12,10,1,5,15,10,5,2,20,10,5,5
909,910,8,10,3,10,12,10,5,10,15,15,5,5,20,10,3,10
4898,4899,15,10,5,10,8,10,3,2,7,10,5,10,20,30,5,10
2330,2331,3,10,3,2,8,20,3,2,7,15,1,10,7,20,1,5
1304,1305,8,30,1,10,12,10,1,2,20,25,5,10,7,30,5,10
6544,6545,3,10,1,5,8,15,3,10,20,25,5,2,15,10,5,5
3771,3772,8,10,1,2,8,10,3,2,15,10,1,2,20,10,1,2
93,94,8,20,5,10,12,15,5,2,7,15,1,5,15,10,5,2
6411,6412,15,10,3,2,8,10,3,5,20,25,1,10,7,20,1,2
1445,1446,3,20,5,5,8,10,5,5,7,15,5,5,20,20,5,10
1914,1915,3,20,5,2,5,20,1,5,20,15,1,2,7,20,5,5
5875,5876,15,20,1,10,12,20,1,10,7,10,5,2,20,20,1,2
6536,6537,8,30,1,5,8,10,3,2,7,15,1,2,7,10,5,10
2308,2309,8,20,5,10,8,15,1,2,20,10,3,2,20,10,1,2
2534,2535,3,10,5,5,8,10,3,10,20,15,3,5,15,30,5,10
4361,4362,3,10,3,2,5,15,1,2,20,25,3,5,15,30,5,10
7569,7570,8,20,1,2,8,15,5,5,20,25,5,5,20,30,1,2
2120,2121,8,10,5,5,8,15,3,10,7,15,5,10,15,10,1,5
5487,5488,15,20,5,2,8,15,1,5,15,10,3,2,20,10,3,10
6036,6037,3,20,3,10,8,10,5,10,7,25,3,2,20,10,5,5
7328,7329,3,20,5,5,5,20,5,5,15,15,1,2,20,20,5,10
1643,1644,8,20,1,10,5,15,5,2,15,25,1,5,20,20,1,10
5907,5908,15,20,3,2,5,10,5,10,15,15,1,5,7,30,1,10
4610,4611,15,20,3,10,5,20,1,2,20,25,5,10,15,10,5,10
4817,4818,8,20,3,2,8,10,1,5,20,15,5,10,15,30,1,10
1019,1020,8,10,5,5,8,15,5,10,20,15,5,2,20,10,5,10
1497,1498,15,30,1,2,5,20,3,2,7,25,1,2,15,30,3,5
768,769,3,20,5,10,8,20,5,10,7,15,5,2,7,20,3,2
2908,2909,8,20,5,5,8,20,5,5,20,15,3,2,15,20,3,2
5629,5630,3,30,1,10,12,10,5,10,7,15,5,5,15,10,3,5
5982,5983,15,10,5,2,12,15,5,2,15,10,3,2,15,30,1,2
4878,4879,3,20,5,10,12,15,1,5,20,15,3,5,7,20,3,5
6307,6308,3,20,1,10,12,10,1,5,7,10,3,10,7,20,1,2
7698,7699,8,20,3,5,5,15,1,2,7,25,1,10,20,20,1,2
289,290,15,10,5,10,8,20,1,2,7,25,1,10,20,10,5,2
554,555,15,10,3,10,5,10,3,2,15,10,3,2,7,10,5,10
5281,5282,8,30,3,10,12,10,5,10,20,25,5,5,7,30,5,2
7222,7223,3,20,5,5,12,15,3,5,15,25,1,2,20,30,1,10
5004,5005,3,10,5,10,5,10,1,5,20,15,5,10,20,10,3,10
1553,1554,8,10,3,10,12,20,3,10,7,15,3,5,7,30,5,5
617,618,3,10,1,10,8,20,1,2,20,15,1,10,7,30,3,2
1295,1296,8,20,3,5,8,15,5,2,7,15,5,10,7,30,1,10
1932,1933,15,20,1,5,12,10,5,2,7,15,3,5,15,30,3,10
6362,6363,8,30,3,10,5,15,3,10,7,15,1,2,20,10,3,2
6751,6752,15,10,5,5,8,15,3,5,7,25,5,5,20,30,1,10
6015,6016,3,30,1,2,5,15,3,10,7,25,1,10,20,30,1,2
4452,4453,3,20,5,10,8,15,1,2,15,25,1,2,7,10,3,10
2551,2552,8,10,3,2,8,10,3,2,15,10,5,5,20,20,3,2
5726,5727,8,30,3,5,12,20,3,10,20,10,3,5,20,20,3,2
1293,1294,8,20,3,5,12,15,5,2,20,15,1,2,7,20,5,10
5582,5583,8,20,5,10,12,20,3,2,20,10,5,5,15,30,5,5
4560,4561,15,20,1,2,8,15,1,2,15,10,1,5,15,20,5,5
2741,2742,15,20,3,2,5,15,3,2,20,25,3,5,20,20,3,10
2011,2012,15,20,1,2,12,20,3,5,15,25,1,10,7,10,3,10
5599,5600,3,10,1,5,8,10,5,5,7,10,3,10,7,30,5,10
4464,4465,8,10,5,10,5,20,5,10,7,10,5,5,20,20,1,5
3133,3134,3,30,1,5,8,20,3,10,15,25,5,5,7,10,5,10
3049,3050,15,30,5,5,8,10,1,5,15,25,3,2,20,20,3,10
6117,6118,3,10,1,5,5,10,5,5,7,10,5,2,7,10,5,5
2297,2298,3,10,5,2,12,15,5,10,15,25,3,5,7,20,3,2
7009,7010,3,10,5,5,8,20,3,5,7,25,3,2,15,20,3,2
4027,4028,3,10,5,10,5,10,1,2,7,25,5,5,7,20,1,10
4798,4799,15,30,5,2,12,10,3,10,7,10,5,2,15,20,5,2
4664,4665,3,10,5,2,5,10,5,2,20,25,5,10,20,20,5,2
994,995,3,30,3,2,8,10,5,5,15,10,3,5,7,20,3,2
597,598,8,20,3,5,12,10,3,5,7,15,3,10,15,20,3,10
1961,1962,8,10,1,5,8,15,1,2,15,15,1,5,15,10,5,5
870,871,8,30,3,5,12,15,1,10,15,10,3,5,7,30,1,5
4250,4251,15,30,1,5,8,15,5,10,20,25,1,2,7,10,5,10
3459,3460,3,10,5,5,8,10,3,10,15,15,5,2,20,10,5,10
3712,3713,8,10,1,10,8,15,5,5,15,25,1,2,7,20,5,2
6971,6972,8,30,1,5,12,15,5,2,7,15,3,5,15,20,3,5
524,525,15,30,5,2,12,20,5,2,20,15,3,2,15,20,1,10
2971,2972,3,10,5,10,8,15,3,5,15,25,5,10,7,30,5,5
5063,5064,15,30,1,5,8,20,3,2,20,25,1,5,15,20,3,2
585,586,8,20,3,10,5,10,5,2,15,15,5,2,7,30,3,5
4324,4325,3,30,5,2,8,20,3,2,15,15,3,5,15,10,5,10
6405,6406,3,30,3,2,5,20,1,10,15,25,3,10,15,10,1,5
3213,3214,3,30,5,10,12,10,1,5,15,10,5,5,7,30,3,2
1419,1420,3,20,1,2,8,15,5,5,20,15,3,2,20,30,5,2
3538,3539,8,20,5,10,8,15,1,2,20,10,3,2,20,30,5,2
5531,5532,15,20,5,2,5,20,3,2,15,25,5,5,15,10,3,5
2949,2950,8,10,3,5,8,15,5,5,7,25,1,2,7,30,1,10
7424,7425,8,10,5,2,12,20,3,5,20,10,3,10,7,10,1,2
1148,1149,15,30,5,2,5,15,1,10,20,15,5,10,15,10,3,2
3660,3661,15,10,1,5,5,15,1,10,20,10,1,2,7,20,3,5
7307,7308,3,30,3,5,8,20,5,10,7,10,1,10,15,30,3,10
1492,1493,8,20,1,10,12,20,1,5,15,25,1,10,7,30,5,5
5696,5697,15,30,3,10,12,20,3,2,7,15,1,5,7,10,3,10
7637,7638,8,10,3,10,5,15,1,10,20,25,5,2,15,10,5,2
3259,3260,15,10,1,10,8,20,1,5,7,25,1,2,20,20,5,5
2341,2342,15,30,5,5,12,15,3,2,7,10,3,2,15,30,3,10
5728,5729,15,30,3,10,8,15,1,2,15,15,1,10,20,20,3,2
2378,2379,8,30,1,5,8,15,1,5,20,25,3,2,15,30,5,5
5739,5740,15,10,1,2,8,20,3,5,20,15,1,5,7,30,5,5
1714,1715,3,20,5,2,5,15,5,5,20,25,1,10,7,10,5,10
2804,2805,8,10,3,2,5,10,5,5,7,25,1,5,20,30,3,5
307,308,8,10,1,2,12,15,5,5,15,25,1,2,20,10,1,10
924,925,15,10,5,2,5,20,1,10,7,25,3,2,15,30,5,5
7270,7271,3,30,1,2,8,15,3,2,7,15,5,2,20,30,5,2
446,447,3,30,5,2,5,15,5,2,7,10,5,2,20,10,5,10
6077,6078,3,20,3,5,8,15,3,2,7,25,1,2,15,10,3,5
4170,4171,8,30,3,2,5,15,3,10,7,15,1,5,15,10,5,2
7173,7174,3,30,1,10,12,10,5,2,20,15,5,10,15,10,1,5
1913,1914,15,10,3,5,12,20,1,10,15,25,5,2,7,10,5,5
7354,7355,8,20,5,2,12,15,3,5,20,15,5,10,20,20,1,2
4191,4192,3,10,1,5,5,10,3,10,20,10,3,5,15,10,3,5
4010,4011,15,30,3,10,5,20,1,10,7,25,5,2,7,10,5,10
714,715,15,30,5,2,5,15,3,10,15,10,5,2,20,30,5,2
1377,1378,8,10,3,10,5,15,3,5,15,25,1,10,7,20,5,5
4865,4866,3,10,3,10,5,20,1,5,7,10,1,5,20,10,3,10
5132,5133,15,30,3,2,5,10,1,10,20,25,5,10,20,10,1,5
438,439,3,20,1,2,8,20,3,10,7,10,3,10,20,20,1,2
1648,1649,3,10,1,5,8,20,1,10,7,10,5,5,7,10,1,5
7250,7251,8,20,1,10,5,20,5,10,20,25,5,2,20,20,3,2
421,422,3,10,3,2,8,15,1,10,20,25,5,2,7,20,5,5
4850,4851,8,30,1,10,12,15,3,2,15,15,1,10,7,10,3,2
6266,6267,8,10,3,5,8,20,5,10,7,15,1,2,15,10,1,5
1568,1569,15,20,3,10,5,15,1,10,20,10,1,10,7,10,1,10
1574,1575,3,30,5,2,8,20,3,5,7,25,5,10,7,20,1,2
5322,5323,3,10,5,10,8,20,1,10,15,10,1,5,7,30,3,2
1919,1920,15,30,3,10,12,15,3,10,15,10,3,2,7,30,3,10
881,882,15,10,5,5,5,10,3,10,15,10,3,10,15,10,5,10
67,68,8,30,3,10,5,10,5,10,15,25,5,5,20,10,1,5
5404,5405,15,10,1,2,5,10,1,2,20,25,3,10,15,30,1,10
6461,6462,8,30,1,2,8,20,1,2,15,25,3,5,15,20,1,10
7223,7224,3,30,1,5,8,20,3,5,15,25,5,10,15,20,5,2
1163,1164,15,10,3,5,12,15,3,10,7,25,5,5,20,20,5,5
1471,1472,15,10,1,10,12,20,3,10,15,10,3,10,7,10,5,5
6280,6281,3,10,3,2,5,15,1,10,15,10,1,2,20,10,1,10
5359,5360,3,20,5,10,12,10,1,2,7,15,5,2,20,20,3,2
3594,3595,8,10,5,5,12,15,3,5,20,25,5,2,7,30,3,5
6630,6631,15,30,3,5,8,15,3,5,15,10,5,10,15,20,1,10
5216,5217,15,20,5,2,12,10,3,5,20,15,3,5,20,30,3,10
2818,2819,15,20,5,10,8,10,1,5,15,15,5,5,15,20,1,5
3996,3997,3,10,1,5,12,20,5,5,20,25,3,2,15,30,5,10
7190,7191,3,20,3,10,8,10,1,5,20,25,3,5,20,10,1,2
4962,4963,15,20,3,5,8,15,3,5,7,25,5,2,7,20,3,2
2706,2707,3,20,1,5,8,10,3,5,20,25,5,2,20,20,5,2
5323,5324,8,10,3,2,8,20,3,2,15,25,5,5,7,10,5,5
452,453,3,20,1,5,12,20,3,10,15,25,3,5,7,30,1,2
216,217,15,20,3,10,5,10,3,10,20,15,5,10,7,10,1,2
1561,1562,15,20,3,5,8,20,3,2,15,15,3,5,15,20,5,2
3210,3211,3,10,5,5,5,15,1,2,20,25,1,2,15,20,1,5
1292,1293,3,20,3,5,12,10,1,5,15,25,3,10,7,30,5,5
4120,4121,15,10,3,2,8,20,3,2,7,10,1,10,20,10,3,2
2601,2602,15,20,1,10,12,15,5,2,7,25,3,2,15,20,3,5
2951,2952,3,20,1,2,8,10,3,10,20,25,1,2,20,10,1,10
2751,2752,15,10,1,5,8,10,5,10,15,15,5,5,20,20,3,5
2091,2092,3,20,1,10,5,15,5,5,20,10,1,5,20,30,5,10
6192,6193,3,30,3,10,8,10,5,5,20,10,3,5,20,20,5,5
1918,1919,8,20,3,5,12,20,5,5,20,10,3,10,20,10,1,10
5291,5292,8,30,3,10,12,20,5,10,15,10,1,5,15,20,5,10
4733,4734,3,10,3,10,5,20,1,2,20,25,5,10,15,10,1,2
1315,1316,8,10,1,5,5,10,1,10,15,25,1,5,7,20,1,10
5452,5453,3,20,3,2,5,10,1,10,15,25,3,10,7,20,3,5
6736,6737,8,30,3,2,5,10,1,5,7,10,5,2,7,30,5,2
4669,4670,3,30,3,5,8,20,5,5,7,15,5,5,15,10,5,2
408,409,3,10,1,5,12,20,3,10,15,10,1,5,15,30,5,10
3725,3726,3,30,3,5,12,20,1,2,15,15,3,10,7,30,1,2
2520,2521,8,20,1,5,5,20,1,5,20,10,5,2,7,20,3,2
4076,4077,15,10,5,5,8,15,1,5,15,25,5,2,7,30,1,10
4349,4350,8,30,1,5,5,10,1,10,20,15,1,10,7,20,5,10
4696,4697,8,30,1,10,5,15,1,10,15,15,1,5,7,20,1,2
5334,5335,3,20,1,10,5,20,1,5,15,10,1,2,7,20,3,10
6222,6223,15,20,5,10,8,15,3,5,20,15,5,2,15,20,5,5
4150,4151,8,10,1,5,8,15,3,5,7,10,3,10,15,30,1,2
5704,5705,3,10,5,5,5,15,5,2,15,25,5,5,7,30,3,5
751,752,8,20,5,10,12,20,5,10,7,15,5,10,15,10,5,10
180,181,3,30,5,10,5,10,1,2,15,15,1,2,20,30,3,2
7481,7482,15,30,1,10,5,20,5,2,20,25,1,2,7,30,5,2
7634,7635,3,30,3,5,12,10,5,2,20,25,5,5,7,10,3,5
7334,7335,3,30,1,10,8,10,5,10,7,15,5,5,15,10,5,5
792,793,8,10,5,10,12,15,3,10,7,10,1,10,15,20,3,10
6136,6137,15,30,1,2,12,20,1,2,7,15,1,2,7,20,5,2
4585,4586,3,20,1,5,5,10,5,10,7,15,3,10,20,10,3,5
1255,1256,3,30,5,2,5,15,5,2,20,15,1,5,7,20,3,10
3385,3386,3,20,3,5,8,20,3,5,15,25,3,10,20,10,5,5
261,262,15,20,5,5,12,10,3,2,20,15,1,5,7,20,1,5
4345,4346,8,30,1,2,8,10,1,10,7,10,5,5,7,10,3,10
73,74,8,10,1,10,12,10,5,2,7,10,3,5,15,10,5,2
392,393,15,20,5,10,12,10,5,5,20,15,1,10,20,30,5,10
4313,4314,8,20,1,5,8,20,3,5,7,15,5,10,20,10,3,2
7533,7534,15,10,3,5,12,15,3,5,20,15,3,10,20,10,3,5
1367,1368,15,30,5,10,12,10,3,10,7,15,3,2,7,30,3,10
6642,6643,3,20,5,5,12,20,1,5,7,10,5,2,7,10,3,5
2508,2509,15,10,5,5,5,15,3,10,15,15,3,5,7,20,5,5
203,204,3,20,1,2,12,15,3,2,15,15,3,10,15,20,1,2
1704,1705,3,30,3,2,8,20,1,10,7,25,3,2,7,30,5,10
1233,1234,15,30,3,10,12,10,3,5,15,25,3,5,7,30,1,10
5990,5991,8,20,3,10,12,10,3,5,20,15,5,10,20,20,3,5
4045,4046,8,10,1,2,12,10,1,2,7,15,1,5,7,30,1,5
1216,1217,3,20,3,5,8,10,1,10,7,10,1,2,15,10,5,2
5828,5829,3,10,3,5,5,20,3,5,7,10,3,5,7,20,1,2
1973,1974,15,30,1,10,12,10,3,2,7,15,3,10,15,30,1,5
4720,4721,15,30,1,5,5,10,5,5,7,25,3,10,7,20,3,5
4782,4783,8,30,3,2,12,15,3,5,7,15,5,10,20,20,5,2
3005,3006,15,30,1,10,8,15,3,5,20,10,5,10,20,30,1,10
3011,3012,3,30,5,10,5,15,5,5,15,15,5,5,15,30,3,2
7204,7205,3,30,5,2,12,20,5,10,7,15,5,5,20,20,5,5
7437,7438,15,30,1,2,8,15,5,5,20,15,3,5,15,20,3,2
4138,4139,3,20,3,2,5,10,1,10,7,15,5,10,15,30,3,10
2175,2176,8,10,3,5,12,15,1,2,7,10,5,5,20,10,5,10
3832,3833,3,30,1,5,12,15,5,5,15,25,1,5,7,20,3,5
1204,1205,8,20,1,2,8,15,1,10,15,15,3,2,20,20,1,10
1064,1065,8,20,5,10,12,10,1,10,20,10,5,5,7,30,5,2
5381,5382,3,10,3,10,5,20,3,5,15,15,5,10,15,10,3,5
4102,4103,8,20,1,10,5,15,1,10,20,15,5,2,7,10,1,2
464,465,8,20,5,10,12,20,1,5,20,10,1,10,15,10,5,2
3926,3927,3,20,3,2,5,20,3,5,20,10,3,10,7,10,1,10
7456,7457,15,10,1,2,12,15,3,5,15,10,3,10,15,30,1,2
5775,5776,15,10,1,5,12,20,1,5,20,15,1,5,15,30,3,10
3505,3506,15,30,5,2,8,10,1,10,15,25,1,5,20,10,5,2
6044,6045,3,10,3,10,5,15,3,2,20,10,5,2,7,20,1,10
1815,1816,15,20,3,10,8,15,1,10,15,15,5,10,7,20,3,2
5251,5252,8,30,5,2,12,15,3,2,15,15,1,2,15,10,3,5
3318,3319,15,20,1,5,12,15,5,10,7,25,5,5,20,20,1,5
5967,5968,3,20,1,5,12,10,1,5,20,10,3,5,20,20,1,10
6139,6140,8,10,3,5,12,15,3,2,15,15,5,10,7,10,5,10
7053,7054,15,20,1,5,12,10,1,5,7,10,3,5,20,20,5,10
1465,1466,8,30,5,10,12,20,5,5,7,15,5,2,20,30,5,10
5848,5849,15,10,5,10,12,10,1,5,7,25,5,2,20,30,1,2
7474,7475,15,30,3,5,5,10,1,5,20,15,3,5,7,10,1,5
4701,4702,8,30,5,5,8,20,5,10,15,25,3,2,15,20,5,5
2738,2739,8,20,5,2,5,10,3,10,15,25,5,10,15,10,3,5
7404,7405,15,10,5,5,8,10,1,5,15,25,5,2,20,10,5,5
58,59,15,30,1,2,8,10,5,5,7,15,1,5,7,30,5,5
7564,7565,3,30,3,5,8,15,5,2,15,25,5,5,20,10,5,10
2256,2257,8,20,5,2,12,10,1,2,15,10,3,5,15,20,5,10
2606,2607,15,30,3,10,8,10,3,5,20,15,1,2,15,20,5,10
2591,2592,3,20,1,10,8,10,1,5,15,15,5,10,20,30,3,10
3639,3640,3,30,3,2,12,15,1,2,20,10,5,2,20,10,3,10
6703,6704,8,30,3,10,8,20,3,2,7,10,5,5,7,20,3,2
2196,2197,15,20,3,5,5,15,1,5,7,15,3,5,15,30,5,2
4584,4585,8,20,5,5,8,20,5,5,15,15,3,10,7,30,5,10
4310,4311,3,10,1,2,5,10,1,10,20,10,1,10,7,20,3,2
3138,3139,8,30,1,10,8,15,1,2,20,25,5,10,7,20,3,5
6558,6559,15,20,5,5,8,10,1,10,20,25,3,2,15,10,5,2
5850,5851,15,30,5,2,8,10,5,10,15,10,1,10,7,10,5,5
306,307,3,30,1,2,5,15,1,5,20,10,3,5,7,30,5,10
331,332,15,20,1,2,5,10,5,5,15,10,5,5,15,20,3,2
84,85,15,20,5,10,8,15,5,10,7,10,3,10,20,30,1,10
7592,7593,3,20,3,10,8,10,1,2,7,25,5,5,7,20,3,2
7375,7376,3,10,3,2,12,20,1,10,7,15,3,5,20,20,5,10
7687,7688,3,30,1,5,5,10,3,2,7,15,1,5,7,20,3,2
2731,2732,15,10,3,2,5,15,3,10,20,25,3,2,15,30,1,5
4440,4441,15,30,5,5,8,15,5,2,20,25,3,2,7,20,1,10
6167,6168,15,20,3,2,12,20,1,5,15,10,1,10,15,10,5,10
1479,1480,8,30,3,2,8,20,1,10,20,15,3,5,7,20,3,10
4017,4018,8,20,5,5,8,20,5,10,20,15,3,10,20,10,1,5
5129,5130,15,20,3,10,8,15,1,5,15,10,3,2,15,20,3,5
1657,1658,15,30,5,2,5,20,3,5,7,15,5,2,7,20,3,10
1428,1429,8,10,1,5,8,10,5,2,20,15,5,2,20,20,3,2
274,275,8,20,1,2,8,10,5,2,15,10,3,2,15,10,1,10
4184,4185,15,20,1,2,5,10,1,10,15,25,1,5,7,20,1,5
3901,3902,8,10,1,10,5,15,5,10,20,10,1,2,20,10,1,2
980,981,3,10,5,5,5,15,3,10,7,10,3,5,15,10,5,5
3585,3586,3,10,1,10,8,15,1,2,7,25,3,5,7,20,1,10
1620,1621,8,10,1,10,5,15,5,5,7,25,3,5,7,20,5,5
5753,5754,8,30,5,5,12,10,3,10,7,15,3,10,20,20,5,2
6216,6217,8,10,1,2,12,15,1,5,15,10,3,5,20,20,3,2
5904,5905,3,30,5,10,8,20,3,10,15,25,5,10,15,10,1,10
4266,4267,8,10,5,2,5,20,3,2,20,10,3,5,15,10,5,2
5325,5326,8,20,5,2,12,20,5,2,7,10,3,2,15,20,1,5
5991,5992,3,30,1,5,12,10,5,2,7,15,5,10,7,10,1,2
5142,5143,3,30,3,5,5,10,3,2,20,25,1,10,20,10,5,10
1440,1441,3,30,5,2,8,15,1,2,20,25,3,10,20,20,3,5
7512,7513,15,30,3,5,8,10,1,5,15,25,1,2,15,10,5,5
2863,2864,15,30,1,2,5,20,5,2,15,25,5,2,15,30,3,5
2017,2018,15,30,3,10,12,15,1,2,20,10,5,2,20,30,3,5
5532,5533,3,30,1,10,5,15,1,10,20,25,1,10,7,20,1,5
5737,5738,8,30,1,10,12,15,1,10,7,15,5,10,20,20,3,2
2166,2167,8,30,3,10,8,15,3,5,20,15,3,10,20,10,1,5
7500,7501,3,10,5,5,12,10,3,2,20,10,5,2,7,30,5,2
3188,3189,3,20,1,2,12,10,1,5,7,10,1,10,20,10,5,5
5837,5838,3,10,3,2,5,20,3,10,15,25,3,10,20,30,1,2
1095,1096,3,10,3,2,5,10,3,10,20,15,5,10,7,30,5,5
4484,4485,3,20,3,2,12,10,1,5,20,25,3,2,7,30,5,2
5922,5923,8,10,5,5,12,15,1,10,15,10,1,2,15,10,3,5
3727,3728,15,10,1,2,12,10,1,10,7,25,3,10,20,30,5,10
3773,3774,8,10,5,5,12,10,3,10,7,15,5,5,20,10,5,2
7343,7344,8,10,5,5,8,20,3,10,7,25,3,5,20,20,1,10
2170,2171,8,30,5,2,5,20,5,10,15,25,1,10,20,10,1,5
3246,3247,8,30,1,2,8,10,1,2,20,10,1,10,20,20,1,5
7242,7243,15,30,5,10,12,20,5,10,7,25,3,5,20,10,1,10
30,31,0,0,0,0,0,0,0,0,0,0,0,0,0,0,0,0
2298,2299,15,10,1,10,12,20,1,5,7,25,5,10,20,10,5,10
669,670,3,30,5,5,5,10,5,2,15,15,5,5,15,20,5,5
4656,4657,8,20,1,10,5,15,1,5,7,15,1,2,15,20,1,10
4451,4452,15,10,5,5,8,20,5,10,20,25,3,10,20,10,5,2
6560,6561,8,30,1,5,5,15,3,2,20,15,1,2,7,30,3,10
1343,1344,15,30,3,5,12,10,5,10,7,15,1,10,7,30,3,2
1104,1105,15,10,3,10,5,15,1,2,20,10,5,10,15,10,3,2
5480,5481,15,10,3,5,8,15,1,2,15,15,1,2,20,10,1,5
1215,1216,8,30,1,10,12,15,1,2,15,25,3,2,15,10,3,10
2382,2383,15,20,1,2,12,20,3,2,15,10,5,2,7,20,5,5
7040,7041,8,20,5,10,8,10,1,2,20,15,1,2,7,10,3,2
4917,4918,15,20,5,2,5,20,1,5,20,15,5,10,20,20,1,10
7642,7643,3,10,1,5,8,15,1,2,15,10,3,2,20,10,1,2
4814,4815,3,30,3,10,5,20,5,5,15,15,3,5,20,20,1,2
3098,3099,3,20,5,10,5,20,1,10,7,15,1,5,7,10,1,10
875,876,8,10,3,10,12,15,3,10,15,15,3,10,20,30,5,5
1619,1620,3,20,5,10,8,15,3,10,7,25,1,10,15,20,3,5
1768,1769,8,30,1,5,8,10,1,5,7,10,3,5,20,10,5,10
6481,6482,8,30,3,10,5,15,5,5,15,25,5,5,15,10,1,2
1585,1586,15,10,1,5,8,10,3,5,7,10,3,10,20,10,5,5
2928,2929,3,10,5,2,12,15,1,2,20,10,3,2,20,10,1,5
6542,6543,15,10,1,5,12,20,3,2,15,25,1,10,20,10,3,5
4439,4440,15,10,1,2,5,15,1,5,20,25,1,5,20,20,1,10
3495,3496,8,30,1,5,12,20,1,10,15,15,1,10,20,10,5,2
2260,2261,3,10,5,2,8,20,1,5,20,10,5,5,15,20,1,5
3638,3639,8,30,1,5,5,10,5,2,15,15,3,5,15,30,1,2
2237,2238,15,10,3,10,12,20,5,2,7,10,3,5,15,20,1,10
1847,1848,3,10,5,2,5,10,5,5,15,10,5,10,15,30,1,10
3054,3055,8,30,1,5,12,15,3,2,7,10,3,5,20,10,1,5
6879,6880,15,20,3,10,5,10,1,5,15,10,3,10,20,10,1,2
1888,1889,8,10,5,5,8,15,3,2,20,15,1,10,20,10,1,10
4890,4891,3,30,3,2,8,10,1,10,7,15,3,2,7,10,3,5
4574,4575,8,30,1,5,5,20,5,5,15,25,1,5,15,10,1,2
2136,2137,3,30,5,5,8,20,1,2,15,25,5,5,20,10,5,5
6801,6802,15,30,3,2,12,20,1,2,20,15,5,5,20,30,5,5
3042,3043,15,20,1,2,8,10,1,10,7,25,3,10,15,30,1,10
2522,2523,8,30,3,5,5,10,5,2,7,15,5,10,15,20,1,2
2668,2669,3,30,3,10,5,20,1,10,7,15,5,10,7,20,1,5
5800,5801,3,30,3,2,8,20,5,10,15,15,5,2,20,20,5,10
6355,6356,8,20,1,10,5,10,3,2,20,25,5,10,7,30,1,5
4526,4527,3,30,1,10,12,20,5,2,20,25,1,10,20,10,5,2
6914,6915,8,20,5,2,12,15,5,5,20,10,5,2,15,20,5,10
1630,1631,3,20,1,5,12,20,1,5,15,10,1,10,20,10,3,5
2784,2785,15,20,1,5,8,10,1,10,7,10,1,5,15,10,1,5
783,784,15,20,1,10,12,15,1,2,15,10,5,2,15,10,5,5
5368,5369,15,20,1,10,12,20,3,10,15,10,1,10,7,20,5,2
7390,7391,15,10,1,5,8,10,3,5,20,25,3,2,20,20,5,5
2789,2790,8,30,1,5,8,10,1,5,7,15,1,2,20,20,3,2
4354,4355,3,10,3,2,5,20,3,10,7,15,5,10,15,20,5,2
178,179,15,20,5,10,8,20,5,5,15,10,1,2,15,30,5,2
1571,1572,8,10,5,10,8,20,5,2,20,10,3,10,15,20,3,5
3183,3184,3,10,3,5,5,10,3,2,20,15,5,2,15,20,3,10
4350,4351,8,20,5,5,12,15,5,2,15,15,3,2,7,30,1,10
2284,2285,8,30,3,2,8,10,5,2,20,15,5,10,7,20,1,5
2627,2628,8,30,5,5,8,10,5,5,15,15,5,5,15,10,1,5
3022,3023,3,30,1,5,8,15,5,5,7,10,1,2,15,10,1,2
4414,4415,3,30,1,10,12,15,5,10,7,15,1,2,7,10,5,5
3289,3290,8,10,3,2,12,15,3,2,20,25,5,10,7,30,3,5
5842,5843,3,10,5,10,8,15,1,10,7,15,1,10,7,20,5,5
3649,3650,15,20,3,2,12,10,5,10,15,10,3,2,20,10,5,10
6615,6616,15,30,1,10,12,20,3,10,15,10,3,2,15,20,3,10
3999,4000,3,10,1,2,8,15,3,2,7,25,3,2,20,10,5,10
4592,4593,15,30,5,5,5,15,1,5,20,15,1,5,7,30,1,5
6943,6944,3,20,5,10,12,10,3,2,20,15,5,2,20,30,1,5
7421,7422,8,10,5,5,8,10,3,2,7,10,5,2,15,10,1,2
7447,7448,3,20,5,10,5,10,3,2,20,10,5,2,15,30,3,2
7210,7211,15,20,5,10,5,20,5,10,15,15,1,2,7,10,1,2
3560,3561,8,10,1,2,5,20,5,10,20,15,3,5,20,20,3,10
3763,3764,15,10,1,5,5,15,3,5,20,15,3,2,7,20,1,5
494,495,15,20,3,2,12,15,5,10,7,15,1,2,20,20,5,5
1176,1177,15,10,3,2,12,20,5,2,15,15,1,10,7,30,5,5
4335,4336,15,10,5,10,12,15,3,5,7,10,1,2,7,20,1,10
6780,6781,8,10,5,5,8,10,1,5,7,15,3,10,15,10,3,2
3312,3313,15,10,1,10,12,10,3,5,20,15,1,10,15,20,5,5
441,442,8,30,3,2,12,20,3,5,15,15,5,5,15,20,3,2
603,604,8,20,3,10,5,10,1,10,15,15,3,2,7,20,3,5
5168,5169,15,30,5,5,8,10,5,5,7,25,5,5,15,30,3,5
2325,2326,8,20,3,5,8,15,1,10,15,25,1,10,20,20,1,10
6478,6479,15,10,1,10,5,20,1,2,20,15,5,5,7,30,5,10
3406,3407,3,10,3,5,5,20,3,10,20,25,3,10,15,30,3,10
4504,4505,15,20,5,2,8,20,3,10,15,15,3,10,20,20,1,5
1157,1158,15,10,3,2,12,20,1,2,20,15,5,2,20,10,1,5
6557,6558,15,10,3,5,8,10,1,2,7,25,5,2,20,10,3,2
3408,3409,15,10,5,5,12,20,3,5,7,10,5,2,7,10,1,2
2388,2389,8,10,5,10,5,15,5,2,20,25,3,2,20,20,1,5
610,611,8,30,3,2,8,15,3,5,7,10,5,10,15,10,3,10
7275,7276,15,30,1,10,12,10,5,2,20,25,1,5,20,10,1,5
195,196,15,30,1,2,12,15,1,2,15,25,3,5,20,20,1,5
7083,7084,15,20,3,5,5,10,5,5,20,25,5,10,15,30,3,10
2917,2918,15,20,3,10,8,15,5,2,20,25,3,2,20,20,3,2
5196,5197,8,10,1,5,5,15,3,2,7,25,1,2,7,20,1,2
5461,5462,3,10,1,2,8,10,3,5,7,25,1,2,20,30,1,2
2079,2080,15,20,3,10,5,20,1,10,20,15,3,2,7,30,1,2
1448,1449,15,30,5,10,8,15,1,2,20,10,1,2,20,30,5,5
6388,6389,3,30,1,10,5,10,5,2,15,15,5,2,7,30,1,2
4831,4832,8,20,5,10,5,10,5,5,15,25,1,5,7,10,3,2
5508,5509,8,20,3,5,5,20,5,2,20,25,1,2,7,10,5,5
88,89,15,20,3,5,8,20,5,2,20,10,3,5,7,30,3,2
2506,2507,8,10,1,2,8,20,1,5,7,25,5,5,15,30,5,10
4531,4532,3,10,1,10,12,20,3,5,7,15,3,10,7,10,5,2
6099,6100,3,30,1,10,12,10,1,10,7,25,1,10,7,10,5,10
1744,1745,8,10,1,5,5,20,1,5,15,15,5,2,15,10,5,5
607,608,15,10,5,5,12,15,5,2,7,10,3,10,20,10,5,10
3395,3396,15,30,5,2,5,10,3,5,20,15,3,10,20,10,1,2
2050,2051,8,20,5,5,5,10,5,5,15,15,5,2,20,10,1,5
6377,6378,3,30,1,2,5,20,3,5,20,25,1,5,20,30,3,5
4809,4810,15,20,5,5,12,15,5,10,7,25,5,10,15,20,3,2
4837,4838,8,30,3,2,5,20,5,2,15,25,1,10,7,20,3,10
1743,1744,15,10,3,2,5,10,1,2,20,10,5,2,15,20,5,2
4953,4954,15,10,5,2,8,15,5,5,20,10,5,2,15,20,1,5
7338,7339,15,10,3,10,5,10,5,5,7,15,1,10,7,20,1,5
6776,6777,8,20,5,10,5,20,1,2,20,25,1,10,7,20,5,2
4934,4935,8,30,1,10,12,15,5,2,15,25,3,5,20,10,1,10
5906,5907,3,10,3,2,12,10,5,2,7,15,3,10,7,20,1,10
4690,4691,8,20,1,2,5,10,3,10,15,10,3,5,7,30,1,10
6490,6491,8,10,5,2,12,15,1,2,15,15,1,5,15,20,1,5
3237,3238,15,10,1,10,8,20,5,5,7,10,5,5,15,20,5,10
4415,4416,8,30,1,5,12,10,5,5,7,25,3,2,7,30,1,10
625,626,15,30,5,10,8,20,5,10,15,10,5,5,7,30,1,2
3760,3761,3,10,1,2,5,15,3,2,7,15,1,2,15,20,1,2
388,389,15,20,5,10,8,20,1,10,7,15,5,2,20,10,3,5
752,753,15,10,5,2,12,15,3,10,7,10,1,5,15,10,5,2
4080,4081,3,30,5,10,8,20,3,5,20,25,5,10,20,20,5,2
6901,6902,8,20,5,10,5,15,5,10,7,15,3,5,20,10,1,10
3699,3700,3,30,1,5,5,15,3,10,7,10,3,5,20,10,5,5
5521,5522,15,20,3,5,12,20,5,2,20,25,5,10,7,10,3,10
4638,4639,15,30,3,10,12,10,3,5,20,10,5,2,15,30,1,10
4189,4190,3,10,1,5,12,15,5,5,15,15,5,2,7,30,1,2
3931,3932,15,20,3,2,5,10,5,10,20,10,1,10,20,30,5,5
7686,7687,3,30,5,5,5,20,5,10,20,10,3,10,15,10,1,2
3382,3383,15,10,3,5,5,15,3,5,20,10,3,2,7,30,5,5
6861,6862,8,30,3,5,12,20,1,5,7,10,5,10,7,30,1,5
695,696,3,10,5,5,12,20,1,2,15,15,5,5,15,20,1,10
5313,5314,3,10,3,5,5,15,1,10,7,15,1,10,20,30,1,5
6253,6254,3,30,3,2,8,20,3,5,7,15,3,10,20,20,5,2
4438,4439,3,10,5,2,8,20,3,10,20,15,1,2,15,30,5,2
2104,2105,3,20,3,5,12,10,1,5,20,25,1,10,7,10,5,10
2031,2032,8,10,3,2,5,20,5,2,15,10,5,2,7,10,5,10
2665,2666,15,20,1,5,12,15,3,2,7,15,3,5,15,30,1,5
191,192,15,20,5,10,8,10,3,2,15,10,5,5,15,20,5,2
4813,4814,8,10,1,10,12,10,1,5,20,25,5,10,15,30,1,5
6163,6164,15,20,5,5,8,15,1,5,20,10,1,2,20,10,5,10
575,576,15,10,5,2,5,10,3,10,20,15,3,10,15,30,5,5
4724,4725,15,20,1,10,5,10,5,5,7,25,3,2,15,20,5,5
5609,5610,8,10,1,2,12,15,1,5,7,10,3,5,20,10,1,10
6788,6789,8,10,5,10,12,10,1,10,15,25,1,2,7,30,1,5
2077,2078,15,10,1,5,12,10,3,5,7,10,3,5,7,10,3,5
5892,5893,8,10,1,2,12,10,5,5,7,15,5,5,7,30,1,5
3181,3182,8,20,3,5,8,15,1,10,20,25,3,5,15,10,1,2
2187,2188,3,20,1,10,12,10,1,5,15,15,1,10,15,10,5,10
3820,3821,3,30,1,2,5,20,5,2,7,25,3,10,7,10,1,10
5217,5218,15,20,5,10,8,15,3,5,15,15,3,2,20,10,5,10
3821,3822,15,30,5,5,8,10,1,10,20,25,3,2,15,20,1,10
6908,6909,8,20,1,2,12,10,3,2,7,10,1,10,20,10,5,2
396,397,3,30,3,10,8,15,5,2,7,15,3,10,20,10,3,10
841,842,15,20,1,10,8,10,3,2,7,25,1,10,7,10,5,5
6515,6516,15,30,3,2,5,15,5,2,20,25,3,5,20,10,3,2
4105,4106,3,20,5,10,8,20,1,2,15,15,3,5,7,30,1,5
933,934,8,30,3,10,12,10,3,10,15,15,5,5,20,30,3,10
519,520,8,20,1,2,8,10,1,2,20,10,5,5,7,30,1,5
1122,1123,15,10,1,5,12,20,3,5,7,10,1,2,15,30,1,2
3511,3512,8,30,1,5,8,10,3,2,15,15,1,10,15,20,3,2
364,365,8,20,1,5,12,15,1,5,20,15,5,10,15,30,5,2
5087,5088,3,30,1,2,8,10,1,2,7,25,1,10,20,20,5,5
7005,7006,8,30,5,5,12,10,1,2,15,25,1,10,7,30,1,10
1476,1477,15,30,5,2,5,10,3,10,20,25,3,5,20,30,3,2
462,463,8,10,1,2,5,20,5,2,7,15,5,5,15,10,5,10
5189,5190,15,20,5,10,12,15,3,10,15,15,5,2,15,20,5,10
7403,7404,15,20,5,2,5,15,1,10,20,10,5,5,15,30,5,5
3910,3911,8,10,1,10,5,20,1,2,7,10,1,5,20,30,5,10
4570,4571,8,20,3,5,12,20,5,5,15,10,1,2,15,30,3,10
4455,4456,3,20,5,10,5,15,1,10,15,15,3,2,15,20,3,5
2679,2680,8,30,3,10,8,15,3,5,15,10,1,2,15,30,3,10
7417,7418,15,30,1,2,8,15,1,10,20,25,3,10,20,10,5,5
6091,6092,15,20,3,2,5,15,3,5,20,15,5,5,7,30,1,5
6875,6876,8,30,5,5,12,10,3,5,7,10,5,2,20,10,3,5
4621,4622,15,30,1,2,12,20,3,10,15,25,5,5,7,10,3,5
1978,1979,15,10,5,5,12,10,1,10,7,10,5,2,20,20,1,10
7568,7569,8,20,3,10,5,20,5,10,7,15,3,10,20,30,3,2
7527,7528,8,10,5,10,5,20,1,5,15,10,5,10,20,30,1,2
2889,2890,15,30,3,2,5,20,3,5,20,10,1,5,15,10,1,10
520,521,3,20,3,2,12,20,5,5,7,25,5,10,15,20,3,2
3650,3651,3,20,1,10,12,10,3,5,7,15,5,2,15,20,3,5
7266,7267,8,30,5,10,5,15,3,10,15,10,1,5,15,30,3,10
3473,3474,15,10,3,10,5,20,3,5,7,25,5,2,15,20,1,10
5716,5717,3,20,3,5,5,10,5,5,20,10,5,5,7,30,1,2
3834,3835,3,20,1,5,8,15,1,10,7,25,5,5,20,20,1,5
2965,2966,15,10,5,5,12,10,1,5,7,25,3,10,15,10,5,5
157,158,15,30,5,5,12,10,1,5,20,25,3,2,20,10,1,10
6767,6768,3,10,1,5,12,20,5,2,20,15,3,10,20,20,5,5
650,651,3,20,3,5,12,15,1,2,20,15,3,10,7,10,1,5
1552,1553,3,20,3,5,12,20,5,2,15,10,3,10,7,20,1,2
952,953,3,10,5,5,12,15,5,5,7,15,3,2,15,20,3,5
3765,3766,15,20,1,10,5,15,3,2,7,25,3,10,20,10,1,5
2081,2082,8,20,5,10,8,15,5,2,7,25,5,10,20,30,3,2
4819,4820,8,30,1,5,12,20,3,2,15,15,1,5,20,20,3,2
2436,2437,8,10,1,10,8,10,3,10,20,10,5,5,15,10,5,10
6470,6471,3,20,1,2,5,15,3,2,7,10,1,10,7,30,3,5
4185,4186,8,10,3,2,5,20,1,10,7,10,5,10,15,20,1,2
5243,5244,15,30,5,2,12,10,1,2,20,10,1,5,15,10,3,10
5715,5716,3,10,1,10,12,10,5,10,20,10,5,2,20,20,1,5
3748,3749,8,20,5,5,12,10,1,5,20,15,5,10,7,30,5,10
5844,5845,15,30,3,2,12,10,5,5,15,15,1,10,7,20,3,5
5138,5139,15,10,1,10,8,10,5,5,20,25,3,2,20,30,5,2
5804,5805,8,30,1,2,8,15,1,10,15,15,3,2,7,10,3,2
766,767,8,10,1,10,12,10,3,10,20,10,1,5,7,20,5,5
2326,2327,15,30,3,2,5,20,3,5,20,10,3,2,20,10,5,2
6819,6820,15,30,3,10,12,10,1,5,7,15,1,10,7,10,3,2
3677,3678,3,30,1,10,12,20,3,10,7,10,3,2,20,20,3,5
470,471,8,20,3,5,12,15,5,10,20,10,5,2,15,20,1,10
6164,6165,15,10,5,5,12,10,1,5,7,25,5,2,15,10,1,10
6168,6169,8,30,1,5,5,10,5,5,15,10,1,10,15,10,5,10
3349,3350,8,10,1,5,5,15,5,2,15,15,1,5,15,30,5,5
2783,2784,15,10,1,10,5,15,3,10,20,15,1,2,15,10,1,2
4465,4466,3,20,5,5,5,10,3,5,20,25,3,10,15,10,3,10
4648,4649,15,10,3,5,12,20,3,10,20,15,3,5,7,20,1,10
6414,6415,3,10,3,10,12,15,5,5,15,25,1,5,20,20,5,5
4376,4377,8,30,1,10,5,10,1,10,15,15,3,5,15,30,3,2
6349,6350,15,10,1,2,12,10,3,5,7,10,5,10,20,20,3,10
1621,1622,15,10,5,5,8,10,3,10,20,15,1,2,15,20,5,5
2644,2645,8,30,5,10,5,15,3,2,15,15,1,5,7,10,1,5
6911,6912,3,20,5,2,5,20,3,2,15,25,3,2,20,30,3,10
5477,5478,8,20,3,2,5,10,3,2,7,10,3,2,20,10,3,10
6267,6268,15,10,3,5,12,20,5,10,7,10,3,5,7,10,3,2
3971,3972,15,30,1,10,12,15,5,5,15,10,3,2,15,20,1,5
3482,3483,15,30,1,2,8,15,1,10,7,25,1,5,7,10,1,10
2455,2456,3,20,5,2,8,10,5,10,7,15,1,2,20,10,3,10
3958,3959,15,20,3,5,12,20,1,10,20,10,5,2,15,20,1,5
6524,6525,8,20,3,5,8,10,1,2,20,10,5,2,20,10,1,5
3541,3542,8,10,3,2,5,10,3,10,7,25,1,2,7,20,3,10
114,115,3,30,1,10,5,15,5,2,20,25,1,5,20,10,5,2
3345,3346,3,20,5,2,12,15,1,5,15,10,3,5,15,20,5,5
7116,7117,15,10,1,5,8,20,3,5,7,10,1,10,7,30,1,5
7123,7124,8,20,5,10,8,10,5,10,7,25,5,2,20,20,5,10
6059,6060,15,10,3,2,12,15,3,2,20,10,3,10,7,30,5,2
3182,3183,15,10,5,10,12,15,5,2,20,10,5,10,20,20,3,10
1992,1993,8,20,1,10,5,20,1,5,7,15,1,2,15,30,1,5
2389,2390,3,20,5,10,8,15,3,5,7,15,3,5,15,20,1,5
309,310,15,10,1,5,8,10,5,10,7,15,5,10,15,20,1,5
7129,7130,15,10,3,2,12,20,1,5,20,10,3,5,15,30,5,10
7308,7309,15,10,3,10,5,15,3,5,15,15,5,5,7,30,3,2
5309,5310,15,10,5,10,5,15,1,10,7,10,1,5,15,30,3,10
570,571,3,30,3,2,12,10,1,5,20,10,1,5,7,30,5,5
3601,3602,15,30,1,2,12,20,5,5,15,10,1,2,15,10,1,10
7454,7455,8,30,3,2,8,15,5,2,7,25,5,5,7,30,5,2
5566,5567,8,10,3,10,5,15,5,10,20,10,5,2,15,10,5,5
6284,6285,15,30,1,10,8,20,1,2,7,15,1,2,20,20,5,5
4785,4786,3,10,5,2,12,10,1,2,20,25,3,10,7,10,5,10
7032,7033,3,20,3,2,5,15,3,5,7,25,5,2,20,30,3,10
7511,7512,15,10,5,5,12,15,3,10,20,10,5,10,15,20,1,10
158,159,15,10,1,10,5,10,5,5,20,10,3,10,15,20,3,5
1711,1712,3,20,5,10,5,10,5,5,15,25,1,10,7,10,1,10
3911,3912,8,30,5,10,12,20,1,2,15,15,5,10,7,30,1,5
3912,3913,3,10,1,2,8,15,1,2,15,10,5,2,20,10,1,2
680,681,15,20,1,5,8,20,1,5,20,15,1,5,20,10,5,10
6729,6730,8,10,3,5,8,15,1,5,7,15,5,2,15,10,3,10
5981,5982,8,30,1,2,5,10,3,2,20,25,3,2,20,10,3,2
7305,7306,15,30,1,2,8,10,5,2,7,25,3,2,15,30,1,2
3235,3236,15,30,5,10,12,15,1,10,20,25,5,2,15,30,1,2
4437,4438,15,20,1,2,8,20,1,2,20,15,5,2,7,30,5,5
4128,4129,8,30,3,5,5,15,3,5,20,10,3,10,20,10,3,10
5755,5756,15,30,5,5,5,10,1,5,15,25,1,5,15,30,1,5
639,640,8,20,1,10,5,15,1,10,20,15,1,5,15,30,3,10
6897,6898,8,10,3,2,5,15,1,5,20,15,3,5,20,20,5,5
3461,3462,15,20,1,2,5,10,1,5,20,25,5,2,15,10,1,10
2281,2282,8,20,3,10,12,10,3,2,15,10,1,2,15,20,5,2
3219,3220,3,10,3,10,5,10,3,2,7,25,3,10,20,10,5,10
1753,1754,8,30,5,5,8,10,3,2,7,15,1,10,7,20,5,10
6375,6376,15,30,3,10,12,10,3,5,15,10,1,10,15,30,1,5
3764,3765,8,30,1,10,12,10,3,5,20,25,5,5,15,20,5,10
7186,7187,8,30,1,2,8,15,3,10,15,15,1,2,7,30,3,2
7044,7045,15,20,5,5,8,10,5,2,15,15,3,2,7,30,1,2
6645,6646,8,30,3,5,12,10,1,2,20,10,3,5,20,10,5,10
4689,4690,15,30,1,10,5,20,3,10,15,10,3,5,15,10,3,2
3510,3511,15,30,3,5,5,20,3,10,20,25,1,10,7,30,3,2
775,776,3,20,3,10,5,15,5,2,15,15,3,2,20,10,1,10
6928,6929,8,10,1,5,8,10,1,10,7,15,5,10,20,20,1,2
3391,3392,3,20,3,10,5,20,1,2,15,10,1,2,15,30,3,10
457,458,8,10,3,2,5,20,5,5,15,25,1,10,15,10,5,5
6646,6647,15,10,1,2,5,10,3,5,15,25,5,2,7,10,3,10
1092,1093,8,20,3,2,12,15,5,5,15,10,3,2,7,10,3,5
4886,4887,8,10,5,5,5,10,5,2,20,25,5,10,7,20,5,10
4329,4330,3,20,1,2,12,15,3,2,7,15,3,10,7,10,5,2
4051,4052,8,20,1,5,12,15,3,5,15,25,5,2,20,30,1,2
3476,3477,3,10,3,10,12,10,1,10,15,10,1,5,7,30,3,2
3162,3163,3,30,3,10,12,20,5,5,20,25,1,2,15,30,1,10
6811,6812,8,20,3,5,5,20,5,2,7,15,1,10,7,10,3,2
1883,1884,15,10,1,5,5,10,5,2,20,15,5,5,15,10,3,5
80,81,15,20,3,10,5,10,5,5,15,15,3,5,7,10,5,10
3774,3775,15,10,1,10,12,10,3,10,20,10,5,10,7,20,5,10
2227,2228,15,10,5,5,5,15,3,10,15,15,5,2,7,20,1,2
4541,4542,8,10,1,5,8,15,5,5,15,25,3,10,7,10,1,2
169,170,15,20,1,5,12,15,3,5,15,15,5,2,20,10,5,5
7239,7240,8,10,5,10,5,10,3,10,20,15,3,10,20,30,1,10
5444,5445,3,10,5,2,5,15,3,2,15,15,3,5,15,10,5,2
6614,6615,15,10,3,5,8,10,5,10,20,10,3,10,15,10,3,5
7097,7098,15,20,5,10,12,15,5,5,7,15,5,5,15,20,1,2
1147,1148,3,20,1,5,5,20,5,2,15,15,1,10,20,10,5,2
1897,1898,8,10,5,2,5,10,3,5,15,15,3,5,20,30,3,10
4347,4348,15,10,1,5,5,20,5,10,20,25,5,5,7,30,1,5
7683,7684,8,10,3,10,12,20,3,2,20,10,1,5,7,10,3,2
4769,4770,15,30,5,2,5,10,3,5,15,25,1,5,7,30,1,2
2622,2623,8,30,3,2,12,10,1,2,20,25,3,2,20,20,5,10
7430,7431,3,20,1,5,12,10,1,10,20,25,5,5,15,20,3,10
6200,6201,15,30,5,5,8,10,5,10,15,15,1,10,15,30,1,10
2702,2703,15,20,5,2,8,15,3,5,20,25,5,10,7,10,5,5
927,928,15,20,5,5,12,10,3,10,7,10,3,10,7,10,3,2
6372,6373,3,10,1,2,12,20,5,2,20,25,1,2,7,10,1,2
1894,1895,8,10,3,5,12,10,3,5,7,10,1,5,7,20,1,2
2710,2711,15,10,5,2,8,10,3,2,15,10,1,10,15,30,1,2
2304,2305,15,30,1,2,5,15,1,10,7,10,1,10,7,20,1,5
5621,5622,8,20,1,5,8,10,3,2,15,10,1,2,20,30,1,5
928,929,3,30,5,2,8,10,5,10,15,25,3,2,20,30,5,5
3527,3528,8,10,3,2,8,10,5,2,20,25,5,5,15,30,3,2
4428,4429,15,20,3,10,8,20,3,10,20,10,3,10,15,30,1,5
1463,1464,15,20,3,10,8,20,1,5,15,25,1,10,15,20,5,5
3068,3069,8,20,5,2,8,10,3,5,15,10,3,2,15,10,5,10
3315,3316,3,20,1,10,8,15,5,5,20,10,1,10,20,30,5,5
4787,4788,8,20,5,5,8,20,5,5,7,25,3,10,20,30,3,2
3386,3387,8,10,5,2,8,15,5,10,15,25,1,10,7,20,1,2
2130,2131,15,30,1,10,12,10,5,10,15,10,3,2,20,10,5,10
4287,4288,3,20,3,2,12,20,5,10,20,10,3,10,15,30,3,5
3841,3842,3,30,3,10,5,20,5,10,20,10,1,10,15,20,5,5
5260,5261,3,20,1,5,5,15,5,2,7,10,3,2,15,30,3,5
2039,2040,8,30,1,2,8,15,1,10,7,10,1,5,7,20,1,10
3922,3923,15,20,1,2,8,10,1,2,15,25,1,2,7,10,3,10
96,97,15,30,3,2,5,20,5,2,7,15,5,2,7,10,1,2
1139,1140,8,20,5,5,5,15,1,10,7,10,1,5,7,30,3,5
6896,6897,3,30,3,2,12,20,1,5,7,10,3,5,20,10,1,5
3799,3800,15,30,3,2,8,10,5,10,15,15,3,10,7,30,5,2
606,607,15,20,1,5,8,10,5,10,15,25,5,10,20,20,5,10
7356,7357,3,10,3,5,5,10,5,2,20,15,5,2,7,30,1,5
6285,6286,3,10,1,5,12,20,5,5,20,15,3,2,7,30,3,2
7110,7111,8,20,3,10,12,20,1,10,20,15,1,10,20,30,1,5
2652,2653,8,20,1,2,12,15,3,5,7,15,1,10,20,10,1,2
7082,7083,8,30,5,2,8,10,3,10,7,15,1,10,20,10,5,10
5330,5331,8,30,3,2,5,20,5,10,20,15,5,10,7,30,3,2
662,663,15,30,1,10,5,20,1,10,7,15,3,5,20,20,5,10
2348,2349,15,30,5,5,5,10,5,10,15,25,1,5,7,10,3,2
947,948,3,30,5,10,5,10,1,2,20,10,1,2,15,20,3,5
5039,5040,15,20,1,5,12,10,5,2,15,15,3,5,15,10,3,5
6569,6570,3,10,5,5,5,15,1,2,7,15,1,5,7,10,3,10
4634,4635,3,10,5,2,12,10,1,10,20,15,1,10,20,30,3,2
6009,6010,15,20,5,10,12,15,3,5,15,10,1,10,20,30,3,5
7489,7490,3,20,5,5,12,15,3,2,15,25,3,5,15,20,3,10
4627,4628,3,10,3,10,12,10,5,2,7,25,1,5,7,30,5,2
6687,6688,15,10,3,10,8,10,5,10,20,25,1,2,15,30,5,5
1338,1339,15,10,5,2,5,10,3,5,20,10,5,2,7,30,1,5
2730,2731,15,30,1,10,8,10,1,2,15,10,1,2,15,20,1,10
5930,5931,8,10,5,5,5,10,3,10,15,25,1,2,7,10,3,5
816,817,8,10,1,5,5,20,3,2,7,15,3,2,15,20,1,5
4945,4946,8,20,3,10,12,10,1,10,7,25,3,2,20,10,1,2
2216,2217,8,30,1,2,8,15,1,2,15,10,3,10,7,10,5,10
3417,3418,15,30,1,5,12,10,3,10,20,10,5,5,20,20,5,5
5416,5417,3,20,3,10,5,10,1,5,15,15,1,2,7,30,3,2
3174,3175,15,10,3,5,8,20,3,5,15,25,1,5,20,10,3,5
7628,7629,15,30,3,5,5,10,1,5,15,10,1,5,7,20,1,10
7105,7106,8,10,3,5,8,10,1,5,7,25,3,10,20,20,1,2
6011,6012,3,30,1,10,8,10,3,10,20,10,5,2,15,10,1,5
882,883,15,10,5,10,5,20,3,2,15,10,1,10,7,30,5,5
3002,3003,8,30,1,2,12,15,1,5,15,15,5,5,15,10,1,2
2997,2998,3,10,5,5,8,20,1,2,7,15,3,10,7,10,3,2
3295,3296,3,10,3,10,8,10,1,5,15,15,3,5,20,30,3,10
328,329,8,30,3,10,8,15,1,2,20,10,3,10,7,20,3,2
7330,7331,15,20,3,10,8,20,3,10,7,15,1,2,7,20,5,5
4705,4706,3,10,3,10,5,20,5,2,7,10,5,2,15,30,1,5
5208,5209,3,10,3,2,8,15,5,5,7,25,5,10,15,30,5,10
4032,4033,3,10,1,10,8,20,3,2,7,25,5,2,7,30,3,2
1825,1826,8,20,3,2,5,20,3,10,20,15,5,10,15,20,5,5
2964,2965,15,20,3,2,8,10,5,10,7,15,1,5,15,20,3,10
2087,2088,3,30,5,10,12,15,5,5,15,15,5,10,20,10,3,10
435,436,3,10,3,2,5,15,1,2,15,25,3,5,7,20,1,10
7451,7452,3,20,3,2,12,20,1,2,20,15,5,5,15,20,3,10
4499,4500,8,20,1,2,8,10,1,10,7,15,3,2,7,10,1,5
2926,2927,3,20,3,2,8,10,5,10,7,25,5,10,7,20,1,5
4521,4522,8,30,3,10,8,20,3,5,15,25,1,5,15,10,1,5
5088,5089,15,20,5,5,5,10,3,10,7,15,1,5,20,20,3,2
4871,4872,15,10,1,5,5,20,3,2,20,10,1,10,20,30,5,10
997,998,15,20,1,2,12,10,1,10,20,25,5,10,15,20,1,2
696,697,3,20,3,10,8,20,1,5,20,15,1,10,15,20,1,10
2090,2091,15,10,1,5,12,20,1,5,7,15,1,2,7,30,3,5
985,986,8,30,3,5,8,10,3,2,20,15,3,2,7,30,1,10
4216,4217,3,30,5,10,5,10,1,5,7,25,1,2,7,10,3,10
6842,6843,15,30,3,10,8,15,3,10,20,15,3,5,7,10,5,5
1859,1860,15,30,1,10,8,20,5,10,15,25,3,10,7,20,5,5
4279,4280,8,30,1,2,8,10,5,5,7,15,5,2,20,30,5,5
2212,2213,3,30,3,5,12,10,5,2,20,15,5,5,20,20,1,5
3869,3870,8,30,3,10,12,20,1,10,15,10,5,10,15,20,3,5
1230,1231,15,20,1,2,8,15,3,5,15,15,1,5,15,30,1,5
3233,3234,15,20,1,10,12,15,5,2,7,10,5,2,15,20,3,2
2763,2764,8,30,5,2,8,10,1,10,20,25,5,10,15,30,5,2
4823,4824,3,10,1,5,8,20,5,2,7,15,1,2,20,30,1,2
7331,7332,15,10,3,10,12,10,3,2,7,10,5,10,20,10,3,2
1864,1865,8,30,5,2,8,15,3,2,15,10,3,10,7,20,3,2
4251,4252,3,30,1,2,12,20,5,2,15,15,5,5,7,10,1,2
6528,6529,3,30,1,5,12,10,1,5,20,15,5,2,20,20,1,10
6582,6583,8,10,3,2,12,20,5,2,7,10,3,10,7,20,5,2
383,384,3,10,1,10,12,10,1,10,15,15,1,5,7,20,5,5
260,261,3,10,3,2,5,15,1,2,7,10,3,10,20,30,1,5
2811,2812,15,30,1,10,8,15,5,2,15,10,3,5,20,10,1,10
3502,3503,3,10,1,2,8,15,5,5,20,10,5,5,20,10,5,10
3360,3361,8,20,3,10,8,20,1,5,15,25,3,10,15,20,5,10
2721,2722,3,30,5,2,8,15,5,2,7,10,3,2,7,10,5,10
6316,6317,3,20,3,10,5,10,1,2,7,15,5,5,7,30,1,10
4155,4156,3,30,1,10,5,15,3,2,15,25,1,10,20,10,1,5
4334,4335,15,30,5,5,5,20,3,10,7,15,5,5,7,20,5,10
1633,1634,8,10,3,10,5,15,1,10,20,25,1,10,7,10,3,2
3293,3294,15,20,5,5,8,20,5,2,20,25,5,5,20,10,5,2
6197,6198,8,20,3,10,5,15,3,5,15,10,1,10,20,20,1,2
6373,6374,8,30,5,5,12,20,3,10,7,15,5,2,20,30,3,10
6232,6233,3,10,5,2,8,15,1,2,20,15,3,5,20,10,3,5
4862,4863,3,10,3,2,12,15,1,10,20,15,3,10,7,20,3,10
5094,5095,8,20,1,2,12,10,3,5,15,10,5,10,7,10,1,2
2568,2569,8,10,1,5,8,20,5,2,15,10,3,5,7,30,5,2
5006,5007,3,20,5,5,5,10,1,5,20,25,3,10,20,30,5,10
1047,1048,15,20,5,10,5,20,5,2,20,15,5,2,7,20,3,2
7529,7530,8,30,5,10,5,10,5,10,15,15,5,2,15,10,5,10
6599,6600,8,10,5,2,5,20,1,10,15,15,3,10,7,20,3,2
7693,7694,3,20,5,5,8,20,5,5,20,25,5,5,15,20,1,5
1158,1159,15,10,1,5,5,20,3,10,7,10,3,5,20,30,3,10
3491,3492,3,10,5,10,8,15,5,10,7,25,3,10,15,30,5,5
2007,2008,15,30,5,10,12,15,1,10,7,15,5,2,7,10,1,10
3522,3523,3,10,1,10,8,10,3,2,7,15,1,2,15,10,3,5
142,143,15,20,1,5,12,20,3,10,15,15,5,2,15,30,1,10
3255,3256,3,20,5,2,12,15,5,2,15,10,3,2,15,30,1,2
3254,3255,15,10,3,10,12,15,1,2,20,15,5,5,15,30,5,10
6617,6618,8,30,1,2,8,15,1,10,7,25,1,10,20,10,1,10
4913,4914,8,20,3,10,8,15,5,5,15,25,1,5,20,30,3,2
6248,6249,8,20,3,10,5,15,3,10,15,25,5,2,15,10,3,10
3903,3904,3,10,1,10,8,15,5,5,15,15,1,5,7,10,1,5
6400,6401,8,10,1,10,8,10,5,10,20,10,1,10,20,20,3,10
4764,4765,3,20,3,10,8,10,1,2,15,15,3,5,7,10,3,5
2586,2587,3,10,5,2,12,20,3,10,20,15,3,10,7,30,5,2
5324,5325,8,20,5,2,12,20,3,5,15,10,3,5,20,10,1,2
7051,7052,8,20,5,5,12,10,1,10,7,10,1,5,7,10,1,2
2732,2733,15,20,1,10,12,20,5,10,7,10,3,5,7,30,5,2
3740,3741,8,20,3,10,5,20,1,2,15,15,1,2,15,10,1,5
7257,7258,15,30,3,2,8,20,5,2,7,10,1,10,7,10,5,5
7337,7338,15,20,1,5,12,20,1,2,7,25,3,2,15,20,5,5
1863,1864,3,20,1,5,5,15,1,2,7,15,1,2,15,10,1,5
2536,2537,15,10,3,5,12,15,5,10,7,15,3,10,20,20,5,2
812,813,8,30,3,5,12,10,3,2,20,10,1,10,15,20,1,2
136,137,15,20,3,2,12,15,3,2,15,10,1,2,7,30,1,5
2276,2277,15,20,5,10,12,15,5,2,7,25,3,10,15,30,3,10
4846,4847,3,10,3,5,8,15,3,5,20,25,3,5,20,10,1,5
1094,1095,8,10,1,10,5,15,1,10,15,15,1,5,7,30,5,10
2173,2174,3,10,1,2,5,15,3,2,15,15,5,10,15,30,3,10
1481,1482,3,30,3,10,5,15,5,5,15,15,5,2,15,20,5,5
6949,6950,15,20,1,10,8,20,5,2,7,25,5,10,20,10,3,5
6398,6399,15,20,5,5,8,10,1,2,15,10,5,10,7,30,5,2
579,580,8,30,5,10,8,20,3,2,7,25,5,10,20,30,1,10
651,652,8,10,3,2,12,10,3,5,7,25,1,5,20,10,1,10
5179,5180,8,30,5,5,5,20,5,10,20,25,1,2,7,10,5,10
5073,5074,3,10,5,5,8,10,3,2,15,10,1,10,7,10,3,2
2309,2310,3,10,5,5,8,10,1,10,15,15,1,2,7,30,5,2
5822,5823,8,20,5,10,12,20,1,2,7,15,5,2,15,30,3,10
3453,3454,3,10,3,10,8,15,1,5,20,25,3,10,20,10,5,5
1393,1394,3,20,3,10,5,15,3,2,20,10,3,5,20,30,5,5
2319,2320,15,20,1,2,8,15,5,2,7,10,3,10,7,30,5,5
3423,3424,3,20,5,10,12,10,5,2,7,25,3,10,20,20,3,2
5200,5201,3,10,3,2,5,20,3,10,20,25,1,5,15,10,5,10
3913,3914,8,10,5,10,12,15,1,2,7,15,5,5,15,10,3,5
6535,6536,15,20,1,10,12,10,5,2,15,25,3,10,15,10,1,2
2876,2877,8,30,5,10,5,15,1,10,15,15,5,10,7,20,1,5
1450,1451,3,20,5,2,5,10,1,2,7,10,5,2,7,30,5,5
5633,5634,3,10,5,5,8,15,5,5,7,15,1,2,7,10,5,10
1496,1497,8,10,1,5,12,20,5,10,20,15,5,2,15,10,5,10
3952,3953,8,30,3,5,12,20,1,10,15,10,1,10,15,10,3,10
2145,2146,3,10,3,5,8,15,5,5,15,10,5,10,7,30,3,2
6693,6694,15,10,1,10,12,20,1,10,15,15,1,2,20,10,1,10
6652,6653,3,30,3,10,12,20,1,2,7,15,1,2,15,30,1,5
586,587,8,10,1,2,8,20,5,2,15,25,1,5,7,30,3,5
6721,6722,8,20,3,5,5,20,1,2,7,25,5,5,7,30,3,2
1902,1903,15,30,3,5,12,10,1,5,7,10,5,2,15,30,5,5
7618,7619,15,20,1,2,5,10,3,5,20,25,1,10,15,30,1,2
6900,6901,15,20,1,10,8,10,3,2,15,25,3,10,7,10,1,2
7162,7163,8,30,3,2,8,10,5,2,20,25,5,5,7,10,3,5
6857,6858,3,10,5,2,5,10,5,10,20,15,3,5,20,30,1,2
4677,4678,8,10,3,2,8,10,3,5,15,10,5,5,15,30,5,10
6529,6530,3,20,3,10,5,10,3,10,15,25,5,10,7,20,1,5
3060,3061,8,10,3,10,8,15,5,2,15,15,3,10,7,30,1,10
6182,6183,8,30,3,2,5,15,1,10,20,15,3,10,7,20,5,10
3134,3135,3,30,1,2,8,15,5,10,20,10,3,5,7,30,5,10
6787,6788,3,10,3,10,5,10,1,2,15,10,1,2,15,10,3,2
6725,6726,3,20,3,5,12,10,5,5,15,15,1,2,7,10,1,10
6572,6573,8,30,1,10,8,20,5,10,15,15,1,5,15,20,3,5
2856,2857,15,30,3,5,8,20,1,2,7,10,1,2,7,30,3,10
6331,6332,8,20,3,5,8,20,5,5,20,15,1,10,20,30,5,5
3567,3568,15,10,5,10,8,10,1,2,15,10,1,10,15,30,3,10
3964,3965,8,30,3,10,12,15,1,5,7,25,1,5,15,30,3,10
1908,1909,3,30,1,10,5,10,5,5,7,10,3,2,7,30,1,5
6691,6692,8,20,1,10,8,10,1,5,15,10,3,5,20,10,3,10
806,807,3,10,1,2,8,15,5,10,15,10,3,5,20,20,3,10
6296,6297,15,20,1,10,8,20,5,10,7,25,3,10,15,20,1,2
6965,6966,3,10,5,10,12,20,5,5,7,15,3,5,20,30,3,2
425,426,8,30,5,5,12,20,1,10,15,25,5,5,7,10,3,5
7174,7175,8,20,5,10,5,15,1,5,15,25,1,10,15,10,1,10
6527,6528,8,30,3,10,5,15,5,2,7,15,1,5,20,10,5,2
1828,1829,8,10,5,2,12,15,5,10,20,15,1,2,20,10,1,10
6894,6895,15,30,5,5,5,20,1,2,20,15,5,10,20,10,5,5
1829,1830,8,10,1,2,8,10,3,10,20,10,3,5,15,30,1,10
4597,4598,8,20,3,5,12,15,3,10,15,10,5,5,20,30,3,5
2144,2145,8,20,5,5,5,20,5,5,15,25,5,5,20,20,5,10
123,124,3,10,3,2,12,20,1,2,15,15,1,10,7,30,3,5
2554,2555,15,30,5,2,8,15,3,10,7,15,3,10,15,20,3,2
7399,7400,15,10,5,10,8,20,3,2,20,25,5,10,20,30,5,2
2427,2428,15,20,3,5,5,20,3,2,7,10,1,5,20,10,1,10
3888,3889,15,30,5,10,12,15,3,10,15,15,1,5,20,10,5,10
1184,1185,15,30,1,5,12,10,1,10,15,15,1,5,7,20,5,10
2488,2489,3,10,1,5,8,10,3,5,7,15,3,5,7,30,1,2
5607,5608,8,30,3,2,12,20,5,10,7,15,5,10,20,20,5,10
3948,3949,15,20,3,10,8,10,3,5,15,10,5,10,15,10,1,2
4874,4875,15,20,1,5,5,20,5,10,7,10,1,5,20,20,1,10
5373,5374,8,30,1,2,8,10,3,10,20,10,5,10,20,10,3,2
951,952,8,20,1,10,8,20,1,2,7,10,1,2,7,10,3,2
5592,5593,15,10,3,2,12,15,1,5,7,15,3,10,20,10,5,10
5017,5018,15,30,1,5,12,10,1,2,15,25,1,2,20,10,3,10
36,37,0,0,0,0,0,0,0,0,0,0,0,0,0,0,0,0
231,232,8,10,5,2,8,20,5,2,15,10,1,5,7,10,5,10
7312,7313,8,10,5,2,12,20,1,5,15,15,5,10,15,30,5,10
2415,2416,15,10,5,2,5,20,1,2,20,10,1,5,7,30,1,2
4651,4652,8,20,1,5,5,15,3,5,15,10,1,5,7,20,1,10
5387,5388,15,10,5,2,8,15,3,5,20,10,3,2,15,10,1,5
1355,1356,15,30,3,5,12,10,5,5,20,15,1,5,15,20,3,10
1336,1337,3,10,3,10,5,10,5,5,20,10,1,5,7,30,5,10
4789,4790,3,10,3,5,5,20,5,2,20,25,5,2,15,10,5,2
454,455,15,30,3,5,8,20,1,10,7,25,1,5,15,20,3,2
2467,2468,8,20,3,5,8,10,1,10,20,15,5,2,7,30,5,10
2663,2664,3,20,5,10,8,15,3,2,15,25,5,5,20,20,5,2
3479,3480,8,30,1,10,12,15,3,10,20,25,5,10,15,10,5,2
6972,6973,15,20,1,2,5,15,5,2,20,25,1,10,15,20,1,5
2484,2485,3,30,1,5,12,10,5,10,20,10,3,2,15,30,1,10
3433,3434,3,20,3,5,12,20,3,2,20,10,5,2,7,20,3,5
3833,3834,3,30,5,10,8,20,3,2,7,15,1,2,15,10,5,5
4951,4952,8,30,3,5,8,15,3,10,7,10,3,10,20,20,3,10
7148,7149,8,30,1,2,5,20,3,10,15,25,1,2,20,30,1,5
5266,5267,3,30,5,2,8,20,1,2,7,10,1,5,7,20,1,10
5294,5295,3,20,5,5,5,15,5,5,20,10,3,10,15,10,1,10
4682,4683,15,20,1,10,8,20,5,5,20,15,5,5,20,20,1,2
5050,5051,15,20,1,10,12,15,3,10,15,25,1,2,7,30,1,5
5677,5678,15,20,1,5,12,10,3,10,15,25,1,2,20,10,1,2
1798,1799,15,30,3,5,8,20,3,5,15,25,1,5,7,20,5,5
5614,5615,15,10,3,5,5,20,3,5,7,25,5,10,15,20,5,5
7055,7056,8,30,5,5,8,10,1,2,20,25,3,2,7,10,5,2
1963,1964,3,20,5,5,12,15,5,10,20,25,1,5,7,10,1,2
7008,7009,3,30,3,5,12,15,5,2,7,15,3,5,20,30,3,10
5719,5720,15,10,1,2,12,20,5,2,15,10,3,5,20,10,1,5
4473,4474,15,10,3,10,12,15,5,10,20,15,3,2,7,30,5,5
5250,5251,8,20,5,10,12,10,3,2,20,25,3,5,7,30,5,2
1927,1928,8,10,1,10,8,20,1,10,20,25,5,10,15,20,3,2
6277,6278,15,10,3,10,12,15,1,5,15,10,3,10,7,20,1,10
2228,2229,8,10,1,5,8,15,5,5,7,25,3,5,20,10,5,5
3838,3839,15,10,5,5,8,20,3,5,20,25,5,5,15,10,5,2
5202,5203,15,10,3,5,5,20,5,10,20,15,3,5,7,10,5,10
6754,6755,8,30,3,10,8,10,3,10,15,15,5,2,7,20,1,2
7332,7333,15,20,1,10,12,20,1,2,7,10,5,10,20,30,3,10
4498,4499,3,20,5,10,8,20,5,5,20,15,5,2,7,30,1,10
6052,6053,15,10,3,10,12,20,3,2,20,10,3,10,20,20,1,5
5174,5175,15,20,5,5,8,20,3,10,20,25,3,10,15,30,1,5
917,918,15,30,5,10,8,20,5,5,20,25,1,10,7,30,3,5
5015,5016,8,10,5,5,12,20,1,5,20,10,1,2,7,30,1,2
7558,7559,15,20,1,2,5,15,5,2,7,10,1,2,7,20,5,2
1625,1626,15,10,3,5,12,20,5,10,7,25,5,5,7,30,5,10
3392,3393,8,30,5,2,8,10,1,5,15,25,1,2,7,20,3,2
6072,6073,15,20,1,5,8,20,1,2,15,15,5,2,15,20,5,5
3186,3187,8,30,5,10,12,20,5,2,20,25,5,2,20,10,1,10
6828,6829,8,30,5,5,5,20,3,5,7,10,5,10,20,30,1,2
5694,5695,15,20,1,2,12,15,1,10,7,10,3,5,7,10,5,10
7586,7587,15,30,5,2,12,20,1,5,7,10,3,5,15,30,3,10
2816,2817,3,20,5,10,5,10,3,2,20,15,3,5,15,30,5,2
1361,1362,8,20,5,5,8,15,5,2,20,25,3,5,20,10,3,5
2268,2269,8,30,3,10,12,10,1,10,20,15,3,2,20,10,3,5
4783,4784,8,30,1,2,5,20,3,10,20,25,5,2,20,20,5,5
4117,4118,3,10,5,5,12,10,3,5,7,25,3,5,15,30,1,2
4731,4732,15,10,1,10,8,20,3,10,20,15,5,5,15,30,1,2
5125,5126,3,10,5,10,12,15,5,10,15,15,3,5,7,30,3,10
6520,6521,8,30,5,10,12,10,3,10,7,10,5,2,15,10,5,5
5159,5160,3,30,5,5,8,15,1,10,20,15,1,10,20,20,5,2
3294,3295,15,20,3,10,12,15,3,2,7,10,5,10,15,20,1,10
3342,3343,3,10,5,2,5,10,3,10,7,10,3,10,15,20,1,5
6683,6684,15,30,3,5,12,15,3,2,7,25,5,10,7,10,3,10
6505,6506,15,30,1,10,12,10,3,5,20,10,3,10,20,10,1,5
2786,2787,15,20,5,2,8,15,1,5,15,25,5,5,15,30,5,5
6976,6977,15,30,5,2,12,20,1,10,20,10,5,5,15,20,3,2
6701,6702,15,30,1,10,12,10,3,2,15,15,3,2,15,10,5,5
1739,1740,8,10,3,2,12,10,1,2,7,10,5,2,15,30,5,5
2361,2362,15,10,5,2,8,20,5,10,20,25,5,2,7,20,5,5
7260,7261,8,30,5,5,12,10,1,10,7,15,1,5,15,30,5,10
5445,5446,8,30,5,5,5,20,1,5,15,15,3,10,15,10,1,5
4566,4567,8,30,1,2,12,15,1,2,15,10,3,5,7,10,3,10
5687,5688,15,20,3,5,12,20,5,2,15,10,1,10,7,10,1,10
2131,2132,8,10,1,10,5,20,5,10,15,15,1,5,20,20,1,10
4326,4327,3,10,1,2,8,15,3,10,15,10,1,5,15,20,3,10
861,862,15,10,3,2,12,10,5,10,20,25,3,10,15,30,5,10
2266,2267,3,30,5,2,8,20,5,5,15,25,5,10,20,10,3,10
1751,1752,3,30,3,5,12,15,1,5,20,15,5,10,20,10,3,10
2386,2387,8,10,3,10,12,20,1,5,15,15,5,5,15,10,5,10
5612,5613,3,30,3,2,12,20,1,2,7,10,5,10,7,10,5,2
2052,2053,8,10,3,5,5,10,1,2,20,10,1,5,7,30,5,5
6852,6853,3,20,1,5,8,15,1,2,15,25,3,10,15,20,1,10
7001,7002,8,30,1,5,12,15,3,10,7,25,3,10,15,30,1,2
6800,6801,15,10,3,10,8,20,3,10,20,10,5,10,20,30,1,10
5839,5840,15,10,5,10,5,10,1,10,20,15,1,5,15,20,3,5
1422,1423,15,10,1,2,5,10,5,10,15,10,3,2,15,20,5,10
4222,4223,15,20,3,5,5,15,1,10,20,15,5,5,20,30,5,2
6153,6154,15,30,3,10,5,15,1,2,15,15,5,5,15,20,5,5
6039,6040,15,20,3,5,8,20,5,10,15,15,1,2,15,30,1,5
3297,3298,8,20,3,10,5,10,3,5,7,25,1,5,20,30,1,5
2873,2874,3,10,3,2,12,20,3,10,7,10,3,10,7,10,1,5
1631,1632,15,30,1,2,5,15,1,5,7,15,3,10,7,10,1,2
185,186,8,10,5,10,8,10,3,5,7,25,5,5,7,30,1,2
1717,1718,15,20,5,10,8,20,1,2,15,10,5,5,7,10,3,5
5421,5422,15,30,1,5,8,15,5,2,15,10,5,5,15,20,3,5
4212,4213,3,10,5,2,5,20,1,5,7,25,1,10,15,10,3,10
3607,3608,15,30,3,2,12,10,1,10,15,25,5,5,20,30,5,5
593,594,15,10,1,2,5,20,3,5,15,25,3,10,7,10,5,10
2869,2870,15,10,5,5,5,10,5,10,15,25,3,10,15,30,3,5
5749,5750,15,30,1,5,12,15,5,2,20,15,3,5,15,10,1,5
5255,5256,15,10,5,2,12,20,3,2,20,15,1,5,7,10,3,5
5137,5138,3,10,3,5,8,15,5,5,7,10,5,2,15,10,3,10
1885,1886,8,10,3,10,12,10,5,5,7,15,1,2,7,30,5,2
4116,4117,3,30,3,5,12,10,3,10,20,10,3,5,7,30,5,10
6435,6436,15,20,1,10,5,20,1,10,7,25,3,10,15,30,5,5
2806,2807,3,10,5,2,8,15,1,2,20,10,1,5,20,10,5,2
6109,6110,3,10,1,2,12,15,3,5,15,15,1,5,15,30,3,5
3191,3192,3,20,3,5,5,20,3,2,7,15,3,5,20,30,5,2
7535,7536,3,10,1,5,8,15,1,2,20,25,1,10,7,30,5,10
5491,5492,15,20,1,2,5,10,1,2,20,25,5,2,15,30,1,5
2540,2541,3,10,5,2,12,20,3,2,20,15,5,2,20,30,1,2
6944,6945,3,30,3,5,5,20,1,5,7,15,1,10,15,10,3,2
3265,3266,3,10,3,5,8,20,5,5,20,10,3,5,15,20,1,5
4367,4368,8,10,1,10,8,20,1,2,15,10,5,5,15,30,5,2
3139,3140,15,20,1,2,5,20,3,10,7,10,3,5,15,20,3,2
5054,5055,8,20,3,10,12,15,1,2,7,15,1,2,15,30,5,5
4641,4642,3,30,5,5,12,20,5,5,15,25,5,2,7,30,5,2
393,394,15,20,5,5,8,15,5,2,15,15,1,5,7,30,3,10
5891,5892,15,20,3,10,12,20,5,2,15,25,5,5,20,30,5,10
1404,1405,3,30,5,2,12,10,3,5,7,15,3,10,15,30,5,2
317,318,8,10,5,10,12,15,3,10,20,25,1,2,7,30,3,10
2023,2024,8,20,3,10,12,15,3,5,15,10,3,2,7,30,5,10
5983,5984,8,10,5,5,5,10,1,5,7,10,3,2,7,10,3,2
7394,7395,15,10,5,5,5,15,5,5,7,15,5,10,20,10,1,10
3194,3195,8,10,1,5,5,20,3,2,20,15,1,2,7,10,5,10
4582,4583,15,30,5,5,8,15,1,5,20,10,5,10,15,10,1,10
2735,2736,15,30,5,2,5,10,5,5,15,25,1,5,15,30,3,10
234,235,15,30,1,10,8,15,1,10,20,10,1,2,20,30,1,2
3518,3519,8,20,1,10,12,10,5,10,20,15,5,5,7,10,5,10
4806,4807,3,20,5,2,12,15,1,5,20,15,5,5,15,10,5,10
1629,1630,3,30,5,2,8,10,3,5,15,15,5,10,20,20,5,2
7007,7008,8,20,3,5,12,15,1,10,7,15,5,10,15,10,5,5
3812,3813,8,30,1,5,12,15,1,10,7,10,3,10,20,20,3,2
6704,6705,8,10,3,2,8,15,1,5,20,25,1,10,20,10,1,10
3979,3980,3,20,1,5,5,10,3,2,7,25,1,5,20,30,1,2
6225,6226,15,10,5,2,5,15,1,2,7,25,3,2,15,20,5,2
4043,4044,8,30,1,2,8,15,5,5,7,10,1,2,15,30,5,5
2975,2976,3,10,3,5,12,20,1,2,15,10,5,5,15,20,3,2
5693,5694,8,10,1,2,12,20,5,2,15,10,5,10,15,20,5,10
5079,5080,8,30,5,5,12,15,1,10,15,10,3,2,20,20,5,5
7510,7511,15,30,5,2,12,20,5,10,7,10,5,10,20,30,5,5
7544,7545,15,20,3,5,8,20,5,2,7,15,3,2,7,20,5,5
7036,7037,8,20,1,2,5,15,3,2,15,25,3,5,15,30,1,2
5869,5870,3,30,1,2,8,20,3,5,15,10,5,5,20,10,5,5
1712,1713,8,10,5,10,8,20,3,2,15,25,3,10,15,20,5,2
4290,4291,8,10,5,5,5,20,3,2,20,10,3,10,7,10,1,10
6871,6872,8,30,3,10,8,15,1,10,15,25,5,5,15,20,5,5
1718,1719,8,10,1,2,5,10,5,5,15,10,5,10,15,30,1,2
3708,3709,8,30,3,2,5,10,5,5,20,25,3,2,15,20,1,5
2384,2385,3,30,1,2,12,10,5,5,15,25,5,5,20,10,5,5
2405,2406,15,10,1,2,8,10,3,2,7,25,5,5,20,20,1,2
7214,7215,3,30,1,10,5,10,5,5,7,25,3,2,7,20,3,10
1359,1360,3,10,1,2,5,10,1,2,7,10,1,5,20,10,5,5
6656,6657,8,10,1,5,8,15,5,10,15,15,1,5,7,20,5,5
4949,4950,15,10,3,2,12,20,3,5,15,10,1,2,15,20,1,5
7692,7693,8,10,1,5,12,15,5,2,20,15,3,5,15,20,5,10
3475,3476,8,30,3,10,8,15,3,10,20,15,5,2,20,30,1,5
4626,4627,3,20,3,2,8,10,3,5,20,10,1,10,15,30,3,5
4119,4120,3,20,1,5,12,10,1,5,7,10,3,5,7,10,5,2
6812,6813,15,20,5,5,5,15,1,10,15,25,3,10,20,10,3,10
7543,7544,15,20,1,5,8,10,1,10,20,10,3,5,7,10,5,2
337,338,3,20,1,2,12,20,5,10,7,25,3,2,20,20,1,2
552,553,8,10,3,5,8,10,1,2,20,15,1,2,7,30,3,5
6396,6397,8,10,1,5,8,15,1,5,20,25,5,10,15,20,1,2
6716,6717,8,30,5,2,5,10,3,5,20,25,3,10,20,30,1,2
4058,4059,3,30,3,2,12,10,3,5,15,15,3,10,7,20,5,5
655,656,15,30,1,10,8,20,5,5,20,10,5,5,7,30,3,10
6667,6668,8,20,5,5,12,10,1,10,7,15,3,5,7,30,5,2
3407,3408,3,20,5,2,12,10,1,10,7,15,3,10,15,20,5,2
4003,4004,15,10,5,10,8,20,5,2,20,15,1,5,15,10,5,2
5398,5399,3,20,3,5,8,15,5,10,7,25,3,10,15,20,1,5
6629,6630,8,30,1,5,5,20,5,2,20,15,1,2,20,20,1,2
2922,2923,3,20,1,2,12,15,5,5,20,15,3,5,20,20,3,2
6441,6442,8,30,5,2,5,10,5,2,15,25,5,2,20,30,1,10
1850,1851,8,30,3,2,5,15,3,5,15,25,3,2,7,10,1,10
5859,5860,8,20,1,10,5,20,3,10,7,25,1,2,20,20,5,2
7047,7048,3,20,5,5,12,20,5,5,15,15,3,5,20,10,5,2
3149,3150,8,30,1,10,5,15,1,10,7,15,1,10,7,30,1,10
1179,1180,15,20,5,5,8,15,5,10,20,25,1,10,20,20,5,5
6595,6596,8,20,5,10,12,20,3,10,20,15,5,5,7,20,1,2
981,982,15,20,5,10,8,15,3,5,15,10,3,2,7,20,5,10
1177,1178,8,30,5,5,8,20,5,5,15,25,5,10,7,10,3,10
6065,6066,8,30,3,2,8,10,5,5,20,15,5,2,20,20,1,5
4377,4378,8,30,5,10,12,15,5,10,7,15,3,5,20,30,5,10
1467,1468,3,20,1,10,12,10,5,5,7,15,5,5,7,10,3,10
5475,5476,15,10,5,10,5,20,1,2,7,25,3,10,15,30,1,5
3836,3837,8,20,5,5,12,20,5,10,7,25,3,10,7,30,1,10
4756,4757,3,10,5,2,8,15,3,2,7,15,3,5,7,10,5,5
5095,5096,15,30,1,10,12,20,5,5,20,15,3,10,15,30,3,5
1196,1197,15,30,5,10,5,20,1,2,15,25,5,10,7,10,5,10
5353,5354,8,20,5,2,12,15,1,5,7,15,5,10,20,30,1,2
5765,5766,15,10,1,2,12,20,3,2,20,10,3,2,7,10,1,5
3009,3010,15,30,3,2,8,15,1,2,20,25,1,2,20,30,1,5
2801,2802,15,20,3,5,5,20,5,2,15,10,3,5,20,30,5,2
4751,4752,8,20,3,2,5,10,1,5,15,10,1,10,20,20,1,10
5023,5024,3,10,5,2,8,20,5,10,7,15,3,5,20,30,5,5
5124,5125,8,20,5,10,8,20,1,10,15,15,3,2,15,20,5,10
4239,4240,3,30,5,5,8,20,3,5,7,15,5,5,20,30,1,10
3984,3985,8,20,3,2,12,15,3,10,7,10,5,2,20,10,5,10
3205,3206,8,30,5,2,5,15,5,2,20,10,3,5,20,10,1,2
6948,6949,8,20,3,10,8,15,5,10,20,25,3,10,7,30,3,5
2777,2778,3,30,3,5,5,15,5,10,20,10,3,5,15,20,3,10
4083,4084,8,20,3,2,8,20,1,5,15,10,3,2,7,10,3,5
910,911,15,20,3,2,12,15,5,10,15,25,1,2,7,20,3,2
4151,4152,8,30,5,5,5,15,3,2,20,15,1,5,7,30,5,10
6315,6316,3,30,3,2,8,15,3,2,20,15,3,10,7,10,3,10
5925,5926,8,10,1,5,8,10,3,5,15,25,5,10,7,20,5,5
3144,3145,8,30,5,10,8,20,1,10,7,10,1,2,7,20,1,10
7385,7386,8,10,1,2,8,20,1,10,15,10,1,2,7,20,1,5
3111,3112,8,30,3,2,12,20,5,5,20,15,5,5,20,30,5,2
3030,3031,3,10,3,5,5,10,5,2,7,25,5,5,15,20,3,2
2884,2885,15,30,3,10,8,15,3,5,15,15,5,2,15,30,1,10
3050,3051,3,30,5,2,5,20,1,2,7,25,3,5,15,30,5,2
6539,6540,15,30,5,5,12,15,5,2,7,10,5,10,20,10,1,2
5030,5031,3,20,5,2,12,20,1,2,15,15,3,5,15,20,1,10
5754,5755,8,30,3,2,12,20,3,10,15,25,3,2,20,30,1,5
4672,4673,8,20,5,2,8,20,1,5,20,15,5,10,20,20,3,10
409,410,15,20,5,10,12,15,3,5,15,25,5,10,15,10,5,2
5467,5468,8,30,3,5,5,20,3,5,7,25,3,10,15,10,1,10
3837,3838,15,20,1,2,12,20,1,5,15,15,3,10,7,20,1,10
7565,7566,8,30,5,2,12,15,1,2,15,10,5,10,15,20,3,10
215,216,15,20,5,10,5,20,3,10,15,25,3,5,15,30,5,5
6447,6448,8,30,3,5,8,20,1,2,7,15,3,5,7,30,5,10
1928,1929,8,20,5,2,8,10,5,10,7,25,1,2,20,10,5,10
2701,2702,15,20,5,2,5,10,3,5,20,25,5,5,15,20,5,5
3109,3110,3,20,3,2,5,10,5,2,7,15,3,10,7,10,3,5
2996,2997,15,30,5,2,8,15,5,10,20,25,5,2,7,20,3,5
6341,6342,15,10,3,2,5,20,3,10,7,25,1,2,15,30,3,2
4318,4319,8,20,1,5,8,10,3,5,15,25,3,2,15,20,1,2
4183,4184,8,20,1,10,8,15,5,10,7,15,5,10,20,10,5,2
6590,6591,15,30,1,2,5,15,1,5,15,15,5,2,15,30,3,5
2714,2715,15,20,5,2,12,15,1,2,15,25,5,2,15,10,3,5
6234,6235,3,30,5,10,5,20,1,5,20,10,5,2,20,30,1,5
363,364,15,10,1,5,5,15,5,10,20,10,5,10,7,10,3,5
3346,3347,3,30,1,10,8,10,5,10,20,15,1,10,20,20,1,10
2287,2288,3,10,5,10,5,10,1,10,7,10,3,2,15,10,3,10
2872,2873,3,20,1,10,8,15,3,2,7,15,3,5,20,20,3,5
332,333,15,20,1,5,8,10,3,5,15,25,5,10,15,20,1,10
3835,3836,8,30,1,2,5,10,3,5,20,10,5,10,20,20,1,2
6541,6542,3,20,1,5,8,15,3,5,20,10,3,2,20,20,3,5
2034,2035,8,30,5,10,12,15,5,10,7,15,5,10,15,20,1,2
473,474,8,30,5,10,12,20,1,10,7,10,1,2,20,30,1,2
4431,4432,8,10,3,5,8,15,3,10,20,25,3,10,7,20,1,5
5799,5800,3,20,3,5,8,10,3,2,20,25,5,2,7,10,1,10
4196,4197,3,30,3,5,12,15,5,5,7,25,5,2,15,30,3,10
4804,4805,15,20,5,5,8,20,5,5,20,15,5,5,20,20,5,10
148,149,15,30,5,2,8,15,1,10,7,15,5,10,7,10,3,10
1247,1248,8,20,5,5,12,20,5,5,20,10,1,2,15,30,5,5
4848,4849,3,30,5,2,12,20,5,10,20,25,1,5,7,30,3,2
75,76,15,20,1,10,12,10,1,10,20,15,3,10,15,30,1,2
4342,4343,15,10,3,2,12,10,5,10,15,15,3,5,20,20,1,2
404,405,8,20,1,2,5,15,5,10,15,25,1,10,20,30,3,10
5835,5836,8,10,5,5,8,20,3,5,15,15,1,10,20,20,3,5
818,819,8,10,5,5,12,15,3,5,7,25,1,5,7,30,3,10
2369,2370,15,20,5,2,8,20,5,2,7,25,1,10,7,30,5,2
764,765,15,10,1,5,12,20,5,2,20,25,5,2,20,20,5,10
7101,7102,8,20,5,2,5,10,3,2,15,10,5,5,15,10,3,10
3440,3441,15,20,3,10,8,20,3,10,7,25,3,10,7,20,1,2
5625,5626,15,10,1,5,5,15,5,2,15,10,5,5,15,10,1,2
5973,5974,15,30,3,2,5,15,3,10,7,25,3,10,15,20,1,2
481,482,8,30,3,10,8,20,1,10,7,25,1,5,20,20,1,2
5553,5554,8,10,5,5,8,15,1,5,7,25,1,10,20,10,3,2
1425,1426,15,30,1,5,5,20,1,10,15,10,5,10,20,10,1,5
3248,3249,3,30,1,2,12,20,3,2,7,10,3,5,20,20,5,10
3410,3411,15,20,1,2,5,15,5,2,7,10,3,2,15,30,5,10
7630,7631,15,30,5,10,8,20,3,10,15,25,5,10,15,10,5,10
6262,6263,15,20,5,10,12,20,3,2,7,25,3,5,7,30,5,10
4269,4270,3,20,3,5,8,15,3,10,15,10,3,10,7,30,3,2
6430,6431,15,20,3,2,12,20,3,10,15,25,3,5,7,20,3,10
2063,2064,15,10,5,5,5,10,3,2,7,25,1,2,20,20,5,5
4750,4751,15,20,5,5,8,20,3,2,7,25,5,5,15,20,5,5
2769,2770,15,30,1,2,12,10,1,2,20,25,3,2,20,10,3,5
7597,7598,8,10,5,10,5,15,3,5,20,10,5,5,15,10,1,2
867,868,3,10,5,10,5,15,3,5,20,25,5,5,20,30,1,5
5912,5913,15,10,5,10,8,15,3,10,7,25,1,2,15,10,5,5
6381,6382,8,10,5,2,8,15,3,5,20,15,3,2,7,10,3,2
6597,6598,3,20,1,5,12,20,5,2,20,15,1,2,7,10,1,2
5935,5936,15,20,3,10,5,20,5,5,15,15,1,10,7,10,5,5
6328,6329,15,30,1,10,12,10,5,5,15,15,5,2,15,30,5,2
2696,2697,3,30,3,10,12,15,5,2,7,25,3,10,15,10,5,5
7371,7372,8,30,3,2,5,20,3,10,20,15,3,10,7,10,1,5
4461,4462,8,30,1,10,5,20,5,5,20,10,3,5,20,20,1,10
3713,3714,8,10,3,5,8,10,5,10,20,25,3,5,15,30,1,2
7450,7451,8,20,5,10,8,10,1,2,20,15,5,2,20,10,5,10
6118,6119,8,30,1,10,5,15,1,10,15,25,1,5,7,10,1,10
7669,7670,15,20,1,10,5,20,3,10,7,15,5,5,20,10,3,10
3850,3851,8,10,3,5,12,15,3,10,7,25,5,5,15,10,1,5
4533,4534,3,10,1,2,12,15,3,10,7,10,1,10,15,30,5,2
1453,1454,15,20,3,5,12,15,1,2,7,15,3,10,20,30,5,2
1289,1290,15,20,1,10,5,20,3,10,15,10,3,2,15,30,3,10
2610,2611,15,30,5,10,8,15,1,5,20,25,3,5,7,30,5,5
4052,4053,15,10,3,10,8,15,3,5,20,10,3,10,20,30,3,2
4680,4681,15,10,5,5,5,15,5,5,15,10,5,5,20,10,1,10
125,126,8,20,3,10,8,10,3,5,7,25,1,10,15,10,1,2
5752,5753,3,30,1,10,5,15,1,2,7,25,1,5,15,10,3,10
269,270,8,10,3,5,5,15,5,10,7,25,5,2,15,10,5,5
6946,6947,15,20,5,2,12,10,3,2,15,10,3,2,7,10,3,10
1160,1161,15,20,1,10,5,10,5,5,7,10,5,2,7,30,5,5
3746,3747,8,30,5,2,8,20,1,10,7,15,5,10,7,20,5,2
6663,6664,15,10,3,5,12,15,1,5,15,15,1,5,7,20,1,2
4925,4926,8,30,1,10,8,15,1,2,15,15,5,2,15,20,5,5
2572,2573,3,30,3,5,5,10,5,10,20,15,1,5,20,20,5,5
1483,1484,8,30,3,10,12,20,5,5,20,10,1,2,15,20,3,2
7216,7217,3,10,1,10,5,20,3,10,20,10,3,10,7,10,1,10
738,739,15,30,1,5,12,20,3,10,7,25,3,10,7,30,3,10
2810,2811,8,10,3,2,12,20,3,10,20,15,3,10,7,10,3,10
299,300,8,30,3,5,8,10,3,5,20,10,3,10,15,20,1,10
7504,7505,3,30,3,2,8,10,5,5,7,15,1,5,7,20,5,2
5571,5572,8,30,5,2,8,15,5,2,15,25,1,10,20,20,3,10
4910,4911,15,20,3,2,12,20,3,2,7,10,5,2,7,10,5,10
7562,7563,8,10,1,2,5,15,5,5,7,15,5,10,15,10,5,5
3129,3130,8,10,1,2,5,15,1,2,15,15,3,5,20,10,1,10
340,341,3,10,3,5,8,20,5,10,7,10,5,10,15,30,3,2
1074,1075,8,20,3,5,12,10,5,2,15,10,3,2,7,30,3,10
5674,5675,3,30,5,5,8,10,5,5,15,15,3,2,20,20,5,2
4952,4953,3,30,3,10,8,20,5,5,20,15,3,2,20,20,1,5
2720,2721,8,20,3,2,5,20,3,2,20,10,1,5,15,30,5,10
4273,4274,3,20,5,2,12,20,5,10,20,25,1,10,7,10,1,2
6880,6881,15,30,1,2,5,20,1,2,7,25,1,5,20,10,3,2
6575,6576,8,10,5,10,5,15,5,2,15,25,5,10,15,30,5,5
5512,5513,3,30,5,5,8,20,3,10,20,25,5,10,20,20,1,5
6322,6323,8,20,3,2,5,10,1,10,15,10,5,2,20,30,5,5
5840,5841,3,30,5,5,5,15,5,10,7,10,1,10,20,30,1,10
987,988,3,30,1,2,5,10,3,5,20,15,5,2,7,10,3,10
6001,6002,3,30,3,10,12,20,3,5,7,10,3,5,15,10,1,10
2906,2907,3,10,5,5,5,10,5,10,7,10,1,2,7,20,5,10
4542,4543,15,20,3,5,5,15,3,10,20,15,1,2,20,10,3,2
771,772,3,30,1,5,5,10,5,2,15,25,5,2,20,30,3,2
3987,3988,8,30,1,2,8,20,1,5,15,15,1,10,15,20,1,5
3008,3009,3,20,3,10,5,15,3,10,15,25,3,2,7,30,3,2
2219,2220,8,20,3,2,12,15,3,2,7,25,5,2,7,30,5,2
3879,3880,3,20,1,10,12,10,3,2,20,10,1,2,20,30,3,5
6317,6318,8,20,1,10,8,20,1,10,15,25,5,5,7,20,1,10
808,809,15,30,5,5,12,10,5,10,20,15,5,5,20,20,3,10
2107,2108,3,10,1,10,12,10,3,5,7,25,3,5,20,20,1,10
3164,3165,15,30,3,10,12,10,5,10,15,10,1,5,7,30,1,5
2659,2660,15,30,1,10,8,20,3,10,20,25,5,5,7,30,1,2
205,206,3,10,5,5,12,15,3,10,15,15,5,5,15,30,1,5
3499,3500,3,30,5,2,12,20,1,2,15,15,3,2,15,30,3,2
3147,3148,8,20,3,10,8,20,3,2,7,10,3,5,15,30,5,2
5091,5092,8,10,5,10,8,10,3,10,7,25,3,10,7,30,5,5
6361,6362,15,30,1,10,12,10,1,5,20,25,3,2,15,30,5,2
3980,3981,3,10,1,10,8,20,1,2,15,15,3,5,20,10,3,10
5527,5528,8,10,5,5,5,20,3,5,7,25,1,10,7,10,1,5
7641,7642,3,30,1,10,5,15,3,10,7,10,5,2,15,20,5,2
6882,6883,15,10,1,5,8,15,1,10,20,25,3,10,7,30,1,5
3323,3324,3,10,1,5,12,10,3,10,20,10,3,5,15,10,1,2
1027,1028,15,20,3,5,5,10,3,2,15,10,3,5,7,30,5,2
2118,2119,3,10,5,5,5,20,3,2,7,10,1,10,15,10,1,5
6727,6728,8,20,1,10,8,20,3,10,15,10,1,2,15,20,3,10
3178,3179,15,10,3,2,8,20,3,10,15,10,1,10,15,30,3,10
2117,2118,15,20,5,2,12,15,5,5,15,25,3,2,7,30,5,5
4240,4241,3,10,3,5,12,20,5,5,20,25,1,5,7,30,5,10
1409,1410,15,10,3,10,8,20,3,2,7,10,5,2,20,20,1,10
4478,4479,15,30,1,2,8,15,3,2,7,10,5,5,20,10,1,2
1408,1409,15,30,5,2,12,15,1,10,20,10,3,2,20,30,3,2
6987,6988,8,30,5,2,12,20,5,5,15,15,5,5,7,10,1,10
7118,7119,8,30,5,5,12,15,5,10,15,25,5,2,15,30,3,2
7532,7533,3,10,3,2,12,20,5,10,7,15,3,10,15,30,5,2
1101,1102,15,30,5,5,8,20,1,2,20,25,3,2,20,20,5,5
5560,5561,8,20,3,2,5,15,5,10,15,25,1,10,7,30,5,10
4786,4787,3,20,1,5,5,20,1,10,15,10,1,10,15,10,3,5
944,945,3,20,1,5,5,10,5,10,20,15,1,10,7,30,5,10
405,406,15,10,1,10,12,20,1,2,20,10,3,10,20,20,5,2
4384,4385,8,20,3,10,8,10,3,10,15,25,1,5,20,30,1,2
7130,7131,15,10,5,5,8,15,5,5,7,25,1,5,15,10,1,10
2437,2438,8,30,5,10,12,10,5,5,15,15,1,2,7,10,1,5
6568,6569,15,20,1,5,12,20,1,10,7,10,5,10,20,10,1,10
1186,1187,8,10,5,10,8,20,5,2,20,15,5,5,7,10,5,2
1698,1699,15,20,3,10,5,20,1,2,15,15,5,2,20,20,3,5
2625,2626,15,20,3,10,8,20,3,2,15,15,3,10,7,20,3,5
6730,6731,3,30,3,2,12,10,3,10,20,10,1,10,15,30,3,2
4427,4428,15,30,5,10,5,20,1,2,20,15,3,10,15,10,1,10
3397,3398,3,10,1,2,8,20,3,10,20,10,5,2,7,10,3,2
1895,1896,3,10,3,5,12,20,3,2,20,25,1,10,7,30,1,10
7137,7138,3,20,3,2,5,10,3,10,20,10,3,2,15,30,1,2
661,662,3,30,3,2,12,10,3,2,15,25,1,5,20,10,5,2
6257,6258,15,20,1,5,5,20,5,5,20,10,5,2,7,30,1,10
1082,1083,8,30,5,2,12,15,1,10,7,15,5,2,20,10,1,5
248,249,15,10,1,2,5,20,1,2,7,25,3,5,7,20,3,2
1274,1275,8,20,5,2,12,10,5,5,20,15,1,5,20,20,3,10
1837,1838,15,30,3,10,8,20,1,10,20,25,1,10,15,30,5,10
5282,5283,15,20,3,5,5,15,1,5,15,15,1,10,7,20,5,10
492,493,15,30,3,2,12,15,3,2,20,25,3,5,20,10,1,10
1353,1354,15,10,5,2,12,15,3,5,15,25,1,5,20,10,3,10
1381,1382,15,10,1,2,12,15,1,2,15,10,3,5,15,30,1,5
3566,3567,8,10,5,5,5,15,3,10,7,25,3,5,20,20,3,10
1097,1098,8,20,1,2,5,10,3,10,20,25,1,5,15,30,5,5
3785,3786,3,30,5,10,8,20,5,10,20,10,1,10,7,20,1,10
1945,1946,3,20,1,5,8,10,5,10,20,10,3,2,15,10,3,5
348,349,8,20,5,2,12,20,5,2,7,15,1,10,20,20,1,5
1346,1347,8,10,1,5,5,20,5,10,15,15,3,5,15,10,3,5
6743,6744,15,20,3,10,12,15,3,5,7,10,3,5,7,30,3,2
5797,5798,15,10,3,2,5,20,3,10,15,15,5,5,15,20,5,5
6513,6514,8,30,3,10,8,20,1,5,20,25,5,5,20,30,3,5
419,420,8,30,5,10,8,10,5,2,15,15,5,2,7,30,1,5
3196,3197,3,10,1,10,5,15,1,10,7,25,1,2,15,30,1,5
1722,1723,8,10,5,10,12,20,5,10,7,10,1,10,20,30,3,10
2669,2670,8,30,5,10,12,15,3,10,20,25,5,5,7,30,5,10
6939,6940,3,20,3,2,5,20,5,2,20,15,5,5,7,10,1,2
6909,6910,3,20,5,5,12,15,3,2,15,25,5,10,7,10,3,2
129,130,3,30,1,10,5,20,1,2,7,15,1,5,7,10,1,5
7163,7164,3,10,5,10,12,20,3,5,20,25,5,5,20,30,5,2
284,285,3,30,5,5,5,20,3,5,15,25,5,2,15,20,1,5
6180,6181,3,30,3,2,12,15,5,5,20,25,5,5,7,30,1,5
2678,2679,15,30,1,2,8,15,1,2,7,10,5,10,20,30,5,5
4515,4516,3,20,3,10,5,20,3,5,20,10,1,5,20,20,3,2
5815,5816,3,10,1,2,5,20,5,2,20,25,5,10,20,10,5,10
4079,4080,8,20,1,10,5,10,5,2,15,25,3,2,15,10,3,2
5123,5124,3,30,3,10,8,15,1,10,15,15,3,2,15,20,5,5
4995,4996,8,30,3,5,12,15,1,2,20,25,3,2,20,30,3,2
3065,3066,8,20,3,2,5,20,3,10,15,15,5,10,15,30,3,5
4775,4776,3,10,1,5,5,20,5,10,15,25,1,5,7,30,5,2
3309,3310,15,30,3,2,12,15,3,5,20,25,3,2,7,10,5,10
7313,7314,3,10,1,2,5,15,3,2,20,25,5,5,7,10,5,5
275,276,3,10,1,2,8,15,3,5,15,15,3,10,7,10,5,2
3120,3121,3,10,1,10,5,10,1,5,20,25,3,2,7,20,1,2
4687,4688,8,30,1,2,8,15,1,10,15,25,5,10,20,20,3,5
770,771,15,20,3,2,8,20,3,10,20,10,3,2,7,10,1,5
2416,2417,8,30,1,10,12,15,5,5,15,15,1,5,15,30,3,2
3644,3645,8,10,5,5,5,15,3,5,15,25,1,10,7,30,5,10
1005,1006,15,20,1,10,12,10,1,10,20,10,3,10,7,30,1,2
6877,6878,3,30,5,5,12,10,1,2,7,25,5,10,7,10,3,10
3441,3442,3,10,1,2,8,15,5,5,15,25,1,5,7,30,1,2
54,55,15,20,5,2,12,20,3,5,20,15,1,10,15,30,3,10
5665,5666,15,10,3,5,8,15,3,5,20,15,3,5,7,30,5,10
3754,3755,15,30,1,2,12,10,3,5,20,10,5,2,20,10,5,2
461,462,15,20,3,2,8,10,1,5,7,15,1,5,7,20,3,5
5814,5815,15,30,5,10,5,20,3,2,20,25,3,2,15,10,1,10
1078,1079,15,20,1,10,5,10,3,2,15,10,3,10,20,10,5,10
1911,1912,15,20,5,5,5,20,5,2,7,25,3,2,20,20,3,2
4868,4869,15,30,3,2,5,10,5,10,20,25,1,10,15,10,3,2
3226,3227,3,10,3,10,12,10,5,10,7,15,1,2,15,30,3,2
5517,5518,15,20,5,5,5,20,3,10,7,10,5,10,20,10,1,2
6834,6835,3,30,3,2,8,15,5,5,7,10,1,10,15,30,5,5
7624,7625,8,30,3,5,12,15,5,10,7,15,5,10,20,30,1,5
3849,3850,8,10,3,10,8,20,1,2,15,10,1,2,7,20,5,2
1319,1320,15,30,3,10,12,10,3,5,15,15,5,2,7,20,3,10
1086,1087,15,30,3,10,8,15,1,10,7,15,3,2,7,20,5,10
7088,7089,15,10,5,5,8,15,1,2,7,25,5,10,15,20,3,10
4826,4827,15,20,1,5,8,20,1,2,20,10,3,5,7,30,5,10
2977,2978,15,30,3,10,12,20,3,2,20,25,1,5,20,30,3,2
1735,1736,3,30,5,2,12,20,1,5,15,10,5,10,20,10,3,10
2902,2903,15,10,5,5,5,20,5,5,7,10,5,2,20,30,1,2
1217,1218,8,20,1,10,5,20,3,5,15,10,5,2,7,10,5,2
7184,7185,3,20,3,2,12,15,5,5,7,15,5,10,20,30,5,2
6485,6486,8,20,3,2,12,20,5,2,15,25,1,5,20,10,5,5
6983,6984,15,30,3,2,12,20,1,2,7,10,1,10,20,10,5,2
4028,4029,3,10,3,2,5,10,3,2,20,15,1,2,7,30,5,5
5089,5090,3,20,3,10,5,15,1,5,15,10,3,2,20,20,1,5
1141,1142,15,30,5,10,5,10,1,5,15,15,3,5,7,30,5,2
1654,1655,8,20,5,5,8,10,1,2,15,25,3,2,20,20,3,10
2413,2414,15,30,5,5,8,15,3,10,7,25,1,5,20,10,5,5
6195,6196,15,20,1,5,12,15,1,2,20,10,1,2,15,20,1,5
1787,1788,3,10,3,5,12,15,1,10,7,15,3,10,15,30,3,10
1053,1054,8,10,5,2,12,15,1,5,15,10,5,2,20,30,1,5
6408,6409,15,30,3,5,5,20,5,5,7,25,5,2,15,30,5,2
7542,7543,15,30,1,5,12,15,5,10,20,15,3,5,7,20,5,2
4662,4663,15,10,5,10,12,20,1,5,7,15,5,2,20,30,1,5
7670,7671,8,30,3,10,12,15,5,5,15,15,3,5,15,10,3,5
1844,1845,3,10,5,5,12,10,1,5,15,10,3,10,15,30,1,2
2686,2687,3,30,1,2,12,20,5,5,7,25,3,5,7,10,3,5
796,797,8,30,3,10,8,10,5,2,20,25,5,5,7,10,3,5
5832,5833,3,10,5,2,12,10,3,5,15,10,1,10,7,10,5,2
6424,6425,15,20,1,10,5,15,5,5,7,10,3,5,20,10,1,10
1615,1616,8,20,5,5,12,20,1,2,7,15,5,2,7,30,5,10
5426,5427,3,30,5,10,5,20,5,10,7,25,3,10,20,20,1,5
3889,3890,8,10,5,5,8,10,3,5,20,10,1,10,15,30,5,5
4133,4134,15,10,3,5,5,10,1,5,20,15,3,10,7,10,5,2
218,219,3,20,1,10,8,15,1,5,7,25,1,2,7,20,3,5
4115,4116,3,30,1,10,12,15,3,2,20,15,1,5,20,20,5,5
1628,1629,8,10,3,2,5,20,5,10,20,15,5,5,15,20,1,10
7056,7057,3,30,3,5,8,20,3,5,15,10,3,2,15,30,5,2
2900,2901,8,10,5,10,5,15,1,10,7,15,1,5,7,10,1,10
7323,7324,15,20,5,10,12,15,3,2,20,10,1,2,7,20,1,10
6439,6440,15,20,3,2,12,10,5,5,7,10,5,5,7,20,5,2
2733,2734,15,30,3,2,12,20,5,2,15,10,1,2,20,10,5,5
6580,6581,8,10,1,5,8,20,5,10,7,10,5,2,7,20,5,2
6436,6437,3,10,1,10,5,15,3,10,7,10,5,10,20,30,5,5
1862,1863,8,10,3,5,8,15,3,5,7,25,1,5,15,20,3,10
511,512,3,30,3,5,8,10,3,5,7,15,3,2,7,20,3,5
3463,3464,8,30,5,5,8,20,5,10,7,15,3,5,15,30,5,5
717,718,15,30,1,2,5,10,5,10,7,15,3,2,15,10,1,2
1136,1137,15,30,3,10,5,10,3,5,20,15,1,10,7,20,1,5
2346,2347,15,20,5,5,5,20,3,10,15,25,1,2,7,30,3,10
5914,5915,3,20,3,10,5,10,1,10,15,15,5,5,20,20,3,2
4260,4261,15,30,1,5,5,15,3,5,7,10,5,2,20,10,1,10
63,64,15,10,3,10,8,20,5,5,7,25,3,10,7,10,1,10
379,380,15,30,1,2,8,10,3,5,15,10,1,10,15,10,5,2
339,340,8,10,5,10,8,15,3,5,20,15,1,2,15,30,1,5
1702,1703,15,30,3,2,8,15,3,5,7,15,3,2,7,30,1,10
3221,3222,3,20,3,5,8,10,5,5,15,10,1,10,7,10,3,2
1550,1551,15,20,1,5,8,20,3,2,15,15,5,10,15,30,3,2
4223,4224,3,10,1,10,8,15,3,2,7,15,5,10,20,20,1,10
6137,6138,8,20,5,2,12,10,1,10,20,10,5,10,7,30,1,2
7321,7322,8,20,1,5,12,10,1,5,7,10,1,5,20,30,3,10
6802,6803,8,10,5,10,5,10,5,2,7,15,3,10,20,30,1,2
1692,1693,3,10,1,10,8,15,5,10,20,25,3,10,15,30,5,5
6927,6928,3,20,1,5,8,10,5,10,7,25,3,10,20,20,5,2
1240,1241,3,20,1,10,5,10,5,10,7,25,5,5,20,30,3,5
4941,4942,15,10,3,5,5,15,5,10,15,15,5,5,7,20,5,5
2557,2558,15,30,5,2,12,20,3,5,15,10,1,2,7,20,5,10
3701,3702,8,10,5,10,8,15,1,2,7,10,3,5,7,10,1,5
4844,4845,8,30,1,5,5,10,3,2,15,15,1,10,20,30,1,10
1420,1421,8,10,3,5,8,15,5,2,15,15,5,2,7,20,1,5
344,345,3,30,3,5,12,15,3,10,20,15,3,2,15,10,1,5
6243,6244,15,20,3,2,12,15,3,10,20,15,5,10,15,10,5,2
5600,5601,15,20,3,2,5,20,3,2,20,15,3,10,7,10,3,2
7287,7288,8,20,3,10,8,20,3,2,20,25,5,5,20,20,5,2
1907,1908,3,10,3,10,8,15,3,2,7,15,1,5,15,30,1,10
2098,2099,3,30,5,5,5,20,5,5,20,10,1,10,7,20,3,5
3726,3727,15,10,5,5,5,15,5,5,20,25,5,5,7,30,1,2
3941,3942,15,20,3,2,8,15,1,10,15,15,1,5,7,30,1,10
5468,5469,8,20,3,2,12,20,1,2,7,15,3,10,15,30,3,5
2295,2296,8,30,5,5,8,15,3,5,15,15,1,5,7,20,1,5
5820,5821,15,20,5,5,8,15,5,2,20,15,1,10,20,20,3,5
7081,7082,3,10,3,2,12,15,3,10,15,25,3,2,7,30,5,5
5893,5894,3,20,5,5,8,20,1,5,7,25,3,5,15,10,1,10
5854,5855,8,10,5,2,12,15,3,10,15,25,3,10,7,10,5,2
7060,7061,15,30,5,5,8,20,1,10,7,10,5,10,20,20,3,10
1439,1440,8,10,5,2,12,10,5,10,20,25,3,2,20,20,3,10
6827,6828,15,10,3,2,8,20,5,5,20,25,3,10,15,30,5,5
6531,6532,3,20,1,2,5,10,5,5,15,10,3,10,20,20,1,2
2754,2755,8,10,5,10,5,15,5,2,7,10,3,5,15,30,5,2
1838,1839,15,30,5,10,5,20,5,5,15,15,1,10,20,10,3,10
6282,6283,3,30,1,5,12,20,1,5,20,25,1,5,20,10,1,2
2140,2141,3,20,1,2,5,10,1,2,20,15,5,5,20,20,5,5
4594,4595,3,30,3,10,5,10,5,5,7,15,3,10,15,30,5,10
4359,4360,3,20,5,2,12,15,5,10,15,10,5,10,7,20,1,5
4825,4826,3,10,3,5,8,10,3,2,7,15,3,2,7,30,1,5
4985,4986,15,20,5,10,8,15,3,5,20,10,5,2,15,20,1,10
3729,3730,15,20,5,10,5,20,3,10,20,15,1,5,7,20,5,10
1031,1032,8,10,5,10,8,20,5,5,7,25,5,5,7,10,5,2
6966,6967,3,30,5,2,5,20,3,10,15,10,5,2,7,10,1,5
5580,5581,15,30,1,5,5,10,1,2,15,15,5,2,7,20,1,2
5836,5837,3,20,3,2,8,20,1,2,15,15,3,2,7,10,5,5
6731,6732,3,20,5,10,5,20,5,2,15,25,3,5,20,10,3,2
6402,6403,15,30,1,5,5,20,1,10,20,15,1,5,20,20,5,10
4162,4163,3,30,1,2,5,10,1,2,20,25,3,10,20,30,3,5
5458,5459,8,30,3,2,5,20,1,5,20,15,1,10,7,30,1,5
7578,7579,15,10,3,10,5,20,1,10,20,15,5,2,20,20,1,10
6450,6451,8,20,5,5,5,20,5,10,20,15,5,2,15,10,5,10
2162,2163,3,10,3,2,5,10,1,10,7,10,5,2,7,30,3,10
2320,2321,8,20,5,5,5,15,5,2,7,25,5,5,15,20,3,10
968,969,8,10,5,2,5,15,5,10,20,25,5,5,20,10,5,5
2891,2892,3,20,1,2,8,15,1,10,20,10,5,2,15,30,1,10
3517,3518,8,10,5,10,12,10,3,10,7,25,3,5,15,10,1,2
5597,5598,15,10,5,2,12,15,1,2,20,15,5,2,20,10,1,5
2805,2806,3,20,1,10,8,20,5,5,20,25,5,2,7,10,5,5
7168,7169,3,30,5,5,5,15,5,5,7,25,1,5,20,20,3,2
4588,4589,3,20,5,2,12,20,3,5,20,10,5,10,15,10,1,10
1307,1308,3,10,5,5,12,20,1,2,15,15,3,5,20,20,1,2
3450,3451,15,10,1,5,5,10,5,10,20,25,3,10,20,20,1,10
2620,2621,15,10,3,2,8,10,5,2,20,25,5,5,20,10,5,5
42,43,3,30,5,10,5,15,1,5,20,25,3,2,20,10,5,5
1366,1367,15,20,1,5,5,20,5,5,7,15,1,5,7,10,5,5
4948,4949,15,30,5,10,8,10,1,5,20,10,1,2,20,20,1,5
4056,4057,15,10,5,2,8,20,5,5,20,10,3,2,15,30,1,2
5144,5145,15,10,1,5,8,20,5,5,20,15,1,2,15,30,5,10
7345,7346,3,10,3,10,8,10,3,5,15,10,1,2,7,10,1,5
3898,3899,15,30,5,5,12,10,3,5,20,25,1,10,20,10,5,10
5254,5255,3,20,1,5,12,15,1,5,20,25,5,5,7,20,1,2
572,573,3,30,1,5,5,15,5,5,7,25,3,2,7,20,3,2
3804,3805,3,20,5,5,5,20,1,5,7,10,3,10,20,30,3,10
1328,1329,15,10,3,10,8,20,1,2,7,25,5,10,15,30,3,10
5178,5179,3,30,5,10,8,10,3,10,15,10,3,2,20,20,1,10
2532,2533,3,10,1,5,8,10,3,10,20,10,3,5,7,20,3,2
4366,4367,3,20,1,10,12,15,5,2,15,10,3,2,20,10,5,10
3409,3410,8,10,1,10,8,10,1,5,20,25,5,10,20,10,3,5
5853,5854,8,10,3,10,5,10,5,10,7,10,1,10,7,30,5,5
5515,5516,3,20,1,2,12,10,1,5,20,15,3,5,20,10,1,5
7685,7686,15,10,1,2,12,10,5,10,7,25,5,5,20,10,5,10
298,299,8,20,3,5,12,15,5,2,20,10,1,10,20,30,1,5
3530,3531,3,30,1,5,8,10,3,2,20,15,3,5,15,10,3,5
7296,7297,8,20,3,2,8,20,3,2,20,10,5,2,20,20,1,2
3810,3811,15,10,3,2,5,15,3,5,7,25,3,2,7,30,1,10
2210,2211,3,30,3,10,8,15,5,2,7,10,1,2,20,20,3,2
5666,5667,8,20,5,2,5,10,5,2,7,10,3,5,15,30,5,10
6472,6473,3,10,1,5,8,10,3,2,15,15,1,2,20,20,3,10
3811,3812,8,10,5,5,5,20,1,10,15,10,1,2,20,10,1,2
6438,6439,15,10,3,10,8,15,1,2,7,10,3,2,15,30,1,2
2220,2221,8,30,3,5,8,15,5,10,20,15,3,2,15,10,3,2
3679,3680,3,30,5,5,5,15,3,2,15,25,5,10,15,30,1,5
7416,7417,15,20,5,2,8,10,5,10,20,25,5,5,7,10,1,10
1159,1160,3,30,3,5,12,10,5,10,7,10,3,5,15,20,5,2
6469,6470,3,30,5,2,12,15,1,2,15,25,5,5,15,30,5,2
4628,4629,15,30,5,10,12,15,3,2,15,15,3,5,20,20,5,2
4683,4684,8,10,5,10,8,15,1,5,15,25,1,10,7,10,1,10
3573,3574,3,20,1,2,8,10,1,10,15,15,3,10,7,20,5,5
990,991,8,10,3,10,12,20,3,2,7,10,3,5,15,10,5,10
523,524,8,20,1,10,5,10,3,2,7,15,5,10,20,10,3,10
4472,4473,8,10,1,10,12,15,1,2,7,15,3,5,20,30,1,5
5105,5106,15,10,5,10,8,20,3,10,7,15,3,5,7,10,1,2
4747,4748,15,20,5,2,5,20,1,5,7,25,1,2,15,30,3,5
2779,2780,8,10,5,10,12,10,5,5,15,25,3,5,7,20,1,2
5916,5917,15,30,1,5,8,15,5,5,7,25,1,2,20,10,1,10
3633,3634,3,20,3,2,5,10,3,10,7,15,3,10,20,10,1,5
6313,6314,3,30,1,2,5,15,5,5,20,15,3,10,15,20,5,10
3359,3360,3,20,3,5,8,20,5,2,20,10,3,5,7,20,1,5
4884,4885,3,30,5,5,12,10,1,5,20,15,1,10,15,10,3,5
7587,7588,8,30,3,10,5,15,3,2,20,25,5,2,7,30,3,10
3394,3395,8,10,3,2,5,20,3,5,20,10,5,2,20,20,1,2
5001,5002,15,20,5,5,12,15,5,2,7,25,1,5,15,20,5,10
6903,6904,3,30,5,5,12,15,1,5,20,25,1,2,15,20,5,5
2069,2070,8,30,5,2,8,15,5,5,20,10,1,2,20,30,5,10
4859,4860,8,10,1,10,12,10,3,5,20,25,5,10,7,10,1,2
4466,4467,3,20,1,2,12,15,5,2,15,15,5,5,7,30,1,5
127,128,3,30,5,10,8,15,1,5,20,15,5,2,7,10,1,2
4305,4306,15,30,1,5,8,15,3,2,20,15,3,2,15,20,1,10
5595,5596,3,10,5,5,8,20,3,5,20,25,1,5,15,30,1,5
7517,7518,3,30,5,10,12,15,1,2,15,25,3,2,15,10,1,2
4200,4201,3,10,1,10,5,20,3,10,20,10,3,5,7,10,5,10
2670,2671,3,20,5,10,8,20,5,10,15,10,1,10,15,30,3,10
5158,5159,15,20,5,5,12,20,5,5,20,25,1,5,20,30,3,10
1613,1614,15,10,5,5,12,10,3,2,20,25,5,2,20,30,5,5
6061,6062,8,20,5,2,5,20,5,10,7,15,5,10,7,30,3,2
1242,1243,8,30,3,10,5,10,3,10,20,10,1,5,20,30,3,10
6666,6667,15,20,1,2,8,10,5,5,20,10,1,2,20,20,1,10
1429,1430,15,30,3,2,5,10,1,5,15,10,5,5,20,10,1,5
3462,3463,3,20,1,2,5,10,5,5,15,25,5,10,15,30,3,5
4652,4653,15,20,3,2,8,20,1,5,20,25,5,2,15,10,5,10
1899,1900,15,20,1,2,12,20,3,5,7,25,5,5,7,10,5,5
4338,4339,8,30,5,2,8,15,3,5,20,10,3,10,7,30,5,2
581,582,3,10,5,10,12,15,5,10,7,10,3,10,20,20,3,10
3195,3196,8,20,1,10,8,20,1,5,20,10,1,5,20,10,3,2
4048,4049,8,20,1,2,12,10,5,5,7,10,3,5,15,10,3,5
7349,7350,3,20,5,2,5,15,5,10,15,25,3,2,15,10,3,10
6042,6043,8,20,3,10,12,20,5,10,15,25,3,10,20,10,5,10
1414,1415,8,20,3,2,5,10,1,2,7,15,1,2,15,10,5,2
5623,5624,3,20,5,5,8,10,3,5,20,25,1,2,15,30,3,10
6406,6407,3,30,5,2,8,10,3,5,15,15,5,5,20,10,3,2
2654,2655,15,20,3,2,5,15,1,10,20,10,5,10,15,20,3,5
1966,1967,3,20,5,10,8,10,1,2,15,15,3,10,20,30,1,2
6236,6237,15,10,1,5,8,10,5,2,7,25,5,5,15,10,5,10
5738,5739,3,10,1,10,8,20,5,2,15,25,5,2,7,20,3,5
6111,6112,3,20,5,2,12,15,1,2,20,15,1,10,20,20,1,2
5377,5378,8,10,5,5,8,20,1,2,7,10,3,10,20,20,5,2
5697,5698,15,30,5,2,12,15,1,10,20,15,5,5,15,30,1,2
1981,1982,3,20,3,5,8,20,1,2,20,10,3,5,20,30,5,5
4417,4418,15,10,3,5,12,10,5,2,20,15,3,5,15,20,5,10
6593,6594,8,30,3,10,5,10,3,5,7,25,5,2,20,30,5,10
6792,6793,3,20,3,5,12,15,3,2,15,15,5,2,20,30,5,2
942,943,3,20,3,5,5,15,3,10,15,15,3,10,20,10,1,10
2365,2366,8,30,5,5,8,10,1,5,15,15,3,5,20,20,5,5
4093,4094,3,20,1,2,12,15,3,2,15,15,1,10,7,30,5,2
504,505,3,30,3,5,5,15,3,10,15,25,1,10,20,10,1,10
2491,2492,15,30,3,10,8,15,5,10,20,10,1,10,15,10,5,2
1673,1674,8,20,5,10,8,10,1,10,15,15,3,5,20,10,1,5
3747,3748,8,20,5,2,12,15,3,10,7,15,5,5,7,30,1,2
3032,3033,3,10,1,2,5,20,5,10,20,25,1,10,20,20,3,10
5198,5199,8,30,5,10,5,15,1,10,15,25,1,5,15,30,1,10
2359,2360,8,30,3,10,5,20,5,5,7,10,3,5,7,20,3,2
5611,5612,3,30,5,5,12,10,5,10,20,10,5,10,20,30,1,10
212,213,3,10,5,5,12,15,5,5,7,25,3,5,7,30,1,10
1933,1934,15,10,5,5,8,10,1,2,20,10,3,5,15,20,1,5
1002,1003,3,20,3,2,5,20,1,5,15,25,5,5,20,30,5,2
2410,2411,3,10,5,10,12,10,3,2,7,15,1,5,20,10,1,2
6807,6808,15,10,3,2,8,20,5,2,7,15,1,10,20,10,1,2
4124,4125,15,20,5,10,12,15,3,5,20,10,1,2,15,30,1,2
1685,1686,3,30,1,5,8,15,1,2,20,15,3,10,7,30,1,5
6672,6673,15,10,3,5,5,20,3,5,7,25,5,2,7,30,5,2
3524,3525,3,10,3,2,8,15,5,5,20,10,1,5,7,20,3,10
2715,2716,3,30,5,5,12,20,1,5,15,15,5,10,7,20,5,10
921,922,3,10,1,10,12,10,1,10,7,10,5,5,15,20,3,5
5643,5644,3,20,5,5,8,10,3,5,7,15,5,5,15,30,3,2
6757,6758,8,30,5,2,12,15,1,2,20,10,5,5,7,30,1,2
5877,5878,15,20,3,5,8,20,1,5,15,10,1,2,7,10,1,10
4889,4890,8,30,5,5,12,20,5,5,20,10,1,5,7,20,1,5
957,958,15,30,3,5,12,15,5,10,7,10,5,5,7,10,3,2
709,710,3,20,3,10,5,15,5,5,7,10,1,2,15,20,5,2
922,923,3,10,1,5,8,20,3,2,15,15,3,10,20,30,5,10
2689,2690,8,20,3,5,5,20,1,2,7,10,1,10,20,20,1,5
5110,5111,3,20,3,10,8,10,5,5,20,10,5,5,20,30,5,5
5229,5230,3,20,3,10,5,10,3,10,7,10,5,5,15,20,5,10
3374,3375,15,20,1,10,5,20,1,10,7,25,5,10,7,10,5,10
4919,4920,8,10,1,2,5,20,3,10,15,15,1,10,15,30,1,5
4718,4719,3,10,5,5,8,15,3,2,7,15,5,2,20,30,5,5
497,498,15,30,5,10,12,20,3,2,15,15,1,10,15,20,1,2
2512,2513,15,10,5,5,12,20,5,5,20,25,1,5,7,20,5,10
7360,7361,8,30,5,10,8,10,5,2,7,15,1,5,15,20,5,2
3989,3990,3,30,1,5,8,20,1,2,20,10,5,5,7,10,1,10
92,93,3,10,5,10,5,20,1,2,15,15,1,5,20,20,1,2
3471,3472,8,30,5,10,12,10,5,10,7,25,1,5,20,10,3,2
4797,4798,8,20,5,2,5,15,3,2,7,15,1,10,7,20,5,5
735,736,8,10,1,10,8,10,1,2,20,10,3,2,15,10,3,2
434,435,3,30,3,5,5,20,1,2,15,25,1,2,20,30,5,5
4510,4511,15,10,3,5,5,20,3,2,7,15,3,5,15,20,3,5
5269,5270,3,20,1,5,8,10,5,5,20,15,1,2,7,30,1,5
4684,4685,8,10,3,2,8,20,1,5,7,25,3,10,20,10,3,2
794,795,15,30,3,10,5,20,1,10,20,10,1,2,15,10,1,10
4188,4189,3,10,3,5,5,20,5,10,15,10,1,5,20,20,3,10
5897,5898,15,30,3,2,5,20,3,5,15,25,1,2,15,30,1,2
2478,2479,3,10,1,2,8,20,1,5,20,10,3,2,20,30,5,5
7217,7218,3,10,5,5,8,15,3,10,7,10,3,5,15,30,5,2
4097,4098,8,20,3,2,12,20,1,5,15,25,1,10,7,10,3,2
7485,7486,8,20,1,2,5,20,5,2,7,25,5,10,15,10,3,5
3153,3154,15,20,1,10,8,20,5,2,15,15,1,2,20,10,3,5
4008,4009,3,20,1,2,8,15,1,10,20,10,1,10,7,20,5,10
7393,7394,3,20,3,5,5,15,5,10,7,15,3,10,7,10,1,2
5501,5502,8,30,1,2,5,20,5,10,20,15,5,5,15,20,1,2
6951,6952,8,10,5,2,12,15,3,10,7,15,1,10,7,20,5,2
5923,5924,15,10,1,5,8,10,1,10,7,15,5,5,7,10,1,2
250,251,15,20,3,2,12,15,3,5,15,25,5,2,15,30,5,2
4978,4979,8,10,3,2,5,20,3,2,20,15,1,10,20,10,3,2
2105,2106,8,20,3,5,12,15,3,2,15,10,5,2,20,30,3,2
1191,1192,8,20,3,5,12,15,3,5,15,15,1,5,20,20,1,2
2331,2332,15,10,3,2,12,20,3,2,20,25,3,5,15,30,1,10
5090,5091,15,30,3,5,8,10,1,2,7,25,3,10,15,10,3,10
6271,6272,8,10,1,5,8,20,1,5,20,10,1,5,15,30,5,2
4004,4005,15,20,3,2,5,20,1,2,7,15,3,5,20,30,3,2
7263,7264,8,10,5,5,5,10,3,5,20,15,1,2,7,20,1,5
2482,2483,8,20,3,10,12,15,5,2,20,15,3,5,20,30,3,2
7574,7575,3,30,1,10,12,20,1,5,15,15,1,2,20,10,5,10
2057,2058,15,30,3,10,12,10,3,5,7,25,1,5,7,10,1,10
1558,1559,8,30,1,5,8,10,3,5,15,15,3,2,7,30,5,5
5224,5225,15,10,5,2,8,10,1,2,20,25,1,2,7,20,5,5
7501,7502,8,10,1,5,5,20,3,2,20,10,1,10,15,20,3,2
2503,2504,8,20,3,10,8,20,3,10,20,15,5,5,20,30,3,5
439,440,3,30,3,5,5,20,5,10,15,25,3,5,20,20,5,5
6123,6124,8,30,1,2,5,15,5,2,15,25,3,5,20,20,3,5
2521,2522,8,10,3,5,12,10,3,2,20,25,5,2,7,20,5,2
6745,6746,8,10,5,5,8,15,3,2,15,25,5,10,20,30,5,5
4374,4375,3,20,1,5,5,10,1,5,20,10,1,2,20,10,3,10
6934,6935,3,20,1,5,5,15,3,2,20,25,3,2,15,10,3,2
1291,1292,8,10,3,10,12,10,5,10,7,15,5,10,20,30,5,2
5314,5315,3,20,5,10,5,20,5,10,15,25,1,5,20,30,1,5
3416,3417,8,20,1,2,8,15,5,2,20,10,1,10,7,10,1,2
2736,2737,8,10,5,2,12,15,3,5,7,25,3,2,7,20,1,5
6534,6535,8,30,1,10,12,20,3,5,20,25,3,2,7,30,5,2
7017,7018,3,20,3,10,12,10,1,5,20,25,3,2,15,30,1,2
7639,7640,3,10,3,2,8,20,3,10,15,10,5,10,15,10,5,10
6860,6861,8,20,3,2,8,10,5,10,20,15,1,2,15,10,1,2
5072,5073,15,10,3,2,8,20,3,10,15,15,5,5,15,10,1,10
6466,6467,8,30,3,10,8,15,5,10,7,25,1,2,7,10,1,2
5222,5223,3,10,1,2,12,15,3,5,20,10,5,10,7,10,3,2
2677,2678,15,10,3,2,12,20,3,10,20,15,5,10,15,30,3,5
7133,7134,8,20,5,5,8,15,1,2,20,10,1,5,15,10,5,5
6886,6887,8,20,1,5,12,15,1,10,7,25,1,5,7,30,1,10
4433,4434,3,30,1,2,5,10,1,2,15,10,5,5,15,10,5,10
3321,3322,15,20,1,10,12,10,3,2,15,10,1,5,20,20,1,5
2358,2359,8,30,3,5,8,20,3,10,15,10,5,10,15,30,3,2
3689,3690,3,10,1,10,5,15,5,10,7,15,3,10,15,10,3,2
3534,3535,8,10,5,10,12,10,1,2,20,15,1,10,7,30,5,5
1470,1471,8,10,3,10,5,20,3,2,7,10,5,10,20,20,5,10
548,549,15,20,5,2,5,10,1,10,15,15,1,10,15,10,3,2
3045,3046,3,30,1,2,8,20,5,10,20,10,3,10,20,20,5,10
4383,4384,3,10,3,5,12,10,5,2,7,15,3,2,20,30,3,5
2953,2954,8,10,3,2,8,15,3,5,20,10,5,10,7,30,3,2
1595,1596,8,30,1,2,8,15,3,5,20,15,5,2,15,20,5,5
3437,3438,15,10,3,2,12,15,5,2,20,10,1,5,7,20,3,2
3666,3667,8,10,5,10,5,15,3,10,7,15,3,2,7,30,5,2
7487,7488,3,30,1,2,5,15,3,5,20,25,1,2,20,20,5,5
2392,2393,15,30,5,10,12,15,5,5,7,25,3,5,15,30,5,10
889,890,3,30,5,5,8,20,1,2,20,15,3,5,15,10,1,10
6049,6050,15,30,1,5,12,10,1,2,20,15,3,2,7,30,1,2
66,67,8,30,5,2,8,20,3,10,7,15,5,10,15,20,5,2
4176,4177,8,20,3,10,8,10,1,10,7,25,5,5,7,10,5,2
139,140,8,10,3,5,12,15,5,5,7,15,3,5,7,10,3,10
5710,5711,3,10,1,10,5,20,5,10,7,15,3,10,15,10,5,5
1252,1253,3,20,3,10,5,20,5,2,20,25,3,5,7,10,3,5
1618,1619,3,20,3,2,5,10,3,2,20,10,5,5,7,30,1,2
3509,3510,15,30,1,5,8,15,3,5,15,10,1,10,20,20,5,10
2530,2531,3,30,1,5,8,10,3,10,7,10,3,5,15,10,1,10
7629,7630,15,20,3,5,5,20,3,2,20,25,3,10,15,10,5,10
3481,3482,8,10,5,2,12,20,3,10,15,15,3,2,7,30,3,5
1310,1311,3,20,1,10,12,20,5,2,7,25,5,10,15,30,5,10
546,547,8,10,3,10,5,10,1,5,20,10,5,10,15,10,3,2
7102,7103,8,10,5,5,8,15,1,2,15,10,3,10,15,10,3,10
3398,3399,3,20,1,5,5,20,5,2,15,15,3,2,20,30,3,2
2690,2691,8,30,1,10,5,15,1,5,7,10,1,10,7,10,3,2
4370,4371,15,30,5,10,5,20,1,10,15,25,1,2,7,20,1,10
7245,7246,3,20,5,2,5,20,3,5,7,25,3,5,7,20,5,2
736,737,3,30,5,10,8,15,3,5,7,25,3,5,7,30,1,5
6598,6599,3,10,5,5,5,10,1,5,15,25,5,2,20,30,5,2
4661,4662,8,30,3,10,5,15,1,2,15,15,5,5,20,10,5,10
1228,1229,3,20,3,5,12,10,5,10,7,25,3,2,7,10,1,10
550,551,15,10,3,5,12,20,1,2,20,25,3,2,7,30,1,5
7096,7097,15,30,5,10,5,10,1,5,15,25,3,5,20,30,3,10
4146,4147,15,10,3,5,8,15,3,5,15,10,3,2,20,20,5,5
4479,4480,15,10,3,5,8,15,3,10,20,15,1,10,15,30,5,2
4991,4992,3,30,5,5,5,20,5,10,20,25,1,2,20,20,5,5
4554,4555,3,20,1,2,12,10,3,10,7,25,1,10,7,10,5,2
5915,5916,3,10,5,2,5,10,1,10,7,25,1,5,15,30,5,2
6694,6695,3,30,1,2,8,10,5,10,15,15,3,2,20,30,3,2
5796,5797,8,20,1,5,12,10,3,10,7,15,5,2,7,10,1,5
5228,5229,15,20,3,10,8,10,5,5,20,10,1,10,7,20,3,10
1102,1103,3,30,1,2,12,15,3,2,15,25,1,2,7,10,5,5
3470,3471,8,20,3,2,12,20,1,10,7,10,3,10,7,30,3,2
4213,4214,15,10,5,5,5,20,1,10,20,15,3,2,15,30,5,10
3955,3956,3,30,1,2,8,20,3,10,7,15,1,5,15,20,1,10
3413,3414,8,30,1,5,12,20,3,10,15,15,5,5,7,20,3,10
74,75,8,30,5,10,12,15,1,10,20,15,3,5,20,20,1,10
6623,6624,8,30,5,2,5,15,5,5,7,25,3,5,7,20,3,10
6601,6602,3,30,3,2,5,10,5,5,7,10,5,2,7,30,1,5
1227,1228,3,30,3,5,5,15,3,2,20,25,1,10,7,10,5,2
6706,6707,8,20,1,10,12,15,1,5,20,15,5,5,7,30,5,5
3646,3647,3,10,3,2,12,20,5,5,20,10,1,5,20,30,5,2
4098,4099,15,20,3,5,5,10,1,10,7,10,1,10,7,10,1,2
6516,6517,3,20,5,10,12,10,5,2,15,15,3,5,15,20,1,10
3853,3854,8,30,5,10,5,10,1,10,7,10,5,10,7,10,3,10
637,638,15,10,5,2,8,10,5,10,20,15,3,10,20,20,3,10
979,980,15,20,3,2,8,10,5,5,15,10,3,5,7,10,1,5
5942,5943,15,10,1,5,8,10,3,10,7,15,1,2,15,20,3,2
3784,3785,8,10,1,10,12,10,1,2,7,25,1,10,7,20,1,2
671,672,3,30,5,5,5,15,3,2,15,15,5,10,7,10,1,10
4864,4865,15,30,1,10,12,15,3,10,20,10,1,10,15,10,3,2
4667,4668,15,30,3,10,8,10,1,2,15,15,1,2,7,20,3,2
6254,6255,8,20,5,5,8,15,3,2,7,15,5,2,15,20,3,5
5846,5847,15,20,1,5,5,20,3,10,15,25,3,2,7,20,5,10
3352,3353,15,10,3,2,5,10,3,2,15,15,3,5,20,30,5,5
6907,6908,3,30,5,2,8,20,5,5,20,10,3,5,20,30,1,10
3117,3118,3,20,3,5,12,15,5,10,15,25,3,2,15,20,1,5
3766,3767,8,30,3,2,8,15,3,2,20,10,5,10,15,30,5,10
370,371,15,10,1,10,12,10,3,2,20,10,3,10,7,10,1,5
1244,1245,8,30,5,10,12,10,1,10,7,15,1,2,20,20,5,2
7359,7360,8,20,3,2,8,10,3,5,15,10,5,10,20,10,1,2
6734,6735,8,20,3,5,8,10,1,10,7,10,3,10,15,30,1,2
7679,7680,3,20,5,10,5,10,5,2,7,25,3,2,15,30,3,5
6212,6213,8,20,5,2,5,15,3,10,20,25,5,5,20,20,3,2
2896,2897,3,10,1,10,12,20,5,2,7,15,5,10,20,10,3,5
2655,2656,15,20,3,2,12,15,1,2,7,10,1,10,20,20,3,5
2799,2800,15,30,5,2,8,20,1,10,15,10,5,2,7,10,3,10
204,205,15,10,5,10,5,15,1,5,15,25,3,2,20,30,1,5
1178,1179,8,20,3,2,12,15,5,5,20,25,1,10,7,20,1,2
7221,7222,15,30,1,5,5,10,5,2,15,10,5,2,20,10,5,10
4477,4478,8,10,5,2,5,15,5,10,7,15,3,10,20,30,5,5
759,760,8,10,1,2,5,20,5,5,15,25,3,10,15,30,3,10
3645,3646,3,30,5,10,8,15,5,2,7,15,1,2,20,10,1,5
2167,2168,3,30,5,2,8,15,5,10,20,15,1,2,20,10,1,2
7664,7665,3,20,5,5,5,10,5,2,20,10,1,2,20,10,3,10
2990,2991,15,10,3,5,5,15,5,2,15,15,3,2,7,10,5,5
2661,2662,15,20,3,2,5,20,5,5,20,15,1,5,20,10,3,10
5307,5308,3,30,1,2,12,10,3,2,15,25,1,5,20,10,3,10
761,762,15,20,3,2,8,15,5,2,20,10,5,5,7,30,3,10
3904,3905,3,30,3,10,12,10,5,5,20,25,1,2,20,10,1,10
1151,1152,15,30,5,5,12,20,3,2,20,15,5,5,20,20,1,2
7227,7228,15,30,5,10,8,20,1,10,20,15,5,10,7,30,1,5
6429,6430,15,10,3,5,5,15,5,5,15,25,1,10,7,30,5,2
445,446,15,20,1,2,5,10,1,10,7,25,3,5,20,30,1,10
2692,2693,8,20,5,2,8,20,3,10,20,25,1,10,7,30,5,2
1266,1267,3,20,5,2,12,15,5,10,20,10,5,2,20,10,3,10
211,212,8,20,5,5,12,20,3,2,20,15,1,5,15,20,3,2
1976,1977,3,20,1,5,12,15,5,10,15,15,1,10,15,30,5,5
1468,1469,3,10,1,2,12,20,1,2,20,10,3,10,20,10,3,2
4805,4806,15,10,1,2,12,10,5,10,20,10,3,10,7,30,1,5
2398,2399,15,10,1,2,8,10,3,5,7,15,3,10,7,10,3,2
2447,2448,3,30,5,10,8,20,3,5,15,15,5,2,20,20,3,2
3066,3067,15,10,5,2,12,15,1,10,7,25,1,2,20,20,1,10
3351,3352,15,20,1,5,12,20,1,2,20,10,1,2,20,20,3,10
7463,7464,3,30,5,5,12,10,3,10,15,10,5,2,15,10,5,5
6370,6371,8,30,5,2,8,10,1,10,7,25,1,5,7,20,3,5
320,321,3,30,3,10,12,10,3,5,20,25,1,2,7,30,5,10
4458,4459,3,20,1,2,5,10,1,5,15,25,3,10,15,10,3,2
1761,1762,3,30,5,10,5,10,5,5,7,10,1,2,15,20,5,5
1528,1529,3,20,1,2,8,20,1,2,7,15,1,10,7,20,5,5
6675,6676,3,10,3,2,8,15,5,5,7,15,3,5,15,30,1,2
4139,4140,15,30,3,10,5,15,5,10,7,15,3,5,15,10,5,2
4450,4451,15,20,5,2,8,20,5,10,20,10,3,5,7,10,3,2
7342,7343,3,30,5,10,5,20,3,10,7,15,1,5,15,10,1,2
6997,6998,15,20,5,10,5,15,1,5,15,25,5,2,20,30,1,5
6643,6644,3,20,5,2,5,15,5,10,7,15,3,10,15,20,5,10
1592,1593,3,10,1,10,12,10,1,5,15,10,3,5,15,10,5,10
2807,2808,15,30,5,10,8,20,3,5,15,10,1,10,15,30,1,10
2089,2090,8,10,1,5,5,10,5,2,15,25,1,5,7,30,5,2
7265,7266,3,20,1,2,12,20,5,10,7,25,1,2,15,10,3,10
1672,1673,3,30,5,5,8,15,5,5,20,10,1,5,15,30,5,10
6692,6693,15,30,1,5,5,20,3,2,15,15,1,2,15,10,5,2
2529,2530,15,10,1,5,5,15,3,10,15,25,1,2,15,30,1,2
3966,3967,8,20,1,10,8,20,5,10,7,25,5,10,7,10,5,10
2374,2375,3,10,5,5,8,20,1,10,7,25,1,2,7,30,1,2
3447,3448,8,20,5,5,12,20,3,5,20,15,5,2,7,20,5,5
4613,4614,3,20,5,5,8,15,5,5,20,25,3,10,15,20,3,2
1669,1670,3,30,3,2,5,20,3,2,15,10,3,2,7,10,1,2
3343,3344,3,10,3,10,8,10,3,10,20,15,3,5,7,20,1,10
7146,7147,3,10,5,2,5,15,3,10,20,15,5,2,7,20,5,5
1804,1805,8,30,1,2,12,15,1,2,15,25,5,10,7,30,3,2
4758,4759,3,10,1,5,12,20,5,5,15,10,3,2,7,30,5,5
4298,4299,8,10,3,5,8,15,3,5,15,10,3,2,15,30,5,2
2571,2572,3,10,1,5,8,20,5,5,15,15,1,5,20,10,1,2
5770,5771,8,20,5,5,5,10,1,2,15,15,1,5,7,30,5,5
840,841,3,20,3,10,12,10,1,10,20,25,5,2,20,20,3,5
5455,5456,3,10,3,2,5,15,1,5,20,15,5,10,7,30,5,2
1142,1143,15,10,3,5,8,15,3,5,15,10,5,10,7,30,3,10
5223,5224,8,10,1,5,5,15,3,5,7,10,1,10,15,10,3,5
7187,7188,3,30,1,5,12,20,3,5,15,15,3,2,15,30,5,2
721,722,15,30,3,10,8,10,1,10,7,10,5,10,15,20,1,5
4399,4400,3,20,3,10,8,15,1,2,15,25,3,5,7,30,5,10
7663,7664,8,10,3,10,5,20,3,10,15,10,3,5,15,10,1,10
5329,5330,15,30,1,10,12,15,3,2,7,15,3,2,20,10,1,2
1052,1053,15,10,5,10,8,20,1,10,7,10,1,2,20,20,3,10
1051,1052,3,20,3,2,8,15,5,10,15,15,3,10,7,20,1,2
6046,6047,15,10,1,10,5,15,5,5,7,25,1,5,15,30,5,5
6096,6097,3,20,3,10,8,15,3,10,15,15,1,5,15,20,5,2
5622,5623,15,30,1,2,8,10,1,10,7,10,3,10,15,30,3,10
6910,6911,3,20,3,2,12,20,3,5,20,25,5,2,20,30,3,5
1667,1668,15,30,5,10,8,10,3,10,20,10,3,2,15,20,1,10
6952,6953,3,30,1,10,5,20,3,10,20,15,5,10,7,30,3,2
1281,1282,8,30,5,2,8,10,3,2,15,10,3,10,20,30,5,2
7150,7151,3,30,1,2,5,15,1,10,15,25,5,10,15,30,5,5
2676,2677,3,30,5,5,5,15,1,5,15,10,3,5,15,30,3,2
329,330,8,10,5,5,5,15,5,2,15,25,3,2,7,10,5,10
2307,2308,15,30,1,10,12,20,1,2,7,10,3,10,15,10,1,5
7282,7283,15,30,1,2,12,20,3,10,20,15,1,5,7,20,1,5
4861,4862,3,10,1,5,12,20,3,10,15,10,3,5,7,30,5,5
6333,6334,8,30,3,2,5,10,1,2,7,25,1,5,15,30,5,5
6662,6663,15,20,5,10,8,15,5,10,7,15,3,5,20,20,5,5
4122,4123,15,20,1,5,5,15,5,2,7,15,3,10,7,10,3,5
5358,5359,15,10,3,2,12,15,5,5,7,15,5,10,15,30,5,2
2915,2916,15,10,5,5,8,20,3,2,20,15,1,2,15,10,1,2
5852,5853,15,10,3,10,5,20,5,5,20,25,5,5,20,10,3,5
4378,4379,8,20,5,5,5,20,5,2,20,25,1,5,20,20,1,2
3995,3996,3,10,1,2,12,10,5,5,7,25,5,5,20,10,5,5
3484,3485,3,20,1,2,8,15,5,5,7,15,1,5,15,10,3,5
2464,2465,8,10,5,2,5,10,1,10,7,15,5,5,20,20,3,10
5485,5486,15,10,3,5,5,10,3,2,7,10,5,2,7,30,1,5
2272,2273,3,20,5,2,5,20,5,2,7,25,3,2,7,20,1,10
5956,5957,3,20,3,5,12,10,1,5,7,10,3,2,20,10,1,2
2314,2315,8,10,1,5,5,10,5,10,15,15,1,5,15,20,3,2
6555,6556,15,20,5,5,8,15,5,10,20,15,5,2,20,10,3,2
1270,1271,8,20,5,5,8,10,5,5,15,25,5,5,15,30,3,2
3977,3978,8,10,3,5,5,15,5,10,20,25,1,10,20,30,1,5
1867,1868,15,10,3,5,12,10,5,5,20,15,5,5,7,10,3,5
1530,1531,8,30,3,5,12,15,1,5,20,10,3,5,7,30,5,10
3988,3989,3,20,5,2,12,10,5,5,20,15,5,10,20,20,1,2
3788,3789,3,10,1,10,12,20,5,2,20,10,5,5,15,20,3,10
5448,5449,8,30,5,2,5,20,1,10,7,25,5,5,15,30,5,5
1129,1130,8,20,5,2,8,10,5,2,20,25,3,2,20,30,5,10
5537,5538,8,10,1,5,12,10,3,5,20,15,1,2,15,30,3,5
3640,3641,3,30,1,10,8,15,3,2,15,10,1,10,20,20,5,2
5493,5494,8,30,1,10,5,20,3,5,15,25,1,2,15,30,3,2
1793,1794,15,20,3,10,5,20,1,2,20,10,1,2,20,30,1,5
6957,6958,15,30,5,2,12,20,3,2,20,15,1,5,15,10,5,5
4523,4524,8,10,3,2,12,15,1,2,15,10,5,10,15,30,3,5
366,367,15,10,5,5,8,20,5,5,7,25,1,2,15,20,3,5
4118,4119,8,10,1,2,12,20,1,10,15,15,5,5,15,20,3,10
3492,3493,8,30,3,10,5,20,5,5,15,25,3,10,20,30,1,2
7662,7663,15,30,1,10,8,10,3,5,15,15,1,2,15,30,1,2
7388,7389,8,10,5,5,12,20,3,2,20,15,5,5,7,10,1,10
6124,6125,8,10,5,10,12,10,1,2,20,15,3,5,7,20,1,10
506,507,3,10,1,2,12,10,1,5,20,15,1,5,15,10,5,10
1555,1556,8,30,1,10,5,20,3,2,20,25,1,10,20,30,1,5
1418,1419,3,20,1,2,5,15,5,2,7,25,3,5,7,20,5,5
5583,5584,15,10,5,10,5,20,3,5,20,15,3,10,15,10,1,10
120,121,15,10,3,10,8,20,5,2,15,15,1,2,7,30,3,2
6365,6366,3,30,1,10,12,10,5,5,15,25,1,5,7,20,1,5
3950,3951,8,10,3,5,8,10,5,5,20,25,1,2,20,20,1,2
4072,4073,8,10,5,10,5,15,5,2,7,10,1,2,20,10,5,5
1276,1277,8,20,5,5,12,10,5,10,15,15,1,10,7,10,3,10
1063,1064,15,30,1,5,12,15,3,10,15,10,1,2,15,10,1,5
592,593,15,10,5,2,5,15,1,2,20,25,5,2,15,20,3,5
237,238,3,30,1,2,8,20,3,5,20,10,5,2,15,10,1,10
2969,2970,8,20,1,2,12,20,5,10,7,25,5,10,7,20,5,10
5234,5235,3,30,3,2,8,15,1,5,15,15,5,10,15,10,3,2
1680,1681,3,30,3,2,8,10,1,2,7,10,5,2,20,20,3,2
7176,7177,3,10,5,10,5,20,3,5,15,15,5,5,15,20,3,10
4977,4978,8,30,1,2,5,20,5,10,7,15,3,2,7,30,3,10
1710,1711,8,30,5,2,8,20,1,2,7,25,3,5,15,30,5,5
1655,1656,3,10,1,2,8,15,3,10,20,15,1,2,7,20,1,5
2753,2754,15,30,3,2,8,20,1,2,7,15,3,5,20,10,1,5
1153,1154,15,10,1,10,8,20,1,10,7,10,1,5,20,10,1,5
7599,7600,15,20,1,10,5,15,3,10,7,10,5,5,20,30,1,5
4909,4910,15,30,1,5,12,15,3,10,7,25,5,5,7,10,5,10
7092,7093,3,30,3,5,8,15,1,10,20,10,3,10,7,30,3,5
7300,7301,15,30,5,10,5,20,3,5,15,10,5,10,15,10,5,10
684,685,3,10,5,10,8,15,1,2,7,25,3,10,7,20,5,2
3742,3743,8,20,3,5,5,10,5,5,20,10,1,10,15,20,3,10
3848,3849,8,30,5,2,8,15,5,5,20,10,5,2,7,20,3,5
6610,6611,3,20,1,10,8,10,5,5,7,10,1,5,20,20,1,5
6891,6892,8,20,3,5,12,10,5,2,20,10,3,10,20,30,1,2
2680,2681,3,10,1,2,8,10,3,10,20,15,3,2,7,30,5,2
2353,2354,3,30,1,10,8,10,1,10,20,10,3,10,7,10,1,5
7446,7447,8,20,3,10,12,15,3,5,20,25,1,5,7,10,1,2
1283,1284,3,10,5,2,5,10,3,2,15,10,5,2,7,30,3,10
2138,2139,3,20,1,10,12,20,3,2,15,25,1,5,20,20,5,2
6744,6745,15,30,5,10,8,10,5,10,20,15,3,10,20,30,5,10
6437,6438,15,30,3,10,5,15,1,2,7,10,5,5,15,20,5,5
6795,6796,15,10,5,2,12,10,3,5,20,10,1,2,7,10,5,5
3872,3873,15,10,1,10,5,10,5,10,15,15,3,5,7,10,3,2
6739,6740,15,30,5,2,5,10,5,10,15,15,3,2,20,30,3,5
156,157,8,20,3,2,8,20,1,5,7,15,3,2,15,20,1,5
3075,3076,15,10,5,5,5,15,1,2,20,25,3,5,15,30,1,5
954,955,3,10,5,10,8,15,5,10,20,10,1,5,15,30,5,2
1427,1428,8,20,3,5,12,10,5,5,15,15,1,2,7,30,3,5
3013,3014,8,20,1,10,8,10,3,2,15,10,1,10,20,20,5,5
6786,6787,3,30,5,10,12,10,3,5,15,10,1,5,7,10,3,2
4879,4880,8,10,1,5,12,20,5,10,15,15,3,10,20,10,1,10
1493,1494,3,30,1,10,8,15,1,2,15,10,3,5,15,10,3,10
4552,4553,3,30,1,5,8,20,1,2,7,10,1,2,15,20,5,5
5449,5450,3,10,1,2,5,15,5,10,15,15,1,2,20,10,5,10
3823,3824,8,30,3,10,8,10,5,2,7,10,1,5,15,10,5,5
4791,4792,15,30,3,5,12,15,3,2,7,10,3,10,15,10,5,5
5300,5301,15,30,3,10,12,20,1,2,15,10,3,10,15,30,5,5
110,111,3,10,5,5,8,20,1,10,7,15,1,10,15,20,5,2
2471,2472,3,20,1,10,12,15,3,2,20,10,3,2,7,30,5,10
4676,4677,8,30,5,5,12,20,5,10,7,10,1,5,20,20,5,2
5774,5775,8,30,3,2,5,10,1,2,20,25,5,5,15,10,3,10
5575,5576,8,10,5,2,8,10,3,5,7,25,5,10,20,20,1,2
3286,3287,3,30,5,5,12,15,1,5,20,10,5,2,7,20,3,5
1903,1904,8,30,5,2,5,10,3,2,20,10,3,10,20,20,1,10
666,667,3,10,5,10,8,10,3,2,20,15,3,10,15,20,5,2
3278,3279,3,10,5,5,8,10,5,5,7,25,3,5,15,10,1,10
3334,3335,15,30,5,2,8,10,3,5,15,10,1,10,15,20,1,10
1786,1787,3,20,3,2,5,10,1,5,20,25,3,10,7,10,1,5
5016,5017,8,30,5,2,12,10,5,10,20,15,1,10,20,10,1,5
3115,3116,3,20,5,5,5,10,5,10,7,15,3,5,15,30,5,5
3813,3814,8,10,1,5,12,15,3,5,15,15,1,10,7,10,5,10
4059,4060,8,30,5,5,12,20,5,5,20,10,3,10,7,30,1,10
3402,3403,8,20,1,10,5,20,5,2,15,10,1,10,15,30,3,10
890,891,8,10,1,2,5,15,3,5,20,25,1,10,15,20,3,2
5568,5569,8,30,3,5,5,10,1,5,20,10,5,2,15,20,5,2
5567,5568,15,20,1,2,5,10,5,5,15,10,1,2,20,20,5,10
2623,2624,3,20,5,2,8,10,5,2,7,10,1,2,20,20,5,10
6085,6086,8,30,1,10,12,10,1,10,15,10,1,5,20,10,3,10
815,816,15,10,3,5,5,15,5,10,20,25,1,2,7,10,1,10
5963,5964,8,20,3,10,12,10,1,2,7,15,3,5,20,10,1,10
6004,6005,3,10,3,2,5,15,1,5,7,25,5,2,15,10,5,2
956,957,15,20,5,5,8,20,3,2,20,15,1,2,15,10,5,5
4795,4796,8,30,1,5,8,10,3,2,15,10,5,2,20,10,1,10
3507,3508,15,10,1,2,12,20,3,10,7,10,1,10,15,30,5,2
2943,2944,8,20,3,10,5,15,1,5,7,15,1,5,20,20,3,2
4903,4904,3,30,1,10,8,20,5,10,7,15,3,10,15,10,5,5
6583,6584,8,10,3,2,12,20,3,10,7,10,5,5,7,10,3,5
2168,2169,3,30,1,2,12,20,5,10,20,10,1,5,7,30,5,2
6346,6347,8,20,5,2,5,15,1,5,7,10,1,5,7,10,5,10
6025,6026,3,30,5,10,12,20,5,10,15,25,1,5,20,20,1,5
5061,5062,3,10,3,10,8,20,1,5,20,25,5,5,20,20,3,10
6050,6051,15,10,5,5,8,10,5,10,20,10,3,10,20,30,3,10
1100,1101,3,20,5,2,12,15,5,10,20,10,5,2,20,20,1,2
3554,3555,3,30,1,2,8,15,3,2,15,25,1,5,7,30,5,10
189,190,8,10,3,2,12,10,5,2,7,25,1,5,7,10,3,2
7207,7208,3,20,3,10,12,10,5,5,15,25,3,2,15,10,5,5
6051,6052,15,30,1,2,5,15,1,2,7,25,5,5,15,10,3,2
2197,2198,3,30,5,2,5,15,5,10,20,25,3,10,15,10,1,10
2815,2816,8,10,1,10,12,15,3,2,7,15,5,5,15,30,5,10
450,451,3,30,1,10,12,10,5,5,7,10,3,10,7,10,1,2
2244,2245,3,30,1,5,5,10,5,2,15,15,3,10,7,20,1,10
1635,1636,3,20,3,2,5,15,1,10,20,10,1,2,20,10,5,10
3883,3884,3,10,5,10,12,20,3,10,20,25,3,5,20,10,3,10
5500,5501,3,10,5,5,5,15,5,5,7,15,1,5,7,30,3,5
509,510,8,10,3,2,5,15,3,5,20,15,3,2,15,10,5,5
2236,2237,3,30,1,5,8,20,5,2,20,15,3,2,20,20,5,2
1824,1825,15,10,1,2,8,20,3,5,15,15,1,2,20,10,3,5
24,25,0,0,0,0,0,0,0,0,0,0,0,0,0,0,0,0
1636,1637,3,30,1,2,12,15,3,5,7,25,1,10,15,30,5,10
2010,2011,15,10,5,2,5,20,3,5,15,25,3,2,15,30,3,2
1665,1666,8,30,5,10,12,10,3,2,7,15,1,2,20,30,3,10
5378,5379,3,30,1,2,12,15,5,10,15,25,1,5,20,30,3,10
162,163,3,30,3,2,5,10,1,10,7,10,5,5,15,10,3,2
4938,4939,3,30,3,2,5,20,5,10,15,10,3,2,20,10,3,5
1322,1323,15,30,5,2,8,10,1,2,15,25,1,10,7,20,5,5
7534,7535,8,20,5,5,5,10,5,5,7,15,1,5,7,10,5,2
1983,1984,8,30,1,2,5,20,1,10,15,25,3,10,20,30,1,10
1581,1582,15,10,3,2,5,20,3,10,15,15,3,10,20,20,1,10
6477,6478,15,30,5,2,8,20,3,2,20,15,3,2,15,10,1,2
1905,1906,8,10,3,10,12,10,1,5,15,15,5,5,15,20,1,2
3055,3056,3,20,1,2,8,20,5,2,15,10,3,5,15,10,5,10
5369,5370,15,10,1,10,8,10,3,5,15,25,5,5,20,10,1,5
1788,1789,3,20,1,10,5,15,3,10,7,15,5,2,7,10,1,10
2717,2718,15,20,5,5,12,20,5,2,7,15,3,5,20,10,3,2
6360,6361,15,10,1,5,12,20,1,5,7,25,3,10,20,30,5,10
6356,6357,8,30,5,5,5,10,5,5,20,25,1,10,20,20,1,10
1989,1990,3,30,3,2,5,10,5,5,7,15,1,10,15,10,5,2
4064,4065,15,10,5,10,8,15,1,5,20,25,5,5,15,10,3,10
636,637,8,20,3,2,8,20,5,10,7,25,5,10,20,10,5,10
2419,2420,15,20,1,5,5,15,3,2,20,10,1,2,7,10,3,5
2454,2455,3,20,5,5,12,15,1,5,7,10,5,5,15,20,1,5
3575,3576,8,30,5,10,8,20,1,2,7,10,5,10,20,20,3,5
5290,5291,8,30,3,10,8,15,3,5,7,10,3,2,15,20,5,5
3105,3106,8,10,3,5,8,20,3,2,20,10,3,5,15,10,5,10
1533,1534,3,20,5,5,5,10,5,2,7,25,5,2,20,30,3,2
1909,1910,8,10,3,2,12,20,1,10,15,25,5,5,20,20,5,2
2109,2110,15,30,3,2,12,20,3,5,7,25,3,5,20,30,1,10
5161,5162,15,30,3,5,8,20,1,5,15,15,1,5,15,30,5,5
3852,3853,3,30,1,2,5,20,1,5,15,25,3,5,7,20,3,5
6274,6275,3,10,1,10,5,20,1,5,7,10,1,5,15,10,5,2
2927,2928,15,20,3,10,5,20,3,5,20,10,5,2,15,30,3,10
7361,7362,15,30,1,10,12,20,5,5,7,25,1,5,7,10,5,10
798,799,15,10,5,10,8,20,3,10,7,25,5,2,15,20,3,10
5024,5025,3,10,5,5,5,15,1,5,15,10,5,10,15,30,5,5
7476,7477,8,20,5,2,5,15,3,2,15,15,1,10,7,10,1,5
795,796,15,30,5,2,12,10,5,5,20,25,5,10,15,10,1,2
3673,3674,3,30,3,2,8,10,3,5,15,15,5,10,15,20,3,10
1934,1935,3,20,3,5,8,15,5,5,15,15,1,10,20,20,3,10
4548,4549,8,30,5,2,8,10,1,2,15,15,5,2,7,10,5,10
2523,2524,3,30,3,5,12,15,1,5,15,10,1,10,7,30,1,2
4175,4176,3,30,5,5,8,20,5,10,20,15,1,10,15,20,5,2
244,245,3,10,5,10,12,20,5,5,7,25,5,10,15,30,5,5
1326,1327,15,10,5,2,5,15,5,5,15,25,5,2,7,30,1,2
2998,2999,15,20,3,5,5,15,1,10,20,15,1,10,20,30,3,10
3905,3906,15,30,3,10,12,20,3,2,20,25,1,5,15,20,1,10
62,63,8,30,3,10,5,15,3,10,7,15,5,10,20,10,5,10
6793,6794,3,20,1,10,12,20,3,2,7,10,1,5,15,10,1,5
3722,3723,3,30,3,5,8,10,1,2,7,10,1,2,15,20,1,10
5249,5250,15,10,5,2,5,20,1,10,15,10,5,5,20,30,1,5
5584,5585,15,20,3,2,5,15,5,2,20,25,5,5,15,10,3,10
976,977,8,10,5,10,8,10,3,5,15,10,1,2,7,10,3,5
5610,5611,3,30,5,2,5,20,3,5,7,10,5,2,7,10,3,2
5465,5466,3,20,1,10,5,10,3,10,20,25,3,10,15,10,3,10
496,497,15,30,3,10,12,10,5,5,20,15,3,5,20,30,3,2
874,875,3,30,3,2,12,20,3,10,20,25,3,2,20,30,3,5
1576,1577,8,30,1,2,5,20,1,5,7,25,5,2,7,30,3,5
4070,4071,8,30,3,5,5,15,5,5,15,25,1,2,7,30,1,10
4571,4572,8,10,3,10,8,10,5,2,7,25,1,5,20,20,5,10
858,859,3,10,3,2,8,20,1,10,15,10,3,2,7,30,1,2
5018,5019,15,20,5,5,8,20,1,2,7,10,5,2,7,30,3,5
4994,4995,3,30,3,2,12,10,3,10,20,10,3,2,7,30,5,5
902,903,15,30,1,10,12,20,3,2,20,15,3,2,20,20,5,10
4928,4929,3,30,1,5,12,10,3,10,20,10,1,5,7,10,3,10
6463,6464,8,20,1,10,12,20,1,5,20,15,5,2,15,10,3,5
5684,5685,8,20,5,2,5,15,1,10,15,25,1,5,20,10,3,2
2012,2013,15,30,3,5,8,15,1,2,7,15,3,10,7,30,1,2
6444,6445,8,30,5,2,8,10,5,2,15,25,3,10,15,10,5,2
3737,3738,8,10,1,2,5,10,3,5,15,10,1,2,20,10,1,5
1750,1751,8,20,3,2,12,10,5,2,20,25,5,5,7,30,3,2
7084,7085,8,20,5,10,8,10,5,2,15,25,1,2,15,20,3,2
920,921,3,30,3,10,5,20,5,2,15,15,5,10,15,30,1,2
6856,6857,8,20,1,2,5,10,1,2,7,25,5,2,7,30,5,5
5849,5850,3,20,5,10,5,10,3,10,20,15,3,2,20,10,3,5
1416,1417,15,30,3,5,12,20,3,5,7,10,3,2,15,30,5,5
2985,2986,3,20,1,5,12,20,1,2,15,10,5,2,20,30,5,2
5316,5317,8,10,3,2,5,20,5,10,15,15,5,10,15,20,5,5
7093,7094,15,10,5,2,12,20,3,2,7,15,1,5,15,10,3,5
3624,3625,15,20,1,2,5,10,3,10,7,25,3,10,20,10,3,2
6917,6918,8,30,3,5,8,15,3,10,15,25,1,5,7,30,3,5
5675,5676,15,10,3,2,12,10,1,5,7,15,1,5,20,20,5,10
86,87,15,30,1,10,12,20,3,10,15,15,3,2,15,10,1,2
4725,4726,15,10,1,5,5,20,1,2,15,10,3,5,7,20,3,10
6711,6712,8,20,5,5,12,10,5,10,15,15,1,5,15,10,5,2
3631,3632,8,20,1,5,5,15,3,2,20,15,3,10,15,30,5,10
7020,7021,8,10,3,2,12,15,3,2,15,15,1,2,7,30,1,2
535,536,15,20,1,10,5,10,5,2,15,10,1,2,7,10,5,5
6240,6241,8,30,3,5,12,15,5,10,20,10,5,2,20,30,1,2
5065,5066,3,10,3,5,12,20,5,2,15,15,3,5,20,30,5,10
3114,3115,8,20,1,5,8,15,3,2,20,15,1,5,15,30,3,5
4486,4487,3,20,1,5,5,10,1,10,15,15,3,5,7,30,3,2
2981,2982,3,10,3,5,8,15,1,10,15,10,5,5,15,10,1,10
5550,5551,3,20,1,5,8,15,1,10,20,25,3,10,20,10,5,2
4375,4376,8,30,3,2,5,10,1,2,7,25,1,10,7,20,1,5
2848,2849,3,10,1,10,8,15,1,2,20,25,1,5,20,10,3,10
3010,3011,3,30,1,10,8,10,5,5,15,15,5,2,20,10,5,2
2174,2175,8,30,1,2,12,10,1,5,7,15,5,5,7,10,3,2
1644,1645,8,10,3,10,5,20,5,5,20,15,1,10,20,10,5,2
224,225,8,10,5,5,5,15,3,5,20,25,3,2,20,10,5,2
3598,3599,15,30,3,5,5,10,5,10,20,10,3,10,15,30,1,5
2821,2822,3,10,5,2,12,15,3,10,15,25,3,10,15,30,3,10
7013,7014,3,10,1,5,5,15,3,5,7,25,1,10,15,30,5,2
6720,6721,15,20,3,2,5,20,5,10,20,10,1,2,20,30,1,10
6865,6866,8,10,1,5,8,10,1,5,7,15,3,2,15,10,3,5
4867,4868,8,10,1,10,12,20,5,5,20,15,1,5,7,10,5,10
2657,2658,8,20,1,10,12,20,3,5,7,10,5,2,15,30,3,2
7436,7437,8,30,5,5,12,15,1,2,7,25,3,10,15,20,1,10
945,946,15,30,1,10,5,20,1,5,20,10,1,10,20,10,5,10
6778,6779,15,10,3,10,12,20,5,2,20,10,5,10,15,10,3,10
4471,4472,15,20,1,10,12,15,1,2,20,25,1,2,20,10,1,10
6288,6289,3,10,5,10,8,15,1,2,15,15,1,2,20,10,3,10
3220,3221,15,10,1,10,5,15,1,2,20,15,1,2,20,20,5,5
5005,5006,3,20,3,2,12,15,3,2,15,25,1,2,15,30,3,10
6806,6807,3,30,1,2,8,20,1,10,7,10,3,10,7,20,3,5
6205,6206,15,30,1,5,5,20,3,5,20,25,5,5,20,30,3,10
2930,2931,8,30,3,5,8,20,5,5,7,15,5,5,15,10,1,5
1663,1664,8,10,1,10,5,15,1,10,20,15,5,5,20,20,1,5
6304,6305,15,30,3,5,5,20,1,2,20,15,3,5,20,20,1,2
5382,5383,8,10,5,5,5,15,3,5,7,10,1,2,20,30,5,10
1025,1026,8,30,5,5,8,20,1,2,7,10,1,2,15,10,3,10
600,601,3,10,3,2,12,10,1,5,15,10,3,5,7,20,5,5
5494,5495,15,20,3,10,8,15,5,5,15,25,5,2,15,20,1,2
311,312,15,30,3,10,12,10,3,2,20,25,5,2,20,30,3,10
6918,6919,8,30,3,2,12,10,3,2,20,10,1,5,7,30,1,2
7600,7601,3,10,1,2,12,20,3,10,7,10,1,10,7,30,5,2
3690,3691,8,20,1,10,5,20,3,5,20,15,3,10,15,20,1,10
7555,7556,15,20,1,2,12,10,3,2,20,10,5,5,7,30,1,10
7423,7424,8,20,3,2,5,10,5,2,15,25,3,2,7,30,5,5
3326,3327,15,10,5,2,5,15,3,10,15,15,1,10,15,20,5,2
1278,1279,15,10,3,10,5,15,1,5,7,25,3,10,15,30,1,2
2142,2143,3,10,5,5,8,10,5,5,15,10,1,10,7,10,5,5
2394,2395,8,10,5,5,5,10,3,10,15,15,5,2,15,30,3,2
5747,5748,15,10,3,5,12,20,1,2,15,10,3,5,7,20,5,10
5410,5411,3,10,5,10,12,20,1,10,7,15,3,2,7,10,3,2
2527,2528,8,20,5,5,8,15,5,2,15,25,5,5,7,30,1,2
6038,6039,8,20,5,5,5,10,5,2,7,25,5,2,20,20,5,10
6480,6481,8,30,5,2,5,20,3,5,20,25,1,10,15,30,3,5
6380,6381,8,30,1,2,12,20,3,5,7,15,3,10,20,20,5,10
3160,3161,15,10,3,5,8,10,5,2,7,25,5,10,7,10,5,5
1986,1987,3,20,3,10,8,15,3,2,20,15,3,5,7,30,3,2
1138,1139,15,20,3,2,8,10,3,10,20,25,5,2,20,10,5,2
115,116,3,30,5,10,12,15,1,5,20,10,3,10,15,20,1,2
5062,5063,8,30,3,5,8,20,1,5,7,10,3,10,15,20,5,5
6605,6606,3,30,1,2,12,20,5,10,20,25,3,10,20,30,5,5
2046,2047,8,30,1,5,5,20,3,10,20,15,1,5,15,20,3,2
3967,3968,3,10,3,10,8,10,5,5,20,15,3,10,20,20,3,2
3025,3026,8,20,3,2,5,10,1,10,7,15,5,2,20,10,5,2
6764,6765,8,20,3,10,8,10,1,2,20,15,1,5,20,10,5,5
2396,2397,15,20,5,5,5,15,3,10,20,15,3,10,7,30,1,10
5997,5998,15,30,1,10,12,15,5,5,15,15,3,2,7,10,5,5
3792,3793,3,10,5,2,12,20,3,10,20,25,5,5,15,10,5,5
2235,2236,8,30,3,5,5,15,3,10,20,15,3,2,7,20,5,2
5002,5003,15,20,1,5,5,15,3,10,7,25,1,2,7,30,5,2
7614,7615,3,10,5,2,12,10,3,2,7,25,1,2,7,30,3,5
1904,1905,15,20,5,2,12,10,3,10,20,10,3,5,7,30,5,10
3719,3720,15,20,3,2,5,20,5,10,20,15,3,2,15,10,3,5
2888,2889,8,20,3,10,12,20,5,10,20,15,5,5,7,20,1,10
1982,1983,3,20,5,10,5,15,1,5,15,25,3,5,20,30,5,5
2792,2793,8,30,5,10,5,10,3,5,15,25,1,10,20,20,3,10
3994,3995,8,10,1,2,5,10,1,5,15,15,3,10,15,10,1,10
4748,4749,3,20,3,10,5,15,5,2,7,10,3,2,20,10,1,5
6628,6629,15,30,5,2,8,10,3,10,20,10,5,2,20,30,1,2
1066,1067,3,10,5,2,8,15,3,2,7,15,1,2,20,20,5,10
4685,4686,15,10,1,5,12,20,5,2,15,15,5,10,15,20,1,2
3070,3071,8,20,3,2,12,10,1,5,20,15,5,2,20,10,3,2
5714,5715,3,30,1,2,12,20,3,10,7,25,3,5,15,30,1,5
7276,7277,15,10,3,10,8,20,1,5,15,15,5,10,7,30,1,2
2439,2440,3,10,5,2,12,10,3,2,20,10,3,5,15,30,1,5
5676,5677,8,20,3,5,5,15,3,2,20,10,5,10,20,20,5,5
3100,3101,3,30,1,2,5,15,3,10,20,25,5,5,15,20,5,2
4726,4727,8,20,1,10,12,15,5,5,15,25,5,10,15,10,5,2
3378,3379,8,10,1,2,5,20,1,2,15,10,1,10,20,20,1,10
5960,5961,8,30,5,5,5,20,1,10,20,25,3,2,20,20,1,2
2658,2659,15,10,1,2,8,20,5,5,15,10,3,5,7,30,5,2
4912,4913,15,30,5,10,12,20,5,10,15,15,3,10,20,20,5,2
6963,6964,8,20,3,10,12,20,1,2,7,10,5,10,20,20,1,2
2431,2432,15,20,3,10,5,15,5,10,15,10,3,2,7,20,1,5
257,258,3,10,3,5,5,15,3,2,15,10,3,2,15,10,1,2
6777,6778,15,10,5,2,5,15,3,2,7,15,5,2,15,10,1,2
4818,4819,15,20,5,2,12,10,3,2,15,15,5,10,20,20,5,5
4166,4167,3,30,1,10,12,10,5,10,15,10,1,10,20,30,1,10
3918,3919,15,10,3,10,8,15,1,2,15,15,1,5,7,10,1,5
6511,6512,3,30,5,5,5,20,1,5,20,10,5,2,7,10,3,10
3557,3558,8,10,5,5,5,10,3,5,7,10,3,5,15,20,3,10
5841,5842,15,30,1,5,12,10,3,2,15,15,1,5,7,20,5,2
1754,1755,15,20,5,2,12,20,1,5,15,15,1,10,7,20,1,5
2303,2304,8,20,1,5,5,15,1,5,15,10,5,2,7,20,1,10
6179,6180,3,10,1,10,12,10,5,5,7,10,5,2,15,10,3,5
3654,3655,3,30,1,2,8,20,1,10,7,15,3,2,7,10,1,2
7179,7180,15,30,1,10,8,10,3,2,7,15,5,2,7,20,3,10
1542,1543,3,20,3,2,5,20,5,5,20,10,1,2,7,20,1,2
7120,7121,8,10,5,5,8,10,1,2,20,10,3,5,7,30,1,2
4046,4047,15,20,1,5,8,15,3,2,20,10,1,5,20,20,3,5
243,244,3,20,1,10,5,10,3,5,20,25,1,2,20,30,3,5
5976,5977,15,10,3,10,12,20,5,10,15,25,5,10,20,10,5,5
2590,2591,15,10,3,10,8,15,3,5,20,15,5,10,20,20,3,10
7022,7023,8,20,3,5,8,10,3,2,15,15,1,10,15,30,5,5
3830,3831,15,30,3,10,12,20,1,5,15,15,3,10,20,30,3,10
829,830,15,20,5,2,12,10,1,10,20,25,5,10,7,30,5,2
3015,3016,15,20,1,5,5,20,5,2,15,10,3,5,20,20,1,10
5107,5108,8,30,5,5,5,10,3,10,20,10,5,2,20,20,5,5
4709,4710,8,20,3,2,12,20,1,5,7,25,5,10,15,20,5,10
4496,4497,3,20,5,2,12,10,3,10,15,15,3,5,15,30,5,2
1860,1861,8,10,3,5,8,15,5,10,20,25,1,5,15,20,5,10
2566,2567,15,10,1,2,12,15,1,2,20,10,1,10,7,30,5,2
1394,1395,3,30,1,5,5,15,1,5,20,15,3,2,15,30,1,10
7477,7478,8,10,3,5,8,15,3,10,7,15,3,10,20,30,1,2
4989,4990,3,20,3,5,5,15,3,5,15,10,5,5,7,20,3,5
6564,6565,15,20,3,5,5,15,3,5,15,10,3,2,20,30,1,2
3383,3384,3,30,3,2,12,10,5,10,15,15,3,10,15,20,3,10
2444,2445,8,20,3,5,5,10,1,10,7,25,5,10,15,30,1,5
3544,3545,8,20,5,5,12,10,3,2,15,10,3,2,20,30,3,10
4435,4436,15,30,5,10,8,10,3,10,20,25,1,5,20,10,3,5
4717,4718,15,10,3,2,5,20,3,2,15,15,1,5,20,30,5,2
2161,2162,15,30,5,10,8,15,5,2,20,10,5,10,7,20,3,2
5411,5412,8,20,3,10,8,10,5,5,20,15,5,2,20,10,1,10
6833,6834,15,30,5,10,5,20,3,10,20,25,5,5,15,20,5,5
3515,3516,3,30,3,10,12,20,1,2,20,25,5,5,7,30,3,5
1026,1027,15,20,1,10,5,10,1,5,20,15,5,5,7,30,3,10
6165,6166,8,20,5,10,5,20,1,5,20,15,1,2,20,30,5,5
3020,3021,3,10,3,5,12,10,3,10,20,15,5,2,15,10,3,10
3400,3401,3,20,5,5,8,10,5,5,7,10,1,10,7,10,1,2
2616,2617,3,30,3,10,8,10,1,5,20,10,3,2,20,30,1,10
5081,5082,15,30,5,5,12,20,1,10,20,15,1,5,15,20,3,2
7609,7610,8,10,1,10,12,10,1,10,15,10,1,5,15,20,1,5
7680,7681,3,10,1,2,5,10,5,2,15,15,3,10,20,10,5,5
7226,7227,3,10,5,5,12,20,3,2,15,25,3,2,20,30,5,2
5758,5759,15,30,3,5,8,20,5,2,15,10,1,2,7,10,5,5
6518,6519,3,30,3,5,5,10,3,2,20,25,3,5,15,20,3,10
7674,7675,15,20,5,2,12,20,3,2,20,25,5,2,20,10,3,10
5303,5304,3,20,3,10,12,20,3,10,15,15,3,2,15,20,1,5
6719,6720,8,30,3,10,5,10,1,5,20,15,3,10,20,10,3,5
1660,1661,8,10,3,10,8,10,5,10,20,15,5,10,20,10,3,10
4263,4264,3,20,3,5,12,15,3,2,20,25,1,10,20,30,5,5
165,166,3,20,3,5,12,10,1,10,15,15,1,2,7,20,1,5
3169,3170,3,30,5,2,5,15,1,10,20,15,3,10,7,10,3,2
3529,3530,3,20,5,5,5,20,1,10,7,25,1,2,20,30,1,2
3207,3208,3,30,1,10,5,20,3,10,20,10,5,5,20,10,1,2
4294,4295,3,20,5,5,12,15,1,5,7,15,3,10,20,20,5,10
107,108,3,20,3,2,8,15,1,2,15,25,3,10,20,30,5,10
529,530,8,20,1,5,8,15,1,2,20,10,3,5,20,30,3,5
7602,7603,8,20,3,2,12,10,3,5,15,15,1,2,20,20,1,5
3777,3778,15,20,3,10,8,20,1,2,7,10,3,10,20,30,1,2
3379,3380,3,10,3,2,8,20,5,5,15,10,1,10,7,20,3,2
94,95,15,10,5,5,5,15,3,10,20,25,3,5,20,20,1,10
406,407,15,30,1,10,5,15,1,5,15,10,5,2,20,20,5,5
1935,1936,15,30,1,10,12,15,3,5,15,15,3,5,20,20,5,5
6086,6087,8,10,3,2,12,15,1,10,15,15,1,5,20,30,1,2
3316,3317,3,30,3,10,12,10,1,2,20,10,3,2,20,20,1,2
6364,6365,8,30,1,2,12,15,3,5,15,10,5,2,7,10,3,2
2656,2657,3,20,5,10,12,15,3,10,7,15,5,2,20,20,1,2
5872,5873,8,30,1,2,5,15,1,5,15,10,1,5,20,10,5,2
3200,3201,15,10,1,2,5,15,3,2,15,10,5,10,15,10,5,2
5370,5371,8,20,5,2,12,20,3,10,15,25,5,10,15,20,1,10
6433,6434,15,20,3,10,8,15,5,10,20,15,1,10,20,30,5,10
2176,2177,15,10,5,10,8,10,3,10,7,25,5,2,20,10,1,10
3917,3918,3,20,1,2,12,15,1,2,20,10,3,2,20,30,5,5
4012,4013,15,30,5,10,8,10,3,2,7,10,5,5,15,20,5,10
5185,5186,15,20,3,10,12,15,3,2,20,25,3,10,20,30,5,10
460,461,15,30,3,2,5,20,1,2,20,15,5,10,7,30,5,10
3283,3284,8,10,5,10,12,20,3,2,15,25,1,10,15,30,1,2
828,829,3,20,1,2,12,15,3,2,7,25,1,5,20,20,3,2
6748,6749,3,20,5,2,12,20,1,10,7,15,5,10,20,10,5,5
6641,6642,15,30,1,5,5,15,3,5,7,25,3,2,15,20,5,5
4887,4888,3,10,1,10,12,20,1,10,20,25,3,10,15,10,3,10
2132,2133,15,10,5,10,5,15,3,5,15,25,5,5,15,10,1,10
4577,4578,15,30,1,10,5,15,3,2,7,25,5,2,7,10,1,5
6849,6850,3,20,1,2,12,15,3,10,20,10,5,5,7,30,1,10
378,379,15,30,5,2,12,20,3,2,20,15,1,2,7,20,3,10
5972,5973,15,30,5,10,5,20,3,10,7,10,5,5,7,20,3,10
109,110,15,30,5,5,8,20,5,2,15,25,3,10,20,30,3,5
755,756,8,20,5,10,12,20,3,10,15,25,3,2,15,30,3,2
3789,3790,3,10,5,2,5,15,5,10,15,15,1,2,20,30,1,5
7208,7209,3,30,3,5,8,20,3,2,15,10,1,5,15,30,5,5
7638,7639,3,30,3,5,8,20,1,2,7,10,3,2,20,30,3,2
574,575,15,10,1,10,5,15,1,2,7,15,5,5,20,20,1,2
2994,2995,8,30,5,5,12,15,1,2,15,25,1,2,20,30,5,10
3285,3286,3,10,1,10,5,10,5,2,7,25,1,10,15,30,1,2
3516,3517,15,20,5,5,5,15,5,10,20,15,1,2,20,10,3,5
6906,6907,15,20,3,2,12,10,3,10,7,15,5,5,7,30,3,10
4847,4848,15,10,3,2,12,15,5,5,7,15,1,5,20,20,5,10
6224,6225,3,10,1,2,12,10,5,5,15,25,1,2,20,30,3,10
4508,4509,15,20,1,5,5,20,5,5,15,15,1,2,15,20,1,5
5409,5410,8,10,3,5,5,15,5,2,7,25,3,2,15,10,3,10
1896,1897,8,10,3,10,5,20,1,2,7,15,1,10,7,20,5,10
4658,4659,8,30,5,5,5,10,1,10,15,10,5,10,15,30,1,10
6622,6623,8,20,1,2,12,10,1,5,7,15,5,2,15,10,5,2
5764,5765,3,10,5,10,5,15,3,5,15,25,5,10,7,20,5,5
6016,6017,3,20,5,5,8,10,1,2,20,15,1,2,7,30,3,2
1642,1643,3,10,5,10,8,15,1,5,15,25,1,2,7,10,1,2
557,558,8,10,1,2,8,20,3,5,20,10,5,10,7,20,1,2
4931,4932,3,10,1,2,12,15,5,10,20,25,3,2,20,20,5,2
3469,3470,8,30,5,10,5,15,1,5,15,25,1,2,7,30,1,5
4614,4615,8,20,1,5,12,20,5,10,15,15,1,2,7,30,3,5
2552,2553,15,20,5,2,8,15,1,10,7,10,1,10,7,10,3,5
758,759,15,20,5,10,5,15,3,2,7,25,1,2,20,30,1,10
2833,2834,3,20,5,10,12,10,5,10,20,15,5,10,20,20,5,10
1132,1133,8,20,5,2,5,15,3,5,15,10,1,2,7,10,3,5
7475,7476,8,10,5,5,12,15,1,10,7,10,5,5,7,20,1,10
4927,4928,15,20,1,10,8,15,3,2,7,25,5,2,7,10,5,2
2855,2856,15,20,1,2,8,10,1,10,15,10,3,2,15,30,3,10
6273,6274,3,10,1,2,12,20,1,2,15,25,3,2,7,30,3,2
4235,4236,8,20,3,10,12,10,5,5,20,25,1,10,20,10,5,10
5355,5356,15,10,5,2,8,20,5,2,7,10,3,5,15,10,3,10
3101,3102,8,10,1,2,5,15,5,2,7,10,5,5,7,30,1,2
3743,3744,8,20,1,10,8,15,1,10,20,25,3,10,15,30,3,2
2604,2605,8,10,1,2,12,10,5,5,20,25,5,10,15,30,1,10
2404,2405,3,10,5,10,5,10,5,10,20,15,1,5,20,30,3,10
2333,2334,15,20,3,10,12,0,3,2,7,10,1,10,20,10,1,10
4319,4320,3,30,3,10,5,15,1,10,15,15,3,10,15,10,5,2
1950,1951,8,10,1,2,12,15,5,2,15,25,3,5,15,20,5,2
2723,2724,8,20,3,5,8,10,5,5,15,10,5,5,7,30,5,5
1936,1937,15,30,1,2,12,15,1,5,15,15,5,2,20,10,3,10
5219,5220,15,20,1,5,12,10,1,10,15,15,1,2,15,20,5,10
5769,5770,8,10,1,5,8,20,3,5,7,15,1,2,7,30,1,5
3489,3490,15,20,3,10,5,15,1,2,7,10,3,5,7,30,5,2
1006,1007,8,10,1,5,8,10,3,5,15,25,5,10,20,20,5,5
6345,6346,8,20,5,2,12,10,3,5,15,25,3,5,7,30,5,5
4505,4506,15,20,5,10,8,15,1,5,20,10,5,5,7,20,5,2
5306,5307,15,20,3,10,5,15,5,10,15,15,5,10,20,20,3,10
2045,2046,8,20,1,2,5,20,1,5,7,25,5,2,15,30,1,5
5108,5109,15,10,3,2,12,10,3,2,15,25,5,10,20,10,5,2
2473,2474,15,20,5,5,8,10,5,5,15,10,5,10,20,20,3,5
3436,3437,3,30,5,10,12,10,5,10,20,15,3,5,15,20,1,5
2933,2934,15,20,3,10,8,20,3,5,20,10,3,2,15,10,1,10
4078,4079,3,20,1,5,12,20,3,5,7,25,3,2,20,10,3,10
3496,3497,15,10,1,2,12,20,1,5,15,25,5,5,20,30,5,10
5725,5726,15,20,3,2,12,10,1,10,7,25,1,10,20,30,3,5
2214,2215,8,20,5,2,8,15,3,2,20,25,5,10,15,10,3,2
5111,5112,3,20,3,2,8,20,1,2,20,15,1,10,15,10,3,2
4086,4087,3,20,1,5,8,15,1,5,15,25,1,10,20,30,1,10
1687,1688,3,30,3,10,8,20,5,5,7,25,5,2,7,30,3,10
5414,5415,15,10,1,10,5,10,5,5,15,10,1,10,15,10,3,5
2180,2181,8,20,1,10,8,10,1,5,15,25,5,5,15,20,1,2
2991,2992,8,20,3,10,5,15,1,10,7,25,3,2,20,10,1,10
3829,3830,8,20,1,2,8,15,1,2,20,15,5,2,20,10,1,5
5825,5826,15,10,3,2,8,10,5,2,7,25,3,10,20,10,1,2
5759,5760,8,30,1,10,8,10,1,10,20,25,3,2,15,30,1,2
3156,3157,3,30,5,5,8,15,3,2,15,15,3,2,15,20,3,2
6080,6081,15,30,5,2,8,10,1,5,7,25,5,2,20,20,5,10
6931,6932,8,30,5,5,12,20,5,10,7,15,5,2,7,30,3,2
2255,2256,8,10,1,2,5,15,5,5,20,15,3,5,7,20,3,5
1696,1697,15,30,3,10,12,10,3,5,20,15,3,10,7,20,5,10
5604,5605,8,20,3,2,8,15,5,2,7,25,3,10,7,30,1,2
4074,4075,15,30,3,5,8,15,5,5,15,10,3,10,7,10,3,5
5591,5592,15,10,1,10,12,10,5,5,20,15,1,10,7,20,3,2
1520,1521,3,10,1,5,12,15,5,10,15,10,1,10,15,10,3,2
6495,6496,15,10,3,2,12,10,1,10,20,25,5,10,15,20,5,5
4605,4606,3,20,1,5,8,15,3,2,20,10,1,10,15,10,3,5
2171,2172,15,30,3,2,8,10,1,5,20,15,3,5,7,20,5,5
7291,7292,15,30,5,2,12,20,5,2,7,10,5,5,20,10,1,2
2691,2692,3,20,1,5,5,20,5,5,20,10,1,10,20,30,1,5
507,508,8,30,5,2,12,15,5,5,15,15,5,5,20,30,3,2
280,281,15,20,5,2,5,15,1,2,7,15,5,2,20,20,1,5
4807,4808,3,10,3,10,8,15,1,2,20,25,3,10,15,10,1,5
6604,6605,8,30,5,2,5,15,1,5,20,10,3,10,15,30,5,10
5172,5173,15,20,3,5,8,15,5,5,7,10,3,10,7,20,1,5
3875,3876,15,20,5,2,5,15,5,5,20,25,3,2,20,30,5,2
4041,4042,3,30,5,5,12,20,5,5,20,10,5,2,15,10,3,10
323,324,3,30,5,10,8,15,5,5,20,25,3,2,20,10,5,2
1589,1590,3,10,1,2,5,10,5,2,20,15,1,5,20,10,1,2
4192,4193,3,30,5,10,8,15,3,10,15,25,1,10,7,10,3,5
2327,2328,3,20,3,2,12,10,1,5,7,10,3,2,15,30,1,10
1526,1527,8,10,5,2,12,10,3,10,20,25,3,2,7,10,3,5
2126,2127,8,30,5,10,5,20,5,10,15,15,5,10,15,10,1,2
4640,4641,3,30,3,5,5,15,3,10,20,15,1,5,15,20,3,5
742,743,3,20,3,2,5,15,3,5,20,10,3,2,7,20,1,5
6211,6212,8,20,3,5,12,20,1,5,7,10,5,2,15,20,1,10
4546,4547,8,10,5,2,5,20,1,10,15,15,3,5,15,10,1,10
2310,2311,3,30,5,2,8,10,1,2,7,15,1,2,7,30,1,2
2839,2840,15,20,3,5,5,20,3,2,7,25,1,2,7,10,3,2
2458,2459,3,20,5,10,5,15,3,5,7,10,3,2,7,20,3,10
2208,2209,15,10,3,5,12,15,5,10,20,15,1,2,20,20,3,10
3451,3452,3,30,5,5,5,10,3,5,20,10,1,10,20,30,3,2
3335,3336,8,20,5,5,5,10,5,5,7,10,1,10,20,20,1,2
6728,6729,8,10,1,2,5,20,1,10,15,15,5,2,20,10,3,5
686,687,8,30,5,5,5,10,5,10,15,25,5,2,7,10,3,5
1865,1866,15,10,3,5,12,10,1,10,15,15,5,10,7,30,1,2
6310,6311,3,30,1,5,12,20,5,5,20,25,5,5,7,20,3,2
1887,1888,3,10,5,5,12,15,3,2,20,25,3,2,20,20,5,10
4530,4531,15,10,5,10,5,20,3,2,7,10,1,10,7,10,5,10
6562,6563,15,20,5,10,8,15,3,2,15,25,5,2,15,10,3,10
384,385,15,10,1,10,5,10,3,10,20,10,1,10,15,20,5,5
2496,2497,3,20,1,2,8,10,5,2,20,25,3,5,15,20,5,5
6174,6175,3,10,3,2,8,10,5,2,15,25,3,2,20,20,1,2
2448,2449,8,10,1,2,5,10,1,2,15,10,3,10,20,10,1,10
1658,1659,8,20,3,5,5,10,1,10,15,10,5,5,15,30,1,2
3710,3711,8,30,3,2,12,10,5,2,20,10,1,5,20,10,5,5
1125,1126,8,10,1,2,12,15,1,2,7,15,3,2,20,10,5,10
6533,6534,15,10,3,2,8,10,3,10,20,10,5,2,15,20,3,10
4715,4716,8,10,1,10,12,20,3,10,20,15,1,5,7,30,5,10
149,150,3,10,5,10,8,20,5,10,20,15,1,2,15,30,3,5
6829,6830,8,20,1,5,8,10,3,2,15,15,1,2,20,20,1,10
1522,1523,8,20,1,10,5,20,3,5,20,25,1,10,15,30,3,10
357,358,15,20,1,2,8,20,3,5,7,25,5,10,15,10,5,5
2433,2434,15,10,1,2,8,15,3,10,7,25,3,10,15,20,3,2
4743,4744,15,20,3,5,12,20,5,10,15,25,3,5,20,20,3,5
3279,3280,15,30,5,2,8,10,5,10,15,15,5,2,20,20,3,10
4524,4525,15,10,1,10,12,15,5,5,20,25,3,2,7,20,1,5
5366,5367,8,30,1,2,12,20,3,2,15,25,3,5,15,30,5,5
3563,3564,3,20,5,2,5,20,5,5,7,25,5,2,15,10,1,5
6523,6524,15,20,3,5,12,10,3,5,7,15,3,10,7,20,3,10
1721,1722,3,30,1,10,8,10,1,2,7,15,3,2,15,10,5,5
2486,2487,15,20,1,2,8,20,5,10,20,25,5,5,15,10,3,2
5113,5114,8,20,5,5,8,20,1,10,7,10,1,5,20,30,1,10
5257,5258,3,30,3,10,5,10,5,10,15,25,1,10,7,30,1,2
7650,7651,3,10,1,10,12,15,5,10,15,15,3,5,15,30,5,5
2172,2173,8,30,5,10,8,10,1,5,7,15,1,2,15,30,3,2
1378,1379,8,10,5,2,5,10,1,10,20,25,1,5,20,10,1,10
27,28,0,0,0,0,0,0,0,0,0,0,0,0,0,0,0,0
781,782,8,10,1,10,8,20,5,5,15,10,3,5,20,30,1,5
5711,5712,3,20,1,5,12,10,1,10,7,15,3,10,20,20,3,5
567,568,15,10,5,5,8,15,3,2,15,15,1,10,15,30,5,2
950,951,3,10,5,5,5,10,1,2,7,10,3,2,7,10,5,10
5025,5026,8,20,5,2,8,10,5,10,7,15,1,10,15,30,5,5
1211,1212,15,20,1,2,5,10,5,10,15,15,5,2,7,10,3,10
3568,3569,15,30,3,10,8,15,5,5,15,10,5,2,20,30,5,5
5235,5236,15,20,5,5,12,20,3,2,15,10,3,2,15,30,5,2
2209,2210,3,20,5,2,5,20,1,10,7,15,1,10,20,30,1,5
6696,6697,8,20,5,10,12,10,3,10,15,10,5,2,7,20,5,5
6893,6894,3,30,1,10,8,10,1,10,7,10,1,2,7,20,5,10
2923,2924,15,30,3,10,5,20,1,10,15,25,3,5,7,20,5,10
190,191,15,20,3,5,5,10,1,2,20,25,5,10,7,10,1,10
1014,1015,15,10,3,5,12,10,5,2,20,15,1,2,20,10,3,10
4203,4204,15,10,5,10,8,10,3,5,7,10,5,5,20,10,3,2
819,820,15,10,3,5,5,15,1,5,15,25,1,5,15,30,5,5
131,132,8,20,5,2,8,20,5,10,7,25,1,5,20,20,1,5
6677,6678,8,30,5,2,5,20,5,5,20,10,5,10,7,20,1,5
1797,1798,15,10,5,5,12,10,1,2,20,25,3,10,7,10,5,2
6081,6082,15,20,1,10,8,15,3,10,20,10,3,2,7,20,3,2
7023,7024,15,30,5,5,8,10,1,5,7,25,3,5,20,20,1,10
3356,3357,3,10,3,5,8,10,1,5,15,25,1,5,7,30,5,2
7213,7214,8,10,5,5,5,20,5,2,20,25,1,10,15,10,3,2
1410,1411,15,30,1,10,8,10,5,2,15,15,1,10,15,30,1,2
3599,3600,3,10,5,10,5,10,3,5,20,15,3,2,7,10,3,2
675,676,3,10,1,10,8,10,3,5,20,15,3,5,15,30,1,2
2820,2821,8,20,5,10,12,10,3,5,7,15,3,2,15,10,3,5
745,746,3,20,5,10,5,20,5,10,15,25,3,5,7,10,3,10
5808,5809,3,20,1,2,5,20,3,10,15,10,3,5,7,20,1,5
5680,5681,15,20,3,2,5,20,5,5,15,15,5,10,15,20,1,10
7428,7429,8,10,5,2,8,15,1,2,7,10,3,10,15,20,5,2
1433,1434,15,20,3,10,8,15,1,5,20,10,1,5,20,30,1,5
6287,6288,15,10,3,5,5,20,5,2,20,25,1,5,20,20,5,10
4157,4158,8,30,1,2,5,10,5,5,7,25,3,5,7,20,1,2
7400,7401,3,30,3,10,8,10,3,10,15,25,3,5,7,10,5,5
5422,5423,3,10,1,5,12,15,5,10,20,10,3,5,15,20,1,10
3467,3468,15,30,1,5,12,15,1,5,15,25,3,10,20,30,1,5
1881,1882,8,10,1,10,5,10,5,10,20,25,3,5,15,30,5,10
3686,3687,8,30,3,10,8,20,3,5,20,10,5,2,20,20,3,2
251,252,15,10,3,10,8,20,3,5,7,15,3,2,15,20,5,5
4357,4358,15,20,5,10,8,10,1,2,7,25,3,2,20,20,3,2
809,810,3,20,5,10,8,15,1,2,15,10,5,10,20,10,1,5
1133,1134,3,10,1,10,12,10,3,5,20,25,1,10,15,20,1,5
4551,4552,15,20,3,2,5,20,1,10,20,25,1,5,7,20,5,5
941,942,15,30,5,2,5,20,3,10,15,25,3,5,15,10,1,5
5253,5254,8,20,1,5,5,15,1,10,15,25,1,2,20,30,5,10
5390,5391,8,20,1,10,8,20,1,5,20,10,3,5,20,10,5,10
3845,3846,15,30,1,10,12,15,5,5,7,15,5,10,15,10,5,5
2504,2505,8,20,3,10,12,10,5,10,15,25,1,5,15,10,5,10
4261,4262,15,20,3,10,8,10,3,10,15,25,1,10,7,20,5,2
4558,4559,3,20,3,5,8,15,5,5,7,15,1,10,7,30,3,5
1603,1604,15,10,3,10,12,20,1,2,15,10,5,2,7,20,5,5
7391,7392,15,20,1,5,8,20,1,5,7,15,5,10,20,10,5,10
483,484,3,10,3,5,8,10,3,5,7,15,5,10,7,10,3,10
7656,7657,3,10,3,10,5,10,5,2,15,15,3,2,15,10,5,5
5506,5507,8,10,3,10,12,15,5,10,15,25,1,5,15,30,1,10
565,566,15,10,5,10,12,15,3,10,7,15,3,10,7,30,3,10
641,642,8,20,5,10,12,15,1,2,20,15,5,10,7,10,1,5
4980,4981,15,20,5,2,12,10,1,5,15,15,1,5,15,20,5,10
1491,1492,3,30,5,2,8,20,3,10,15,15,3,5,7,10,1,5
2489,2490,8,10,5,10,8,15,3,5,20,15,1,2,20,30,3,2
7104,7105,3,10,1,2,5,20,1,10,7,10,3,2,7,20,5,5
386,387,3,10,3,2,5,10,1,10,7,10,3,10,7,20,5,10
6674,6675,8,10,3,10,5,20,5,2,7,10,1,5,7,20,3,5
6092,6093,15,10,5,10,8,20,5,2,20,25,3,10,7,10,1,5
2229,2230,8,20,5,10,12,10,3,10,20,15,5,2,20,10,3,10
1606,1607,15,30,3,2,8,10,1,2,7,10,5,5,20,20,3,10
4882,4883,8,20,5,5,5,10,5,2,20,15,5,10,7,30,3,5
6309,6310,15,30,1,10,12,15,3,10,20,25,1,10,15,20,1,5
6916,6917,3,30,5,10,12,15,1,2,15,10,5,10,7,20,5,10
3658,3659,15,20,3,2,8,15,3,5,20,25,1,2,20,30,3,10
5371,5372,3,20,1,5,12,20,5,10,20,10,3,2,15,20,3,5
5946,5947,15,30,3,5,5,10,5,5,7,25,3,2,7,10,5,10
1008,1009,8,10,3,5,12,20,5,10,15,15,5,2,20,30,3,5
1212,1213,8,20,3,2,8,20,5,5,7,15,5,5,15,20,5,2
2043,2044,15,30,3,2,8,10,3,5,15,25,1,5,20,30,3,2
5478,5479,3,20,3,10,5,15,1,5,15,10,5,2,20,10,3,10
4562,4563,8,30,5,2,8,10,5,2,15,25,1,2,20,10,3,5
6488,6489,8,10,3,10,12,10,3,2,20,10,3,10,20,20,1,10
7103,7104,8,30,1,2,8,20,1,2,7,25,5,2,20,30,3,2
3277,3278,3,30,5,10,5,10,5,2,15,15,1,2,20,30,3,10
4550,4551,3,10,3,2,8,15,1,10,7,15,5,5,7,20,1,2
4609,4610,15,30,5,5,5,15,3,2,15,25,5,5,7,30,1,10
2956,2957,3,30,1,10,8,10,1,5,7,10,1,5,20,30,1,5
3090,3091,3,20,5,5,12,15,3,2,15,25,3,2,20,20,1,10
3839,3840,3,30,5,2,5,15,1,5,15,25,1,2,15,20,3,5
2592,2593,15,20,1,10,8,15,5,10,20,25,1,5,20,20,1,2
7027,7028,8,20,5,2,8,10,3,5,7,25,5,2,7,30,1,2
6068,6069,8,30,5,10,5,15,3,2,20,25,1,5,20,30,3,2
5502,5503,15,10,5,10,12,10,1,10,15,10,3,10,20,30,5,2
2428,2429,3,10,1,10,5,15,3,5,7,10,5,5,20,10,3,2
5782,5783,3,30,3,10,12,15,1,2,20,10,1,5,15,20,1,5
4057,4058,15,30,5,10,5,10,1,5,7,15,1,10,20,30,3,10
5928,5929,3,10,3,2,5,10,1,5,15,10,5,2,15,20,5,2
2393,2394,3,20,5,2,12,10,1,10,20,25,3,2,20,20,1,10
2334,2335,15,30,5,10,8,10,1,2,15,25,3,5,15,10,5,10
1532,1533,3,20,1,5,12,15,5,2,15,15,5,10,7,20,5,10
5670,5671,8,20,5,10,8,10,5,10,7,25,5,2,15,10,5,2
2242,2243,8,30,1,10,8,10,1,10,20,25,3,5,7,10,3,2
400,401,15,30,5,2,5,10,5,5,20,15,1,2,7,30,3,5
2463,2464,3,20,3,10,12,20,3,10,7,15,1,5,7,20,3,10
4810,4811,8,10,1,10,8,20,5,5,15,25,1,2,15,10,5,2
2788,2789,15,30,5,5,5,20,1,2,20,25,1,5,20,30,5,10
3016,3017,3,30,5,2,12,20,3,5,7,10,3,2,20,30,3,2
91,92,8,20,3,5,5,15,1,2,7,15,3,10,15,20,5,2
3258,3259,15,20,3,5,5,10,5,5,7,25,1,2,7,30,1,2
5141,5142,8,30,3,5,12,15,3,10,15,25,1,5,20,30,5,5
6018,6019,8,20,1,5,5,15,3,10,15,10,5,2,15,20,1,5
498,499,3,20,1,10,8,15,5,5,7,10,3,2,7,10,3,2
1593,1594,15,10,3,2,8,10,3,5,7,25,5,2,7,30,3,5
2533,2534,15,10,1,5,8,15,5,10,20,25,5,2,20,20,5,5
3201,3202,8,30,3,10,8,15,1,2,7,15,1,5,7,10,5,5
56,57,8,20,5,10,8,10,5,2,15,10,3,10,20,30,1,2
26,27,0,0,0,0,0,0,0,0,0,0,0,0,0,0,0,0
4595,4596,8,10,1,2,5,15,3,5,7,10,1,5,15,30,5,2
4065,4066,8,30,5,5,8,20,5,2,20,25,5,10,15,20,3,5
3261,3262,15,20,1,5,8,20,3,5,20,15,1,10,20,20,3,10
3798,3799,8,10,3,2,12,15,1,5,7,10,1,2,20,30,3,10
4901,4902,15,20,5,2,12,15,3,10,20,15,3,5,7,10,1,2
411,412,15,10,3,2,5,20,5,5,7,15,3,2,15,30,5,2
4674,4675,8,20,1,5,8,15,5,5,20,10,3,5,20,20,3,10
133,134,8,30,1,10,8,15,1,10,7,15,5,5,7,20,3,5
826,827,3,20,1,10,5,10,5,5,20,10,3,10,15,30,5,2
7284,7285,15,30,1,5,12,15,3,10,7,25,1,10,20,20,1,2
6458,6459,3,10,1,2,12,20,3,10,20,10,3,2,15,20,3,2
5403,5404,8,30,5,5,8,15,5,2,20,10,3,10,20,30,3,10
2056,2057,3,30,5,10,5,20,1,10,7,10,1,10,20,10,5,2
4911,4912,15,10,1,2,8,10,5,2,20,15,1,5,15,10,5,10
2609,2610,8,10,5,10,8,10,5,2,7,10,5,5,7,20,3,5
5913,5914,15,30,5,5,12,15,5,2,20,25,5,5,7,20,1,2
1762,1763,8,20,3,10,12,10,5,10,20,10,1,10,15,30,1,5
6199,6200,15,30,3,2,5,20,5,5,15,15,1,5,7,20,1,2
1316,1317,15,30,1,10,12,10,3,5,20,15,1,5,7,10,1,2
3656,3657,3,20,5,10,12,20,1,5,7,15,5,2,20,20,5,10
2766,2767,3,20,3,10,5,15,5,10,7,25,3,2,7,10,5,5
7167,7168,3,10,1,10,12,20,1,2,15,25,1,2,7,20,5,5
3369,3370,15,30,5,5,8,20,5,2,15,25,5,5,7,30,5,5
7560,7561,15,20,5,5,8,10,5,5,15,25,3,2,7,10,3,10
3368,3369,15,10,5,5,8,10,3,5,20,15,1,10,15,30,1,5
777,778,3,10,5,2,12,10,1,10,20,15,5,5,20,30,1,2
7114,7115,15,30,1,2,5,10,1,2,7,10,5,10,15,10,3,5
6512,6513,3,30,5,5,12,20,5,10,15,25,3,2,20,20,3,5
1222,1223,3,20,3,2,8,15,1,2,20,10,5,2,7,20,1,2
1688,1689,15,10,1,10,5,20,3,10,15,15,3,10,15,20,3,10
4761,4762,3,10,5,2,5,15,1,5,15,10,5,5,7,30,3,10
1952,1953,3,20,1,10,8,10,5,2,7,15,3,2,7,30,3,10
866,867,15,10,3,5,8,15,3,2,7,10,5,2,20,10,5,5
2390,2391,8,20,3,10,5,15,5,2,15,10,1,2,15,30,5,5
2435,2436,8,10,3,5,12,20,3,10,7,10,5,5,15,10,3,10
734,735,15,20,5,2,8,15,1,10,20,10,1,2,20,30,5,2
7626,7627,15,20,5,10,5,15,3,2,7,10,1,2,15,10,5,10
1833,1834,3,20,3,5,8,10,5,5,20,25,1,10,20,10,3,5
1878,1879,3,30,1,2,5,20,5,10,7,25,1,5,15,20,5,10
6130,6131,8,20,5,10,12,15,1,2,7,15,5,2,20,30,1,10
3208,3209,8,20,1,10,5,15,1,10,7,10,5,5,20,20,5,10
2608,2609,3,20,1,5,8,10,1,5,20,15,1,10,7,30,5,5
1602,1603,3,30,3,5,5,20,3,10,15,15,1,2,20,20,3,5
1925,1926,3,20,5,10,5,10,1,5,15,15,5,10,15,20,1,5
6217,6218,3,10,5,10,12,10,3,2,20,15,3,10,15,20,5,2
5732,5733,15,10,5,10,5,15,5,5,7,15,5,2,20,30,1,10
4187,4188,3,10,5,5,8,15,1,2,15,25,3,10,20,30,3,5
5659,5660,8,30,5,2,5,15,5,5,20,25,3,2,15,10,1,10
1624,1625,8,20,5,10,5,10,3,10,7,15,1,10,7,10,5,2
6591,6592,3,10,3,5,12,20,1,2,7,25,1,5,15,30,1,10
2324,2325,15,20,3,10,12,10,1,10,7,10,1,2,7,30,3,5
7455,7456,3,10,1,10,5,10,1,5,7,25,5,5,15,20,1,5
3990,3991,15,10,3,5,8,10,3,10,7,15,5,2,15,20,3,2
2925,2926,8,30,1,10,8,20,5,5,7,25,3,2,20,30,3,10
6926,6927,8,30,1,5,8,15,1,10,20,15,1,10,15,20,3,5
1406,1407,3,20,5,5,8,20,3,2,7,25,1,10,20,10,5,2
6970,6971,3,10,3,10,5,10,3,5,20,25,1,5,7,20,3,5
7684,7685,3,20,3,5,8,10,5,10,15,15,1,5,7,10,5,5
2417,2418,8,10,3,5,12,20,1,2,20,25,1,10,15,20,1,10
3667,3668,15,30,5,2,8,15,1,10,20,10,1,5,20,20,1,10
4944,4945,15,20,3,10,8,15,5,5,20,25,5,10,15,30,5,5
664,665,15,30,3,2,8,20,3,10,7,10,1,5,15,30,5,2
938,939,8,10,1,2,12,20,1,2,7,15,1,2,7,10,3,2
6930,6931,8,30,1,10,5,15,5,2,20,25,5,5,20,10,5,5
782,783,8,30,1,10,8,20,3,10,20,15,3,5,20,20,1,5
4127,4128,15,20,1,2,5,20,5,2,15,25,5,5,15,10,1,10
1329,1330,3,20,5,5,5,15,5,2,7,10,1,10,15,20,5,5
5246,5247,8,10,1,5,12,15,5,5,7,15,3,2,15,20,1,10
2509,2510,8,30,3,10,8,10,3,10,7,10,3,5,7,30,3,2
2440,2441,15,20,5,2,8,10,5,5,20,25,3,2,7,30,5,5
1855,1856,3,10,5,10,8,15,5,5,20,15,3,5,7,30,3,2
2146,2147,8,20,3,10,5,10,5,10,7,10,5,2,20,20,1,10
6717,6718,15,20,5,10,5,20,5,10,7,25,5,2,7,30,3,2
2198,2199,3,20,3,10,12,15,3,10,20,10,5,5,20,30,5,5
4832,4833,15,10,3,2,5,15,3,10,7,15,3,2,15,10,3,2
791,792,3,30,3,5,12,10,1,5,7,25,5,10,20,30,5,10
1099,1100,8,20,5,5,8,10,5,2,15,10,3,10,7,10,1,2
6416,6417,3,20,5,5,8,20,5,5,15,15,1,2,20,10,1,2
4404,4405,3,20,5,5,8,15,1,5,20,10,5,5,15,10,5,5
2550,2551,3,30,3,2,8,15,3,5,15,10,3,2,7,30,1,5
2764,2765,3,10,1,5,12,20,5,5,20,10,5,2,20,10,3,10
1554,1555,3,10,3,2,8,20,1,5,20,10,3,5,7,20,3,5
1202,1203,15,30,5,5,8,10,5,2,15,10,1,10,20,20,5,10
1616,1617,15,30,3,10,12,10,3,10,7,10,5,2,20,10,1,2
2159,2160,8,10,5,10,8,20,1,5,15,25,5,2,20,20,3,5
414,415,3,10,5,5,5,10,5,5,15,10,5,2,7,30,1,5
2541,2542,15,20,5,2,8,10,5,10,7,10,5,2,15,10,3,5
1594,1595,15,30,1,2,5,10,5,5,7,10,1,2,7,10,3,2
163,164,15,20,3,10,8,15,5,2,15,15,5,5,15,30,5,2
2469,2470,8,30,5,2,8,10,1,10,20,25,1,2,20,10,5,10
68,69,3,20,3,5,12,10,3,10,20,15,5,10,15,10,1,10
6509,6510,8,20,3,2,5,10,3,2,7,10,3,10,7,30,3,10
6935,6936,3,30,5,5,5,20,1,2,15,15,1,5,20,10,1,10
3177,3178,8,30,1,5,12,20,3,5,7,15,1,10,15,30,1,2
124,125,8,30,5,5,8,15,1,2,15,10,5,2,20,10,5,5
6953,6954,8,20,5,10,8,15,1,2,7,15,3,10,20,10,3,5
4922,4923,15,20,1,10,5,10,3,2,7,10,3,2,20,20,1,2
1591,1592,15,10,1,10,8,20,3,5,20,10,3,10,15,30,5,5
6682,6683,15,20,1,5,5,15,3,5,7,25,5,5,7,20,3,2
4635,4636,3,20,3,10,12,20,5,5,20,10,1,2,15,30,1,2
1054,1055,3,10,1,5,12,10,3,5,15,10,3,10,7,10,3,5
4636,4637,15,10,5,10,5,15,3,10,20,25,3,2,20,10,5,5
3858,3859,3,30,5,10,8,10,5,10,7,10,5,5,15,10,3,2
3586,3587,8,20,1,10,12,20,3,2,15,10,1,5,7,20,1,5
6022,6023,15,30,3,2,8,15,1,2,20,15,1,2,20,10,3,2
6498,6499,3,30,5,5,8,20,1,2,15,15,3,10,15,30,5,10
1924,1925,3,20,1,5,8,15,1,5,7,10,5,5,20,20,1,5
871,872,8,20,1,2,8,15,1,5,20,25,1,2,15,30,5,2
6242,6243,3,30,3,5,5,15,1,10,20,10,1,2,20,30,1,10
1457,1458,3,30,3,2,8,10,3,10,7,25,3,5,15,20,5,2
4780,4781,3,10,1,2,5,10,1,2,20,25,3,2,15,10,1,2
233,234,8,20,5,2,8,20,5,5,20,25,1,2,20,30,3,2
5415,5416,8,20,3,2,5,20,3,5,15,15,1,10,20,30,3,10
1540,1541,15,10,1,10,5,15,1,5,7,10,1,5,7,20,1,5
701,702,3,30,1,10,8,15,3,5,15,25,3,2,15,30,1,2
5430,5431,3,30,1,2,8,20,3,10,7,15,3,2,15,10,3,10
5793,5794,15,10,1,10,8,20,3,2,7,25,3,2,15,10,1,10
5071,5072,15,10,3,2,12,10,3,2,7,15,3,2,15,10,3,10
1891,1892,3,10,5,10,8,20,3,2,7,15,5,5,7,10,1,2
7248,7249,3,20,5,10,5,15,1,10,20,15,1,2,15,30,1,5
1814,1815,15,10,5,10,8,10,5,5,7,15,3,10,15,10,5,10
1572,1573,3,30,1,2,5,15,5,5,20,15,5,10,15,30,3,10
2672,2673,15,10,1,10,8,20,3,5,15,25,3,2,15,20,1,2
729,730,8,10,5,10,12,10,5,5,15,25,5,2,15,30,5,2
6487,6488,3,10,3,2,8,10,5,10,15,25,3,2,15,30,5,2
7076,7077,15,10,5,5,8,20,3,5,15,15,5,10,20,20,5,5
2808,2809,15,20,3,2,5,20,1,5,15,10,1,2,15,20,5,5
2018,2019,15,20,1,2,8,10,1,10,15,15,3,5,7,10,1,5
982,983,8,30,3,5,8,20,1,2,7,15,3,10,20,10,5,10
5289,5290,15,10,5,5,5,15,1,5,20,10,3,2,20,30,3,5
5237,5238,15,30,3,2,5,10,5,10,20,15,3,2,7,20,1,10
4860,4861,8,20,1,2,12,10,5,10,15,10,1,2,15,20,3,5
4202,4203,15,10,5,2,5,20,5,10,7,25,5,5,15,20,3,2
101,102,8,10,1,10,8,15,3,5,7,10,5,5,7,30,1,2
3442,3443,8,30,1,2,8,20,3,2,15,10,3,2,20,30,1,5
5860,5861,3,10,3,10,12,15,3,10,20,10,1,10,7,10,1,5
7147,7148,15,20,5,5,12,10,1,5,20,25,5,10,15,30,3,10
7605,7606,15,10,1,5,5,10,5,5,7,10,3,10,20,30,1,10
2653,2654,3,30,1,10,8,20,5,5,7,15,1,10,7,10,3,2
5709,5710,8,30,1,10,5,20,5,10,20,25,5,10,20,10,5,10
7099,7100,3,30,1,5,8,15,1,2,15,10,3,2,7,10,3,10
4675,4676,3,10,5,10,12,20,5,5,7,10,1,5,20,20,1,10
526,527,15,30,3,5,8,20,1,2,20,15,3,10,15,30,1,10
1610,1611,8,10,1,5,8,10,3,2,20,15,5,5,20,20,1,5
2940,2941,8,20,3,10,12,10,5,2,20,25,5,2,7,30,1,10
6808,6809,3,20,5,10,12,15,1,5,7,15,1,5,15,20,5,10
2758,2759,15,10,3,2,5,20,1,10,7,10,3,2,7,30,1,10
2535,2536,8,20,3,2,8,20,5,5,15,25,1,2,15,10,1,10
5456,5457,15,20,3,2,12,15,5,10,20,15,5,2,7,30,3,5
5626,5627,8,30,5,5,5,20,3,5,15,25,5,2,20,20,1,5
2204,2205,3,30,1,10,12,15,1,10,20,10,1,2,15,30,3,2
5608,5609,15,10,3,2,12,10,3,5,20,25,1,5,20,30,1,5
4410,4411,3,20,1,5,12,20,1,5,15,15,1,2,7,30,5,2
2645,2646,3,10,5,2,8,20,1,2,15,25,3,2,15,10,3,10
6338,6339,15,30,3,5,12,20,5,10,20,15,1,5,7,30,3,10
7344,7345,15,30,5,5,12,10,5,10,15,25,1,5,7,20,3,2
2178,2179,15,30,3,2,5,20,1,2,20,25,1,5,20,30,1,2
3488,3489,3,30,1,10,8,10,3,10,20,15,3,5,20,20,5,5
5958,5959,3,20,1,10,5,10,5,2,20,10,1,2,7,10,1,10
3878,3879,3,10,3,5,8,15,1,10,15,10,1,10,7,30,1,5
3928,3929,3,30,1,5,12,20,1,10,20,15,5,5,20,20,1,2
3947,3948,8,20,3,5,5,20,3,10,15,10,3,5,7,10,5,5
2505,2506,15,30,3,10,8,15,1,2,15,25,5,5,20,30,3,5
220,221,8,10,5,10,12,10,3,2,7,15,3,5,7,10,5,10
1689,1690,3,30,5,5,5,15,5,2,7,25,1,5,15,10,1,5
2470,2471,3,20,1,5,12,20,5,10,20,25,5,2,20,30,1,10
4816,4817,15,10,3,5,12,15,5,2,15,15,3,5,20,20,1,5
5818,5819,8,20,5,2,12,10,1,10,15,10,3,10,15,30,5,5
2681,2682,3,30,5,2,12,10,1,2,7,10,5,5,7,20,1,10
4799,4800,3,10,1,10,12,10,5,10,7,15,1,5,15,10,1,2
5647,5648,15,20,5,2,12,10,5,10,7,25,3,2,15,30,3,2
4905,4906,3,10,3,5,5,10,1,10,15,15,1,10,7,30,3,10
996,997,15,30,5,10,8,15,1,10,7,15,5,10,15,30,1,5
7649,7650,15,30,1,2,12,15,3,5,15,25,3,2,7,20,5,10
2160,2161,8,20,1,2,5,20,3,5,20,25,1,10,20,20,5,5
1146,1147,3,20,3,10,12,10,1,2,20,15,3,10,20,20,3,5
1731,1732,15,10,1,2,8,20,1,5,7,25,3,5,7,30,5,2
2483,2484,15,10,5,5,8,15,5,10,7,10,1,2,7,10,3,10
5312,5313,8,30,1,5,5,15,5,5,15,25,3,2,15,30,5,5
4929,4930,15,20,3,5,12,15,1,5,20,15,1,5,7,30,5,2
3822,3823,8,30,3,5,8,15,5,10,20,10,3,2,15,20,5,2
4678,4679,15,10,1,10,5,20,1,2,7,10,1,5,20,20,3,10
4129,4130,3,10,1,5,8,20,3,10,7,25,5,5,20,20,1,10
4828,4829,8,20,5,5,12,10,5,2,15,10,1,5,7,30,1,10
3619,3620,8,20,3,5,5,10,3,2,15,15,5,5,20,20,1,2
1543,1544,8,30,5,10,12,10,1,2,20,25,3,5,15,20,3,5
3847,3848,15,20,1,5,12,15,3,2,20,15,5,5,20,20,1,5
1827,1828,3,10,5,10,5,20,5,10,15,10,5,5,15,30,3,5
7462,7463,8,20,5,10,12,10,3,10,20,15,3,5,20,20,3,5
3185,3186,8,30,1,5,8,15,3,2,20,10,3,2,15,20,3,10
6149,6150,15,30,3,2,5,20,3,10,7,15,3,5,15,10,5,10
4436,4437,8,30,3,2,8,15,3,5,20,15,5,2,7,30,1,2
6589,6590,8,20,5,5,12,15,1,5,7,25,1,2,20,10,5,5
3769,3770,3,10,5,5,8,15,3,2,7,15,3,2,7,30,1,5
5601,5602,3,20,1,10,12,15,1,5,15,15,5,2,20,20,1,5
4416,4417,8,20,1,5,5,15,3,10,7,10,3,10,20,20,5,5
3762,3763,8,20,1,5,8,20,1,5,7,25,1,5,15,10,1,10
4936,4937,8,30,3,2,12,20,1,5,20,25,3,5,15,20,1,5
5552,5553,8,30,3,10,5,10,1,2,7,25,5,2,15,30,3,2
230,231,8,20,1,5,8,10,1,2,7,15,1,2,7,30,3,5
6115,6116,3,30,5,5,12,20,5,5,15,25,3,5,15,10,3,2
1076,1077,3,10,1,5,8,10,3,5,15,10,1,5,7,20,1,2
1238,1239,8,20,1,2,8,20,5,10,15,10,5,10,20,30,1,5
1187,1188,3,10,3,10,12,10,5,5,20,25,5,5,7,20,3,10
2988,2989,3,20,5,5,12,15,3,5,15,10,3,10,15,10,3,2
5536,5537,15,20,3,10,12,20,5,5,7,15,5,10,15,10,5,2
1200,1201,15,20,1,5,8,15,5,2,20,25,5,2,15,30,3,10
6291,6292,15,20,1,2,8,15,5,5,20,15,5,10,7,20,3,10
5000,5001,15,30,3,5,8,10,3,10,7,15,3,5,15,30,5,10
4645,4646,15,20,5,10,5,15,1,5,15,10,5,10,15,10,3,2
6733,6734,8,30,3,10,12,15,3,5,15,15,1,2,7,10,1,10
6382,6383,3,30,5,5,8,10,3,2,20,25,1,5,20,20,1,10
1218,1219,3,10,1,5,12,20,3,10,15,10,5,5,20,20,3,10
2838,2839,15,30,3,10,5,20,1,10,7,15,1,5,7,30,5,5
6548,6549,3,30,1,5,5,15,5,5,7,15,3,2,15,30,3,10
2666,2667,15,20,1,10,8,20,3,5,15,10,5,2,15,20,1,5
1505,1506,3,10,1,10,5,20,3,5,7,10,1,5,20,20,1,5
3938,3939,15,10,5,2,8,15,3,10,15,25,5,5,15,30,5,5
3176,3177,8,20,5,2,8,20,5,5,20,10,5,2,20,20,3,10
522,523,15,10,5,5,8,10,3,5,15,25,1,2,20,30,5,2
3612,3613,15,30,3,2,8,15,3,2,20,15,1,5,20,20,3,5
3264,3265,3,10,3,10,12,20,5,10,7,10,5,2,20,20,1,2
5076,5077,3,30,1,5,12,10,1,2,20,25,3,2,7,10,1,5
7317,7318,15,10,5,10,12,10,3,5,15,15,3,2,20,20,3,10
4784,4785,15,10,1,10,12,15,1,10,7,25,5,5,15,20,1,2
4463,4464,8,20,1,2,12,10,5,10,20,25,1,2,20,30,1,10
3982,3983,15,20,3,5,5,15,1,2,7,10,3,10,7,20,1,5
5192,5193,8,20,5,10,12,20,3,5,15,15,3,5,15,30,1,5
5270,5271,8,10,5,2,5,10,1,10,15,10,3,10,7,20,1,5
488,489,15,30,1,5,12,10,5,5,20,10,1,5,20,20,1,10
4204,4205,8,30,3,5,5,10,5,2,7,25,5,5,7,10,5,2
7024,7025,8,30,1,10,12,15,5,10,7,15,3,10,7,30,1,10
3578,3579,15,10,3,10,5,15,5,5,15,25,5,5,7,10,3,2
1109,1110,15,30,1,5,8,10,3,5,20,10,1,2,15,30,3,10
2201,2202,8,10,3,5,5,20,3,5,7,25,3,5,20,30,5,10
6078,6079,8,30,1,2,12,15,1,10,15,10,5,5,7,30,3,2
5026,5027,15,30,3,10,5,15,5,2,15,10,5,10,7,20,1,2
5315,5316,8,10,3,10,12,10,3,5,20,25,1,2,7,30,5,2
2979,2980,15,30,5,2,8,20,1,10,20,15,1,5,15,20,3,2
313,314,3,20,1,2,8,10,1,2,15,15,5,10,15,30,5,5
3868,3869,15,10,1,5,12,10,5,2,15,10,1,5,15,10,5,2
4706,4707,3,10,1,2,8,15,1,10,20,15,3,10,7,20,3,10
164,165,8,20,5,5,8,15,1,10,15,10,1,10,20,20,1,5
1256,1257,3,20,1,10,12,20,3,5,20,15,1,2,7,10,5,2
3288,3289,3,30,3,2,12,20,1,2,7,10,1,5,15,30,3,10
3914,3915,3,10,5,2,12,20,3,10,15,10,1,10,15,30,1,5
5176,5177,15,10,1,2,8,10,1,10,7,25,3,2,20,30,1,2
1190,1191,15,10,5,2,5,15,3,5,7,25,3,10,20,20,5,5
4441,4442,8,30,3,10,8,10,5,5,20,15,3,10,15,20,3,2
2836,2837,3,10,5,10,5,20,3,5,20,15,1,2,7,10,3,5
7559,7560,8,20,1,5,8,20,1,10,7,25,5,10,20,10,5,10
4738,4739,8,20,3,2,12,20,3,5,15,25,1,5,15,30,5,5
850,851,15,10,3,2,5,20,3,5,15,15,5,10,15,30,5,10
2273,2274,3,10,1,5,12,15,5,10,20,15,1,2,7,20,5,2
6035,6036,8,30,3,10,12,15,1,10,15,15,3,5,20,30,3,2
2481,2482,8,20,1,5,12,15,1,10,20,25,5,2,20,20,1,5
693,694,15,30,5,10,12,15,3,2,15,10,3,10,20,10,3,10
6019,6020,3,30,1,10,12,20,1,2,7,25,1,5,15,30,3,5
1119,1120,8,30,3,2,12,20,1,2,15,15,5,5,7,20,5,10
1333,1334,3,10,3,5,12,15,5,2,20,15,5,10,7,20,3,2
3171,3172,8,10,3,5,12,15,3,2,15,25,3,2,20,10,3,5
6332,6333,8,20,3,5,8,20,3,10,20,10,5,10,15,30,1,5
1057,1058,8,10,3,2,5,15,1,5,20,10,3,2,7,20,5,10
7525,7526,8,30,5,10,5,10,5,2,20,25,1,10,15,20,1,10
6185,6186,8,10,5,10,12,10,3,2,7,10,1,10,20,20,3,10
6033,6034,3,10,1,10,8,20,5,5,15,25,1,5,15,30,1,10
1604,1605,3,20,3,10,5,10,3,5,15,25,1,5,20,30,3,2
2674,2675,3,10,5,2,5,15,1,2,20,10,5,5,15,30,3,5
7494,7495,3,30,5,10,8,20,5,2,20,25,3,2,20,10,3,5
3125,3126,3,30,3,5,8,20,5,10,15,10,3,2,7,10,1,2
2163,2164,8,10,3,5,8,10,5,5,20,10,1,10,20,30,1,5
3733,3734,8,20,3,2,8,15,1,5,7,15,5,2,15,20,5,5
4088,4089,3,30,5,10,8,20,3,10,20,10,3,2,15,30,3,2
6781,6782,3,20,3,10,5,20,1,2,20,25,5,10,7,30,5,2
6551,6552,15,10,5,5,12,20,3,2,7,25,1,5,7,20,5,2
3301,3302,8,30,3,5,8,15,3,10,20,25,1,10,15,20,5,5
5784,5785,15,30,1,2,5,20,3,5,15,10,1,5,20,10,1,2
6233,6234,3,10,3,10,5,15,5,5,7,25,3,2,15,20,3,5
3894,3895,15,20,5,2,8,15,5,10,7,15,1,2,15,20,3,5
1587,1588,15,10,5,5,8,10,5,10,20,15,3,10,20,30,3,2
491,492,15,10,5,5,5,20,1,10,15,10,1,2,15,10,1,2
5046,5047,3,30,5,2,5,15,1,10,20,15,5,5,15,10,5,10
7632,7633,3,20,5,10,8,10,1,5,15,15,1,2,20,10,3,2
2097,2098,15,10,3,5,12,20,1,5,20,10,1,5,7,30,5,2
5032,5033,3,10,5,5,5,20,3,5,15,15,5,2,20,20,3,5
365,366,3,30,3,2,12,20,5,5,15,25,1,2,7,30,5,2
5271,5272,15,10,1,2,8,20,5,5,15,15,3,5,20,20,5,5
2871,2872,15,20,1,5,12,15,3,10,15,25,1,10,20,30,1,5
3058,3059,15,10,3,2,5,10,1,10,7,10,5,10,15,20,1,2
4207,4208,8,20,3,10,12,15,1,5,7,25,5,5,20,30,5,2
6726,6727,8,20,3,2,12,20,3,5,7,25,5,5,7,10,5,5
6026,6027,3,20,1,10,8,10,3,2,15,15,3,10,15,30,5,5
3565,3566,15,10,5,5,5,20,1,2,7,15,5,2,20,10,5,2
720,721,3,10,3,5,8,20,5,2,15,25,1,5,15,30,1,5
6451,6452,15,30,1,10,5,15,3,10,15,25,5,10,7,20,1,5
6571,6572,15,30,1,5,12,10,5,2,20,25,3,10,15,30,1,10
780,781,15,30,1,10,5,20,5,2,20,15,1,2,7,30,3,5
1866,1867,8,30,1,2,12,10,1,10,7,15,5,10,7,10,1,10
1128,1129,3,10,3,2,8,20,5,5,20,25,1,2,15,20,5,5
4540,4541,8,10,5,5,8,20,3,10,20,15,1,5,15,30,1,10
4593,4594,15,20,1,5,5,15,3,10,7,15,5,5,20,20,3,2
5559,5560,15,10,5,2,5,15,1,10,20,10,3,2,20,10,5,5
3339,3340,8,10,5,10,12,15,1,10,7,15,5,2,20,10,3,10
646,647,3,30,3,2,12,20,3,2,20,25,3,10,20,30,5,10
4094,4095,15,30,3,2,8,10,1,10,7,10,1,5,7,30,1,2
2350,2351,8,30,1,2,12,10,3,5,7,10,5,5,7,30,1,2
3899,3900,15,10,3,5,8,10,3,10,15,15,3,10,15,30,1,2
5284,5285,15,20,1,2,5,15,1,2,20,25,3,5,15,10,1,5
836,837,8,10,5,2,8,10,3,2,7,15,5,10,20,20,1,10
6822,6823,8,20,3,10,5,15,1,5,15,15,3,2,7,10,5,5
4429,4430,8,30,5,2,12,20,3,10,20,10,5,2,7,30,3,5
2752,2753,8,20,1,10,12,20,3,2,7,15,3,10,7,10,3,2
2009,2010,15,20,5,2,5,15,5,5,7,15,5,2,15,20,3,2
2261,2262,8,20,3,2,8,15,1,10,15,15,5,2,7,20,5,10
5337,5338,8,10,1,5,8,20,5,2,15,15,3,5,7,30,3,5
6723,6724,3,20,1,2,5,10,5,10,15,25,5,2,7,10,1,10
7648,7649,3,20,1,10,8,15,5,5,7,10,1,10,15,30,5,10
2874,2875,15,20,3,10,5,10,1,2,20,10,1,10,15,30,3,2
894,895,8,10,5,2,8,20,3,10,7,15,1,2,15,20,5,2
2939,2940,8,10,1,10,12,15,5,2,20,10,1,10,20,30,1,2
6314,6315,3,30,1,10,12,10,3,2,15,10,3,2,15,30,1,2
3190,3191,3,30,3,10,8,10,1,5,15,15,5,10,7,30,1,10
4237,4238,3,20,3,10,5,15,1,10,15,10,5,10,15,30,5,2
4476,4477,3,10,3,5,8,10,1,5,7,10,3,2,15,20,3,10
7164,7165,3,10,3,2,5,20,1,5,7,10,1,5,15,20,3,5
2877,2878,15,10,1,10,5,20,3,2,7,15,5,5,20,20,5,5
1733,1734,3,30,5,10,12,15,5,2,15,25,1,10,15,20,1,5
6655,6656,15,20,1,2,12,10,5,10,15,10,5,5,15,30,1,5
4125,4126,3,10,3,5,12,20,3,2,15,15,3,2,15,20,5,2
465,466,3,10,3,2,12,10,3,5,7,25,1,10,15,10,1,2
5327,5328,8,30,5,5,12,20,1,2,20,15,1,5,15,20,1,2
7493,7494,3,30,1,10,5,10,5,5,20,10,5,10,15,30,3,10
1562,1563,15,20,1,2,8,20,3,2,20,10,5,2,20,30,5,2
5265,5266,3,10,5,2,8,10,3,2,7,15,3,10,7,20,5,2
6246,6247,8,30,3,5,5,15,3,5,20,25,3,2,7,10,3,2
7325,7326,15,20,3,10,5,20,3,2,20,25,3,2,20,10,1,5
7178,7179,8,10,5,2,12,15,3,2,20,10,3,10,20,10,1,10
5773,5774,8,20,1,2,8,20,5,5,7,25,3,2,20,10,1,5
5541,5542,3,20,3,10,12,15,1,5,20,25,1,2,7,10,5,5
5120,5121,3,10,3,10,5,20,3,2,20,25,1,10,20,30,5,10
6374,6375,3,20,3,5,5,10,5,5,15,15,1,2,20,30,5,10
7122,7123,15,10,5,2,8,20,1,10,20,25,3,5,20,30,5,10
1499,1500,3,10,3,5,12,15,1,10,7,25,3,5,15,30,5,5
4539,4540,8,20,5,5,8,15,5,10,20,10,5,2,7,10,3,10
6796,6797,15,20,5,2,8,20,1,2,20,25,5,10,7,10,3,5
3021,3022,3,20,3,5,5,15,1,2,7,25,5,2,7,10,1,10
1586,1587,8,30,5,5,8,15,3,2,7,10,3,5,15,30,5,2
6292,6293,15,10,3,5,12,10,3,10,20,10,1,2,20,20,5,5
334,335,8,30,1,5,12,10,5,5,20,10,1,2,20,10,3,5
2254,2255,8,10,3,5,5,20,5,10,15,10,5,2,7,10,3,2
3665,3666,15,10,3,2,8,20,5,2,7,10,3,5,15,10,5,10
1473,1474,3,30,1,5,5,15,3,2,15,15,5,2,20,20,5,10
6144,6145,3,10,1,5,12,15,1,10,20,15,5,5,20,20,1,5
1569,1570,15,30,5,10,5,10,5,2,7,10,3,2,7,20,1,2
3384,3385,15,20,5,2,12,20,5,2,20,15,3,2,20,10,5,2
4111,4112,3,30,5,2,8,10,3,5,15,25,1,10,20,20,1,5
3253,3254,8,30,3,2,12,10,1,2,20,10,3,10,7,30,5,2
3846,3847,15,20,5,5,8,10,5,2,7,15,1,2,15,30,3,10
5504,5505,8,30,5,5,5,20,3,5,7,15,3,10,7,10,5,2
3613,3614,3,20,5,2,5,10,5,5,20,10,1,5,7,30,3,10
227,228,3,10,5,10,12,15,1,10,15,25,5,2,7,30,1,2
708,709,15,10,3,2,5,10,3,2,7,25,1,5,20,10,1,2
7125,7126,8,10,3,10,5,15,5,2,15,25,3,2,7,30,1,5
3041,3042,3,30,3,5,5,20,3,2,7,15,5,5,15,30,1,10
476,477,3,10,5,5,12,10,5,5,7,15,1,10,7,10,5,5
6975,6976,15,10,3,10,12,15,1,2,15,15,1,10,7,30,3,5
3559,3560,3,20,1,2,8,15,5,2,7,25,1,2,20,20,3,5
346,347,3,10,1,10,5,20,5,2,7,15,5,10,15,10,3,10
1239,1240,15,20,1,10,8,20,3,10,20,25,3,2,20,20,1,10
6024,6025,8,20,1,5,5,10,3,5,7,25,3,2,20,10,3,5
930,931,15,30,1,2,8,15,5,5,7,25,3,2,7,30,1,5
7366,7367,15,30,5,5,12,15,5,2,15,10,1,2,15,20,5,5
7157,7158,3,10,5,5,5,20,3,10,20,15,3,5,20,10,3,5
1795,1796,8,10,3,2,12,10,5,5,20,10,5,2,20,20,1,5
2761,2762,8,10,5,5,8,10,1,2,15,10,1,2,15,20,3,2
5405,5406,15,10,3,2,8,15,1,10,15,15,3,10,15,30,3,5
3102,3103,15,20,5,10,5,20,1,5,7,15,1,5,7,10,3,2
6155,6156,15,30,1,5,12,15,3,5,7,15,1,2,15,30,3,5
6649,6650,8,20,5,2,5,20,3,10,7,10,1,2,7,30,1,5
7161,7162,3,10,1,5,12,10,1,5,15,25,5,5,7,10,1,5
2768,2769,15,30,1,2,8,10,1,5,7,25,3,5,15,20,1,2
4277,4278,3,20,5,5,8,10,3,10,7,10,5,10,20,30,5,2
4201,4202,15,30,3,10,8,15,1,2,15,10,1,5,20,20,5,2
3172,3173,3,20,3,5,5,15,3,5,7,10,1,2,20,20,1,2
973,974,3,20,1,10,8,10,1,2,7,15,5,2,7,10,3,5
5929,5930,3,10,5,10,8,15,3,5,20,15,1,5,20,10,3,10
4590,4591,8,20,3,2,8,15,5,2,7,25,1,5,20,20,5,5
3526,3527,15,10,1,5,12,10,1,5,15,25,3,2,7,20,1,10
1007,1008,3,10,1,10,12,20,3,2,15,15,5,5,15,30,3,5
2859,2860,3,30,5,10,5,20,3,5,15,10,5,5,15,30,1,5
953,954,3,30,5,10,12,20,5,10,20,10,3,2,20,20,1,10
1608,1609,3,20,1,2,8,15,1,10,20,10,3,2,15,20,1,2
6083,6084,8,20,5,5,8,10,3,5,7,25,3,2,7,10,1,2
5570,5571,3,20,3,10,5,10,1,5,7,10,3,5,20,30,1,2
2772,2773,15,30,5,10,12,15,1,10,7,25,3,5,7,20,1,5
7506,7507,8,30,5,5,8,20,3,2,7,15,1,2,7,20,5,5
2524,2525,3,20,5,2,12,10,1,2,20,15,1,2,7,30,3,5
6840,6841,8,20,1,5,5,20,5,2,15,25,1,5,15,20,5,2
5078,5079,15,10,1,10,8,15,3,2,7,10,5,5,20,30,1,5
6122,6123,15,20,5,2,12,20,5,2,20,10,1,10,20,20,3,10
6391,6392,8,20,3,2,12,10,5,10,20,15,1,2,20,30,1,5
5651,5652,15,10,1,2,8,10,1,10,15,15,3,5,7,30,1,10
7522,7523,15,30,3,10,12,15,3,10,15,15,5,10,20,20,5,2
1726,1727,3,30,3,5,5,15,5,10,15,10,5,2,20,20,5,2
1017,1018,3,10,1,5,8,20,5,2,7,10,3,2,15,10,1,10
1288,1289,8,10,5,10,5,15,5,2,20,10,3,2,20,30,1,10
863,864,3,20,1,2,12,20,3,2,7,15,5,5,15,10,5,2
6626,6627,3,10,1,10,5,20,5,2,15,25,1,2,20,30,1,5
6932,6933,8,20,5,5,5,20,3,10,20,25,5,2,7,10,1,2
2671,2672,15,20,1,2,5,10,1,2,7,25,1,5,20,30,5,10
7386,7387,15,20,3,2,8,10,1,10,7,25,3,5,7,10,1,2
35,36,0,0,0,0,0,0,0,0,0,0,0,0,0,0,0,0
2619,2620,15,10,1,10,12,15,3,5,15,25,1,5,7,30,3,5
2366,2367,15,10,5,2,5,15,1,2,20,10,1,2,15,10,1,10
2291,2292,15,10,5,5,5,10,3,5,15,15,3,2,15,20,1,10
1437,1438,3,30,1,10,5,20,3,10,15,15,1,5,20,20,5,10
590,591,8,20,3,10,12,15,5,2,15,10,1,2,15,10,5,5
5009,5010,3,10,3,2,8,10,1,10,7,10,5,2,20,30,3,10
6814,6815,8,10,5,10,12,20,5,10,7,15,5,5,15,20,3,5
7470,7471,15,10,1,2,8,20,1,2,7,10,5,5,7,30,3,10
1056,1057,8,20,5,10,5,15,3,10,15,25,5,10,7,10,1,2
2547,2548,15,20,3,10,5,20,1,2,7,25,3,10,20,20,5,2
1405,1406,3,10,1,2,12,20,3,2,7,10,1,5,7,20,3,10
2771,2772,8,20,3,2,8,10,3,10,15,25,5,10,20,20,3,5
3373,3374,8,10,3,10,8,10,3,10,20,25,5,2,20,10,1,5
6358,6359,3,10,5,10,5,15,3,2,20,25,1,2,20,20,5,2
6214,6215,15,10,5,5,8,20,1,2,15,25,5,2,7,20,1,2
3388,3389,8,20,5,5,12,15,3,2,20,25,5,10,20,30,5,2
5101,5102,8,10,5,5,5,15,1,10,15,25,5,5,15,20,3,5
7261,7262,3,10,5,10,8,20,3,5,20,10,1,10,20,20,3,5
4220,4221,8,30,3,5,8,20,5,5,20,10,1,2,7,20,1,10
6986,6987,8,10,3,10,8,15,1,10,7,25,3,10,20,30,3,5
5112,5113,8,20,5,5,5,20,1,5,7,10,3,10,20,20,5,5
7351,7352,8,20,1,10,8,10,5,2,15,10,1,2,7,20,3,5
743,744,15,30,3,2,5,20,5,10,15,15,5,10,7,20,1,5
7554,7555,8,10,5,2,8,15,3,10,20,10,3,10,20,20,5,10
7547,7548,3,20,5,5,12,15,3,5,20,25,3,5,20,10,1,10
4983,4984,8,20,1,2,5,15,5,2,20,10,1,10,20,20,5,10
6553,6554,15,10,5,2,12,15,5,10,20,15,1,10,7,10,3,2
3429,3430,8,10,5,5,12,15,1,10,7,15,1,2,20,10,1,2
5236,5237,8,10,1,5,12,15,5,2,20,15,1,2,20,10,1,2
5292,5293,15,20,1,10,12,15,3,5,15,10,5,5,15,30,1,10
6573,6574,15,20,5,10,5,15,5,5,15,25,3,5,20,20,3,10
860,861,15,30,5,10,5,20,3,5,20,10,5,5,20,10,5,2
5569,5570,15,10,3,2,12,20,5,10,20,15,3,5,7,20,1,10
4091,4092,15,20,5,5,12,10,1,2,15,15,3,5,20,30,5,10
6387,6388,3,10,1,5,8,20,3,5,7,10,1,10,7,30,5,2
4857,4858,15,30,5,10,5,10,1,2,20,10,5,2,15,20,5,2
183,184,8,10,1,2,12,20,1,10,7,15,3,5,7,10,3,2
4419,4420,3,10,3,5,8,20,1,10,7,10,5,2,20,10,1,5
3150,3151,3,30,1,5,12,15,5,2,20,15,1,10,15,20,3,5
5080,5081,3,20,1,2,8,10,5,10,15,10,3,2,20,10,1,10
1403,1404,3,20,1,10,5,10,3,5,15,25,3,2,7,20,1,2
3856,3857,8,10,3,5,8,20,5,10,20,10,1,5,7,10,1,5
613,614,8,30,5,10,5,15,5,10,20,10,3,5,15,30,1,2
5926,5927,8,20,1,10,12,10,3,5,20,25,1,10,7,10,1,10
6448,6449,3,30,1,10,12,10,3,5,15,10,3,2,20,30,5,2
395,396,15,30,1,5,8,20,3,2,20,25,5,10,7,20,1,2
1809,1810,8,20,1,2,12,15,5,10,7,10,5,10,20,30,5,10
5977,5978,3,10,3,10,5,10,5,10,20,25,3,2,20,30,5,5
3796,3797,15,10,5,10,12,15,3,5,7,10,5,2,7,10,5,10
1116,1117,3,20,1,10,8,15,5,10,15,15,1,2,7,20,1,2
3805,3806,15,10,5,2,8,15,5,2,20,15,5,5,7,30,5,10
5109,5110,8,20,3,10,8,20,1,10,15,25,5,5,15,10,3,2
4873,4874,15,20,1,2,12,20,3,10,20,10,3,2,7,10,1,10
138,139,3,10,5,10,12,10,1,5,15,10,1,10,15,30,3,10
3239,3240,3,20,5,10,8,20,1,10,7,10,3,10,20,30,5,5
316,317,3,20,5,2,12,10,3,2,20,15,1,2,20,10,5,10
1626,1627,8,30,3,2,8,15,1,2,20,25,1,10,15,10,1,10
7621,7622,15,20,5,5,12,15,3,10,7,15,3,5,15,20,1,10
4409,4410,15,10,5,10,8,20,3,5,15,25,3,5,15,20,5,2
6460,6461,15,20,5,2,12,20,3,5,15,25,5,5,15,30,5,10
3427,3428,8,20,1,2,12,20,5,5,15,10,1,2,15,30,3,2
5103,5104,8,20,3,10,12,15,5,2,15,10,3,5,7,30,3,2
2311,2312,8,20,5,10,12,15,5,5,20,15,5,10,7,10,3,10
4632,4633,15,30,3,10,12,20,3,2,20,15,1,2,20,30,3,2
6107,6108,15,30,5,10,12,20,3,5,15,10,3,5,15,30,1,5
373,374,8,30,1,2,8,10,3,5,15,15,1,2,7,10,3,10
1802,1803,3,20,3,10,12,10,1,5,20,10,1,10,15,10,3,2
3909,3910,8,30,3,5,12,15,1,10,20,15,5,5,20,30,1,10
718,719,8,20,3,5,12,10,1,10,15,25,1,2,7,10,5,10
6112,6113,15,10,5,2,5,20,3,5,20,10,1,5,15,30,5,5
6084,6085,3,20,5,2,8,20,3,2,15,10,3,2,15,20,5,10
1442,1443,15,20,1,5,8,15,1,5,15,25,5,10,20,30,1,10
3340,3341,15,10,5,5,12,20,5,10,20,10,3,2,15,10,1,10
899,900,3,30,3,10,5,20,1,2,15,15,1,2,15,30,1,2
7590,7591,15,10,3,2,5,15,1,5,20,10,3,2,15,20,3,10
4337,4338,3,20,1,2,8,10,1,5,15,25,5,5,15,10,1,2
451,452,15,10,5,2,12,20,3,5,15,15,5,5,20,20,3,2
2084,2085,15,10,5,2,5,20,5,2,20,10,1,2,7,20,5,5
5788,5789,8,30,3,10,8,10,1,10,20,15,5,2,15,30,3,5
2966,2967,15,20,3,2,8,20,5,10,15,10,3,5,7,30,3,2
482,483,15,10,1,5,12,10,1,10,20,10,5,5,7,20,3,5
1875,1876,15,20,5,5,8,20,3,2,15,15,1,2,7,30,5,2
6459,6460,15,10,1,2,8,10,1,5,15,10,1,10,7,30,5,2
3275,3276,15,10,3,2,5,15,3,5,15,25,1,5,7,30,5,10
6434,6435,8,10,3,5,8,15,1,2,20,15,3,10,20,30,1,5
2890,2891,8,20,1,2,5,15,3,10,15,10,1,5,7,10,3,5
6457,6458,8,20,3,10,12,10,1,5,7,15,1,5,20,20,3,2
7465,7466,8,10,3,2,8,10,1,10,20,15,1,2,7,30,3,10
1130,1131,3,20,5,2,8,10,3,5,15,15,5,2,20,10,3,10
3460,3461,3,20,5,10,8,15,5,10,7,15,3,5,15,20,3,5
619,620,15,10,5,5,8,10,5,5,7,15,1,10,20,20,5,10
5267,5268,15,20,3,5,8,10,3,10,20,25,5,10,15,30,3,2
1537,1538,3,10,5,10,8,20,1,10,7,15,1,10,20,30,1,10
1194,1195,3,30,3,2,8,15,1,10,7,10,5,10,7,20,1,10
6145,6146,15,20,1,2,5,15,3,2,20,15,5,10,20,30,1,10
2474,2475,3,20,3,5,12,15,1,5,20,25,3,2,7,30,5,2
993,994,15,30,5,10,12,10,1,2,20,10,5,5,7,10,1,2
6657,6658,8,10,3,10,12,10,3,2,20,25,5,10,7,10,3,2
4448,4449,15,10,1,2,8,15,5,2,7,25,1,5,15,10,1,10
1984,1985,3,10,3,2,8,20,5,5,15,25,1,5,7,30,1,5
3728,3729,8,30,1,5,12,10,3,5,15,25,3,2,20,10,5,10
2030,2031,15,30,3,2,12,10,3,5,15,10,1,2,20,10,1,2
2650,2651,8,20,3,2,8,20,3,5,20,10,3,10,15,10,1,2
4841,4842,15,20,5,2,5,20,3,2,15,25,3,2,20,10,3,5
5534,5535,3,30,3,2,5,10,3,5,20,25,5,2,7,20,5,2
692,693,3,20,3,2,8,15,3,10,7,15,1,10,15,30,1,10
644,645,15,20,5,5,5,20,5,10,15,15,5,10,20,30,3,10
3711,3712,3,30,1,5,12,15,3,5,7,25,3,2,20,20,5,5
5692,5693,3,20,5,2,5,10,5,5,7,10,3,2,20,30,5,2
6878,6879,8,10,3,10,8,10,1,5,20,25,3,5,7,10,3,5
4018,4019,8,10,5,10,5,20,5,2,20,10,3,2,15,10,1,5
5374,5375,3,20,3,2,5,10,1,2,7,10,3,5,7,20,3,10
5889,5890,8,20,1,10,8,10,3,10,7,25,1,2,7,20,3,10
1871,1872,8,20,1,10,12,15,1,5,7,15,5,10,20,30,3,2
6867,6868,15,30,5,10,8,15,3,5,20,10,3,10,7,20,1,10
4801,4802,8,10,1,5,8,20,1,10,20,25,5,10,15,30,3,5
5151,5152,8,10,3,10,12,20,1,5,15,25,3,5,20,30,3,10
561,562,8,20,3,2,5,10,1,5,15,15,1,2,7,20,1,5
3061,3062,3,30,3,5,5,10,3,2,7,25,1,5,20,30,5,5
1939,1940,8,20,5,10,8,20,5,2,20,15,1,5,20,20,5,2
1388,1389,8,20,3,2,12,10,1,5,7,25,3,10,20,30,5,5
853,854,3,20,1,5,8,10,5,2,15,15,3,5,7,20,5,10
3500,3501,3,10,5,10,5,15,3,5,20,25,1,5,15,10,1,5
1917,1918,3,30,3,5,12,20,3,2,7,25,3,5,15,10,1,5
179,180,8,10,1,10,12,15,1,2,7,25,5,10,15,30,5,2
3871,3872,15,10,3,2,12,15,5,5,20,25,3,10,20,10,3,2
6335,6336,15,20,3,5,12,20,3,10,7,15,1,2,15,10,3,10
6265,6266,15,10,5,2,12,10,3,5,7,10,1,5,7,30,3,2
4182,4183,8,10,3,10,5,15,3,10,20,10,3,2,20,20,5,10
3718,3719,15,30,5,2,12,10,3,5,15,15,5,5,15,30,1,10
2546,2547,8,30,1,5,8,15,3,5,20,25,5,5,20,30,3,10
5450,5451,15,20,5,10,8,20,1,10,15,10,1,10,15,30,5,2
3942,3943,15,10,1,2,12,20,3,5,20,15,5,2,7,10,3,2
1305,1306,8,20,1,5,5,20,1,5,7,25,5,5,7,20,1,5
4053,4054,15,20,1,5,12,20,1,2,7,25,1,5,15,10,3,10
5086,5087,8,20,5,2,8,10,5,10,20,10,5,5,7,10,5,10
2252,2253,15,20,1,10,5,15,1,10,15,10,1,5,20,20,3,2
5296,5297,15,30,5,2,5,20,1,5,20,10,1,2,20,10,1,10
932,933,8,10,1,5,12,10,5,10,15,15,5,2,7,30,1,10
2356,2357,3,30,5,10,12,15,3,10,15,25,1,10,7,10,5,10
5750,5751,15,30,3,2,12,20,3,10,7,25,1,2,15,30,3,5
6671,6672,15,20,3,10,12,10,5,10,15,15,3,5,15,30,1,10
3546,3547,3,10,3,10,8,20,1,10,7,15,1,10,15,20,5,10
4914,4915,8,20,1,10,12,10,1,10,15,10,1,10,15,30,5,10
7078,7079,15,30,3,2,5,15,5,10,7,10,1,10,7,20,1,2
6002,6003,3,10,5,5,8,20,5,10,7,15,1,5,20,30,5,10
6311,6312,3,30,1,10,5,10,1,5,20,15,3,2,20,30,5,10
3611,3612,15,10,3,2,12,15,1,2,20,10,3,2,20,20,1,5
542,543,8,30,5,2,8,10,5,5,7,25,3,5,20,20,1,2
1515,1516,8,30,3,10,5,10,1,5,7,25,5,10,20,30,1,2
1652,1653,15,30,5,10,12,10,5,5,20,10,3,2,7,10,5,2
7169,7170,15,10,1,5,5,15,1,10,20,10,1,10,20,20,1,5
2336,2337,8,20,3,5,5,20,5,10,7,25,3,5,15,30,3,10
2596,2597,8,20,5,5,8,20,5,10,20,25,3,5,7,20,5,5
4990,4991,3,30,1,2,12,15,3,10,15,25,3,10,15,10,5,2
7229,7230,15,30,1,5,12,20,3,5,15,15,5,2,20,20,3,10
2694,2695,15,20,1,2,12,10,1,2,20,10,3,5,20,20,5,10
5077,5078,3,20,1,5,8,20,1,5,20,10,1,2,20,30,3,5
7286,7287,8,20,3,2,12,15,3,5,20,25,1,5,20,20,3,5
5074,5075,8,10,3,10,5,10,5,10,20,15,5,2,7,20,3,5
7348,7349,15,20,5,2,8,10,5,5,7,10,3,5,20,10,5,2
6766,6767,3,30,1,5,8,15,1,5,20,25,3,10,15,20,5,10
1960,1961,8,30,3,5,5,10,5,5,15,25,5,2,7,10,5,2
7188,7189,3,20,1,5,5,15,3,2,7,25,1,10,20,10,1,2
2060,2061,15,10,3,10,12,20,1,2,7,25,3,10,7,10,1,10
3052,3053,8,20,3,2,8,10,1,10,15,15,5,10,20,20,5,5
3662,3663,15,10,1,10,12,20,3,5,7,15,5,10,7,10,5,10
4109,4110,8,20,5,10,12,15,3,2,7,10,1,5,20,20,5,10
7264,7265,3,30,1,10,5,15,3,10,7,25,3,5,7,10,1,2
3968,3969,15,10,1,5,8,20,1,10,7,25,1,5,15,30,1,5
2919,2920,15,20,3,10,12,20,5,5,15,10,1,2,20,20,3,5
3564,3565,3,10,5,5,12,15,1,10,7,25,5,5,7,30,5,2
5214,5215,15,30,3,5,5,10,5,2,7,25,5,5,15,10,5,10
7439,7440,15,30,3,10,5,15,3,10,20,10,3,5,15,10,1,10
4262,4263,15,30,1,5,5,15,3,5,20,10,3,5,7,10,3,2
5085,5086,15,10,5,5,12,20,3,5,20,15,5,5,15,20,5,2
6549,6550,15,20,3,5,12,20,5,5,20,15,3,10,20,30,5,2
4396,4397,8,20,1,5,8,10,5,2,20,25,5,10,15,20,3,10
4753,4754,15,30,1,5,5,20,1,5,15,25,1,5,15,30,5,10
3706,3707,8,30,5,2,8,10,5,2,15,25,1,2,15,30,5,2
3767,3768,3,10,1,5,8,15,1,5,15,10,3,2,7,20,5,10
1525,1526,8,20,1,2,5,15,5,10,20,10,1,2,7,30,1,5
3135,3136,3,10,5,10,5,20,1,2,7,25,1,5,7,10,1,10
4386,4387,3,30,1,2,12,20,1,5,7,25,3,5,20,30,5,2
1575,1576,8,30,1,5,12,10,1,10,7,15,3,10,15,30,3,2
6659,6660,8,20,3,2,8,10,3,5,15,10,5,2,20,30,1,5
6074,6075,8,20,3,2,5,15,3,5,7,10,1,5,7,20,5,5
992,993,8,10,3,10,5,10,3,10,20,15,5,5,15,20,1,5
5301,5302,15,10,3,10,5,15,1,5,7,25,5,5,20,10,3,2
2835,2836,8,10,3,10,12,20,5,10,7,10,5,5,20,10,3,2
4173,4174,3,10,1,2,8,20,3,10,7,25,3,2,7,20,5,2
935,936,8,30,1,5,5,20,3,10,7,10,5,2,15,20,1,10
5624,5625,8,10,5,5,8,10,3,2,15,15,5,5,7,20,3,5
31,32,0,0,0,0,0,0,0,0,0,0,0,0,0,0,0,0
6104,6105,3,30,3,5,12,20,5,2,7,15,5,10,7,20,5,2
3202,3203,3,10,5,10,8,10,3,10,15,15,5,5,15,10,3,2
2285,2286,3,30,3,2,5,15,5,2,15,25,1,5,15,30,3,10
2798,2799,8,10,5,5,12,10,1,5,15,25,1,5,15,10,3,5
964,965,3,10,5,10,12,10,3,5,7,10,1,5,20,20,1,2
3702,3703,8,30,5,5,8,10,1,2,7,10,3,5,15,10,3,2
2924,2925,3,30,5,2,5,10,5,10,15,25,1,5,15,10,1,2
2993,2994,15,30,1,10,5,20,3,5,7,15,1,5,20,10,5,10
49,50,8,30,5,2,8,20,3,2,7,25,1,10,7,20,3,10
1745,1746,8,10,3,2,8,20,1,10,7,25,3,2,7,10,5,10
5019,5020,3,10,3,5,12,20,5,2,15,10,5,5,15,30,5,2
7459,7460,8,20,1,5,12,20,1,5,15,10,5,2,20,30,5,5
5285,5286,3,30,1,5,8,20,3,10,15,25,5,2,20,20,3,10
6770,6771,8,10,5,5,5,10,1,2,15,25,1,5,7,20,1,5
5771,5772,3,20,1,2,5,20,3,10,7,10,5,10,7,10,1,10
3082,3083,15,10,1,10,8,10,3,5,20,25,1,5,15,10,3,10
1389,1390,3,30,5,2,5,20,3,2,20,15,3,10,7,20,5,10
5551,5552,3,10,1,2,12,15,3,10,7,10,5,10,20,30,1,5
5620,5621,8,20,5,10,12,10,5,5,15,10,1,10,7,10,5,5
1930,1931,15,30,5,5,8,20,3,10,15,25,3,2,20,30,5,10
6522,6523,15,10,1,10,12,15,3,2,15,25,1,10,15,10,1,5
5535,5536,15,10,5,5,8,20,1,10,15,10,1,2,7,20,3,5
4827,4828,15,10,5,5,12,20,3,5,15,15,3,2,7,10,1,2
5573,5574,3,30,3,5,8,15,1,5,20,15,5,2,7,10,1,5
5813,5814,8,10,5,10,5,10,3,2,15,10,5,5,20,10,5,5
5406,5407,15,30,3,10,8,15,3,2,20,15,1,2,15,30,5,5
4197,4198,8,10,3,10,8,20,5,5,7,15,5,2,15,30,5,5
3199,3200,3,20,5,5,8,20,5,5,20,10,5,5,20,20,3,10
7142,7143,3,10,3,2,8,15,5,2,20,15,1,5,15,20,3,5
6612,6613,8,30,5,10,8,10,3,5,20,15,3,2,15,30,5,10
5193,5194,3,10,5,10,8,10,3,2,7,10,1,10,15,20,1,5
1271,1272,15,10,3,10,5,15,3,2,20,10,3,10,7,20,5,5
5106,5107,8,30,3,10,12,10,5,10,20,15,3,5,7,10,3,2
5524,5525,8,20,1,10,12,15,5,2,20,10,1,10,7,30,1,2
4270,4271,15,30,5,5,8,10,5,10,15,10,5,5,15,30,5,2
7070,7071,8,30,1,2,5,10,1,2,20,10,3,2,20,20,3,2
2071,2072,3,30,1,2,5,10,5,2,15,10,1,5,15,10,5,2
844,845,3,10,1,10,5,10,1,2,20,15,1,2,7,10,3,10
2207,2208,3,20,1,2,5,20,5,2,15,10,5,5,20,30,1,5
4137,4138,3,20,5,5,12,10,1,2,7,15,1,2,15,30,5,2
3734,3735,3,20,5,2,8,10,5,10,20,25,3,2,7,30,3,5
1831,1832,15,30,1,10,8,10,5,5,15,15,3,5,15,30,5,10
6804,6805,3,30,3,5,5,15,3,5,20,10,1,2,15,20,3,10
2745,2746,3,10,1,10,5,20,1,5,7,15,5,10,20,30,3,5
5304,5305,3,10,3,5,12,10,5,2,15,25,5,10,15,10,5,5
3274,3275,15,10,3,10,12,20,3,10,20,15,5,2,20,30,5,5
1991,1992,3,20,1,5,12,10,3,2,7,15,3,2,15,10,5,10
7011,7012,8,10,5,5,5,20,1,2,20,15,3,5,7,30,5,5
6241,6242,3,20,5,10,5,20,3,2,20,10,3,10,7,30,5,5
6608,6609,3,30,1,2,5,10,3,10,15,15,5,2,7,10,1,2
7183,7184,15,30,3,2,5,10,5,2,15,10,5,5,15,30,3,2
4403,4404,8,10,1,2,12,20,1,5,15,15,1,10,20,20,5,10
3014,3015,15,20,3,2,12,20,3,10,7,25,3,10,7,20,1,5
5686,5687,8,20,3,5,12,15,1,5,7,10,3,5,7,30,1,5
412,413,15,10,3,10,12,10,3,2,15,15,5,2,15,20,5,5
6619,6620,3,20,1,2,12,10,5,10,20,15,3,5,7,30,5,5
691,692,15,10,1,10,12,15,3,5,7,15,5,5,7,10,3,2
6297,6298,8,10,1,5,5,15,5,10,7,25,5,10,15,20,1,5
1611,1612,3,30,5,2,12,10,3,10,20,15,5,10,15,20,3,5
3493,3494,3,30,3,2,12,20,1,5,7,15,1,2,15,20,3,2
6546,6547,8,30,3,10,12,20,5,2,20,10,5,10,15,10,5,5
490,491,15,20,3,2,12,20,5,10,20,10,1,10,20,30,1,10
3079,3080,3,30,1,10,8,10,1,5,20,25,3,5,7,10,5,2
3076,3077,15,10,1,2,5,20,3,5,15,25,3,5,20,20,1,5
1775,1776,8,30,3,2,5,20,5,5,15,10,3,5,20,10,3,2
4943,4944,8,10,5,5,12,20,5,2,7,10,5,5,7,10,3,5
1028,1029,15,10,1,5,5,20,3,10,7,25,3,2,7,30,5,5
6235,6236,3,30,3,10,8,20,5,5,7,15,5,2,7,10,5,2
2492,2493,3,30,3,5,5,10,3,10,15,25,5,10,20,30,3,5
7285,7286,15,30,1,10,8,15,1,2,15,10,3,5,20,10,5,10
6713,6714,15,20,3,2,12,20,1,5,20,25,1,5,7,20,3,5
7575,7576,8,20,3,2,8,10,1,5,15,25,1,10,20,20,1,10
6305,6306,8,30,1,10,12,10,5,5,7,25,1,5,7,20,5,5
2611,2612,8,10,5,2,5,15,1,2,15,10,3,10,7,20,3,2
6017,6018,15,10,3,10,12,15,1,10,7,15,3,5,15,30,1,10
5717,5718,3,10,5,5,12,15,3,10,20,10,5,5,15,10,5,2
5100,5101,3,20,3,2,12,20,1,2,15,10,5,10,15,10,5,2
1219,1220,15,10,3,10,8,20,5,5,15,25,3,5,20,10,1,10
2899,2900,8,20,5,2,8,20,3,2,20,10,3,2,15,10,1,5
1258,1259,8,20,1,5,12,15,3,2,7,15,5,5,7,30,5,5
1049,1050,15,30,5,5,12,10,3,5,15,10,3,2,7,20,5,5
5407,5408,15,20,1,2,8,15,5,5,15,15,3,5,15,20,1,5
3452,3453,15,20,1,10,8,20,3,10,20,10,3,5,20,30,5,10
3791,3792,3,10,3,10,12,15,5,2,15,15,5,2,7,10,5,10
1985,1986,3,10,1,5,12,15,5,5,15,10,1,2,20,20,3,10
41,42,8,30,3,10,12,20,5,2,15,25,5,10,15,30,5,5
5936,5937,8,30,1,10,12,15,1,5,15,25,1,2,20,20,3,10
1588,1589,8,10,1,5,5,15,3,2,15,10,1,10,7,30,3,2
1597,1598,15,20,3,2,5,10,5,10,7,15,1,2,7,10,5,2
501,502,3,30,1,5,5,10,3,5,7,15,3,5,7,20,5,2
1320,1321,8,30,5,2,5,10,5,2,7,25,3,5,15,10,5,2
897,898,15,30,5,2,12,20,3,2,20,15,3,10,15,30,3,5
4346,4347,3,20,5,10,8,20,1,2,7,10,3,2,20,30,3,5
6319,6320,15,10,1,10,12,10,3,5,20,10,5,2,20,30,1,5
3040,3041,8,20,3,5,5,15,1,10,15,25,5,2,7,10,3,2
5167,5168,8,10,1,2,12,20,5,10,20,15,5,5,20,10,1,10
3539,3540,8,20,1,10,5,20,1,10,20,15,3,10,7,20,1,10
4940,4941,3,30,3,5,8,15,1,5,15,15,3,5,15,10,1,2
604,605,15,30,3,10,5,10,3,2,20,15,3,2,15,30,1,10
5481,5482,3,20,1,5,12,15,1,10,15,15,5,5,7,20,3,2
5984,5985,8,10,5,2,5,10,5,2,7,15,3,2,7,20,3,5
7357,7358,3,20,1,10,5,20,3,2,7,15,1,2,7,20,3,10
7196,7197,3,30,1,10,12,15,3,2,7,15,3,10,15,10,5,10
350,351,8,20,5,2,5,10,1,10,20,15,1,10,20,10,5,2
741,742,8,10,3,5,5,20,5,2,7,10,3,2,20,30,1,2
4190,4191,3,20,5,2,12,15,5,10,20,15,1,5,20,20,5,5
1201,1202,15,10,5,10,8,20,1,2,7,25,3,2,20,10,5,5
1949,1950,3,20,3,5,8,10,3,2,7,10,1,5,15,30,5,5
448,449,8,10,3,5,8,15,3,5,20,15,5,2,7,10,1,10
428,429,3,20,3,5,8,10,5,10,7,25,5,2,20,30,3,10
34,35,0,0,0,0,0,0,0,0,0,0,0,0,0,0,0,0
5639,5640,15,10,5,10,5,20,5,5,15,15,5,2,7,30,5,10
1108,1109,3,20,3,2,5,15,1,2,7,10,1,10,20,10,3,2
1207,1208,8,10,1,10,8,20,3,10,15,10,5,2,15,30,5,2
3997,3998,15,10,1,10,5,20,5,10,20,15,1,10,20,30,1,5
287,288,15,10,5,5,12,10,5,10,15,10,1,10,20,10,1,2
6741,6742,3,10,5,2,12,10,5,5,15,10,1,5,7,10,1,10
7018,7019,8,20,5,2,5,15,1,2,20,10,3,2,15,10,1,10
37,38,0,0,0,0,0,0,0,0,0,0,0,0,0,0,0,0
1607,1608,3,30,1,5,12,10,3,2,15,10,3,2,15,20,5,2
3663,3664,8,10,1,2,12,20,5,5,20,10,3,2,7,30,5,5
1694,1695,15,10,3,2,5,15,3,5,20,15,1,10,15,10,1,10
70,71,8,10,5,2,12,15,3,5,15,10,3,2,20,30,1,2
3970,3971,15,10,3,5,5,10,1,10,20,10,3,2,15,30,3,5
1174,1175,3,10,1,10,12,20,5,5,15,25,5,5,7,10,1,10
2278,2279,15,30,5,10,12,15,1,10,7,10,5,10,20,30,5,2
3067,3068,8,30,5,2,12,10,1,5,15,25,1,10,20,10,3,5
4982,4983,3,10,5,5,12,15,5,2,20,25,1,10,20,30,1,10
5163,5164,8,20,1,2,5,10,5,10,15,10,5,2,7,10,1,5
4186,4187,3,10,1,2,12,15,1,2,15,15,3,2,20,20,3,2
2194,2195,8,20,5,2,12,15,3,2,20,25,1,5,20,10,1,10
7115,7116,8,10,3,5,12,20,1,10,20,25,5,2,20,30,3,2
1968,1969,3,10,3,5,12,20,3,5,7,25,5,10,20,10,5,10
5689,5690,3,20,1,10,8,20,5,10,15,15,1,2,7,30,1,5
2067,2068,8,10,1,5,12,15,3,2,20,10,1,5,7,30,5,2
7132,7133,8,10,3,5,8,20,5,5,7,10,3,2,15,20,1,10
2708,2709,15,20,3,10,5,20,1,2,15,10,5,5,20,10,1,2
349,350,15,10,3,10,12,20,5,5,7,10,3,10,7,30,5,10
7418,7419,8,10,3,2,8,15,3,5,7,15,3,5,7,20,3,10
5834,5835,3,20,1,10,5,15,1,5,20,10,5,2,15,20,5,2
5945,5946,3,20,1,5,5,10,1,10,20,10,5,2,7,30,3,10
1150,1151,3,30,1,5,12,15,3,10,7,15,1,2,7,30,1,5
3064,3065,3,30,5,10,5,20,1,2,15,10,3,5,20,10,1,5
5042,5043,8,10,5,2,12,15,5,5,20,10,1,10,20,30,3,10
2251,2252,15,20,1,10,5,15,3,2,7,25,5,5,20,20,3,5
2282,2283,3,30,3,10,12,10,5,2,20,15,5,5,15,20,5,2
2613,2614,3,30,5,5,5,15,1,5,7,10,5,5,15,30,5,2
2739,2740,8,30,5,2,12,15,3,5,20,10,1,2,20,30,3,10
6394,6395,15,10,1,10,12,20,1,5,15,25,3,5,20,30,5,10
87,88,8,30,1,10,12,10,5,5,15,25,1,10,20,20,1,10
5649,5650,15,30,3,5,5,10,5,2,20,15,5,2,20,10,5,10
6152,6153,15,20,1,5,8,10,5,2,20,25,1,10,7,30,5,10
1659,1660,8,30,5,10,12,20,1,5,15,25,3,5,15,20,5,2
1990,1991,15,20,1,10,5,15,5,2,7,25,5,5,20,10,3,5
4557,4558,8,10,3,2,12,10,3,10,7,15,5,10,20,20,1,5
4075,4076,8,20,1,2,12,20,3,5,7,15,5,5,7,10,5,10
5673,5674,3,30,5,2,5,10,3,10,15,10,1,10,7,30,3,5
3629,3630,15,10,1,10,5,15,1,5,7,25,1,2,20,20,5,2
4457,4458,15,10,3,2,5,20,5,5,20,10,1,10,7,10,5,2
3348,3349,3,30,5,2,12,15,1,5,20,10,3,10,20,30,3,10
7252,7253,15,20,5,2,8,15,3,2,7,25,5,5,15,30,5,5
3241,3242,8,30,5,2,12,10,5,10,15,15,5,10,7,30,3,5
277,278,8,10,3,10,12,10,1,5,15,25,3,10,20,10,1,2
7205,7206,15,20,3,10,8,15,1,2,20,15,3,2,20,20,3,2
3214,3215,8,20,5,2,12,15,5,10,7,10,5,10,20,20,3,5
7203,7204,8,30,3,2,5,10,3,10,20,15,1,5,20,20,3,5
2231,2232,3,20,3,2,5,20,3,10,15,10,5,2,15,20,3,5
2233,2234,8,30,1,2,5,15,1,10,7,15,3,10,20,30,1,10
2699,2700,15,30,3,10,12,15,5,5,7,15,1,10,7,10,5,5
2190,2191,15,10,3,10,5,15,5,10,15,10,1,2,7,20,3,10
4657,4658,8,10,1,5,12,20,3,5,7,15,1,10,15,20,1,10
500,501,8,20,5,10,5,20,1,5,15,15,3,2,20,10,1,2
1508,1509,8,20,5,10,12,10,5,2,7,10,5,5,20,10,5,10
3574,3575,8,30,1,10,5,15,1,2,15,25,5,5,7,30,3,10
5342,5343,8,10,3,2,5,20,5,2,15,15,3,2,7,30,3,10
978,979,8,10,1,2,12,20,3,2,7,10,1,10,7,10,1,10
6846,6847,15,20,5,2,5,20,3,2,15,10,5,5,15,10,1,10
1321,1322,15,20,3,10,5,20,1,5,7,25,3,10,20,30,1,2
3632,3633,3,20,1,2,12,15,5,2,20,15,1,2,20,30,1,10
3571,3572,8,10,3,2,8,10,1,5,20,15,5,10,20,20,5,10
2675,2676,15,30,3,5,12,10,1,5,7,10,5,10,20,30,5,10
1423,1424,8,20,5,10,5,15,1,10,20,25,5,5,15,10,5,10
5131,5132,15,10,1,2,12,10,5,2,20,15,3,10,15,20,3,5
6383,6384,8,20,3,2,5,20,5,2,7,15,5,10,15,10,3,10
984,985,8,30,1,10,8,15,5,5,20,25,5,2,15,30,1,10
6098,6099,3,30,5,5,12,20,5,5,20,15,5,5,20,30,3,2
1269,1270,8,30,5,5,12,10,1,10,7,10,3,2,20,30,1,5
914,915,15,20,1,10,12,10,5,10,7,10,5,5,20,30,3,10
3367,3368,8,10,5,5,5,15,5,10,20,25,5,10,15,30,1,5
7128,7129,15,30,5,2,5,15,3,5,7,15,5,5,15,30,3,10
6097,6098,8,20,3,10,5,10,5,2,20,15,3,10,15,30,3,10
4792,4793,3,20,1,10,5,10,5,10,7,25,1,2,15,10,5,5
3623,3624,15,10,3,5,12,20,5,10,7,25,5,5,20,10,1,10
1830,1831,15,30,3,5,8,20,5,5,7,15,3,5,7,10,1,2
3614,3615,3,10,3,10,8,10,1,10,20,10,1,10,15,20,3,5
2600,2601,15,30,3,5,5,20,5,5,15,15,5,2,15,10,1,10
2570,2571,15,20,3,5,12,20,1,10,20,10,3,2,15,10,5,2
6724,6725,3,20,5,10,12,10,1,2,20,10,5,10,7,20,5,5
961,962,8,20,1,2,5,20,1,2,15,25,5,5,15,10,3,10
6100,6101,3,10,5,2,12,15,5,5,15,10,1,10,15,30,1,2
2986,2987,15,10,3,10,5,15,5,5,7,25,1,10,7,10,1,5
3584,3585,8,20,3,5,12,10,5,5,15,25,3,2,7,10,1,5
6712,6713,15,30,3,2,8,20,1,5,15,25,1,5,7,10,3,2
6455,6456,3,10,1,5,8,15,3,5,20,15,3,10,20,20,1,2
6753,6754,3,30,3,10,12,15,1,5,7,25,3,2,7,20,3,5
4839,4840,15,10,5,5,8,10,1,5,15,10,3,2,20,10,5,2
2367,2368,8,20,1,5,8,15,3,10,20,10,5,5,20,30,3,2
3006,3007,8,20,5,5,12,15,5,2,7,10,1,2,7,30,5,5
6685,6686,15,30,3,5,5,20,5,2,7,25,1,10,15,30,3,5
6202,6203,8,10,5,5,5,10,5,5,15,15,3,10,15,20,5,5
688,689,3,30,1,5,8,15,1,5,7,10,3,10,7,30,3,2
6108,6109,3,30,3,10,5,10,3,5,15,10,3,10,15,10,3,10
5379,5380,15,20,1,2,8,20,5,10,15,15,5,5,7,20,5,10
4673,4674,3,10,3,2,5,10,5,5,20,15,1,10,15,20,1,5
6159,6160,8,30,5,10,12,10,5,10,20,15,3,2,15,30,5,5
5526,5527,8,20,5,2,5,10,1,5,15,15,1,2,7,10,3,2
7516,7517,15,10,1,2,8,10,3,2,15,15,3,5,7,30,3,5
6193,6194,15,10,5,10,12,10,5,2,15,25,5,10,15,20,3,5
2165,2166,8,30,3,5,12,10,3,2,15,10,1,10,7,20,3,10
3993,3994,15,10,5,2,8,20,3,2,20,15,3,5,15,20,3,10
3537,3538,3,10,5,10,8,15,5,10,7,25,5,2,15,10,5,2
3606,3607,15,30,5,2,5,20,1,5,15,15,3,5,7,30,1,2
7448,7449,15,20,3,2,5,15,3,2,15,15,3,5,15,10,5,10
5964,5965,15,20,3,10,5,10,3,10,15,25,3,2,20,20,3,5
1145,1146,8,20,5,2,8,10,3,10,7,25,1,10,7,30,5,5
5882,5883,8,30,5,2,8,15,3,5,20,10,3,10,20,30,5,5
2813,2814,3,20,3,5,12,20,1,5,7,10,5,10,7,20,3,10
3370,3371,3,10,5,2,5,15,1,10,7,25,1,5,15,10,1,5
1120,1121,3,20,5,2,12,15,1,5,7,25,3,2,20,30,3,5
1245,1246,15,30,5,2,5,10,5,10,15,25,1,5,7,20,5,10
1719,1720,3,20,5,10,8,15,3,10,7,25,1,5,20,30,3,10
4160,4161,3,10,3,10,8,20,1,5,7,25,3,10,20,30,1,2
7292,7293,3,10,3,2,8,20,1,5,20,25,1,2,15,10,3,10
188,189,15,30,1,2,12,15,5,2,7,25,1,10,15,20,1,5
2767,2768,3,30,5,2,8,15,1,5,20,25,3,2,7,20,5,10
1803,1804,15,30,1,10,5,15,1,5,20,25,3,5,20,30,1,10
2597,2598,3,20,3,5,5,10,3,5,20,25,1,10,20,10,1,5
5862,5863,8,30,3,5,8,15,1,5,7,10,3,5,15,10,5,2
5731,5732,8,20,1,2,12,20,5,5,20,25,3,2,15,10,5,5
6967,6968,8,30,5,5,12,20,1,5,20,15,1,5,7,30,5,5
6007,6008,3,20,1,10,5,15,1,2,20,25,3,10,15,20,5,2
4643,4644,3,30,3,2,8,20,3,2,20,10,3,10,7,10,1,10
6005,6006,8,20,3,5,8,20,1,5,20,15,3,2,15,20,3,10
5901,5902,8,20,3,5,12,15,3,5,15,15,3,2,15,20,1,2
2561,2562,8,30,3,5,8,20,5,5,15,25,5,5,15,20,3,2
7690,7691,15,30,1,2,8,15,1,2,7,15,1,2,20,30,1,5
2143,2144,15,20,3,2,8,10,1,10,20,10,3,2,7,30,1,10
4179,4180,15,30,5,10,12,15,5,5,20,15,5,10,15,30,3,10
210,211,8,20,3,2,8,15,3,10,7,25,5,10,7,10,1,2
6742,6743,3,10,5,5,8,15,3,5,15,15,3,2,20,20,3,10
3151,3152,15,10,5,2,12,20,1,10,7,25,1,10,7,30,3,10
5483,5484,3,30,1,10,5,15,1,10,20,25,5,10,20,30,3,5
568,569,3,30,1,2,5,10,5,10,20,10,5,10,7,20,5,10
4246,4247,15,30,3,2,12,15,1,2,15,15,3,5,7,10,1,5
7041,7042,15,10,1,10,5,20,5,10,7,10,3,2,15,30,5,5
788,789,15,20,5,5,8,20,1,2,15,25,5,10,7,10,1,10
2157,2158,8,20,1,10,8,10,3,2,7,25,5,2,20,10,5,10
966,967,3,20,5,5,8,10,5,5,15,25,3,10,7,20,3,5
5474,5475,3,20,3,10,12,20,1,2,15,25,1,5,7,10,5,10
5447,5448,15,10,1,10,12,10,5,2,20,25,1,5,20,20,5,10
6006,6007,8,20,1,2,5,15,3,2,7,15,3,10,15,10,5,2
883,884,15,30,1,5,12,15,3,10,7,10,3,5,20,30,1,10
965,966,15,30,3,2,8,10,1,2,20,15,5,2,15,30,3,5
5429,5430,15,20,5,10,12,10,3,10,7,25,1,2,7,20,5,5
6432,6433,8,20,5,10,12,20,1,5,15,15,1,5,15,20,3,5
638,639,3,10,3,2,12,20,3,5,15,10,3,10,20,30,1,2
6823,6824,15,30,3,10,5,20,5,10,7,10,3,5,7,30,1,5
5362,5363,15,30,5,5,12,20,1,5,20,25,5,5,7,20,1,2
130,131,3,20,1,10,5,15,5,5,7,25,1,2,7,20,5,2
6446,6447,15,10,5,2,12,15,3,5,20,25,3,10,20,10,5,2
5851,5852,15,30,1,2,8,10,5,5,20,10,5,10,15,30,1,5
4131,4132,15,30,5,5,5,10,5,5,20,15,3,10,20,20,1,2
6189,6190,3,20,1,10,8,15,3,5,15,25,5,2,20,20,1,2
3787,3788,3,10,3,10,5,20,5,5,20,15,1,10,15,20,1,10
1421,1422,3,10,5,10,12,10,5,10,7,10,3,5,20,20,3,5
7445,7446,8,30,3,2,12,15,3,10,7,25,1,10,7,30,5,5
934,935,15,30,3,5,8,15,5,2,7,10,3,2,20,20,5,10
6938,6939,3,30,5,2,8,20,1,10,7,10,1,10,20,20,3,2
1538,1539,3,30,5,10,5,15,5,10,20,15,3,2,15,30,3,5
3670,3671,3,30,1,5,5,20,1,2,20,15,5,10,15,30,3,2
4788,4789,15,10,1,5,5,10,3,2,7,10,1,10,20,30,1,2
2647,2648,8,10,5,2,12,15,5,5,7,25,1,5,20,20,1,5
3874,3875,15,10,1,10,8,15,3,5,20,15,5,10,15,10,3,2
5780,5781,3,30,5,10,8,15,5,5,7,10,5,10,15,10,5,2
1980,1981,3,10,3,10,8,10,1,2,7,15,3,2,20,10,1,2
6504,6505,3,10,5,5,5,20,1,10,7,15,1,5,15,30,5,10
7087,7088,8,10,5,2,12,10,1,5,15,25,3,5,7,20,5,5
6588,6589,3,20,1,10,12,20,1,5,20,15,5,5,7,10,1,5
153,154,15,20,5,10,5,20,1,10,20,10,1,10,15,10,1,10
442,443,8,20,1,5,5,15,1,10,7,10,5,5,15,20,1,10
2451,2452,8,10,5,10,12,15,5,2,15,15,3,2,20,20,3,5
6606,6607,3,20,3,10,8,15,3,10,15,10,5,10,15,30,3,10
6245,6246,8,20,3,5,8,10,5,2,7,10,1,5,20,30,3,10
480,481,15,20,3,2,12,20,3,2,7,25,1,10,15,20,1,2
4387,4388,3,30,1,10,8,10,3,10,20,25,1,2,20,10,1,2
5802,5803,15,10,1,10,5,15,5,2,15,10,1,2,7,20,1,5
1548,1549,8,20,3,5,8,15,3,10,15,15,5,5,15,30,1,10
2510,2511,15,30,3,5,12,20,3,10,7,15,3,5,20,20,3,10
5509,5510,3,20,1,5,12,10,1,2,15,10,3,10,7,20,1,2
4241,4242,8,20,1,5,8,10,5,2,15,25,3,2,20,20,1,5
4625,4626,3,20,5,2,8,15,1,10,20,25,3,10,7,20,3,5
1156,1157,8,30,5,10,5,10,3,2,20,15,1,10,15,20,5,2
1583,1584,3,30,5,2,8,15,3,2,15,25,1,5,15,10,5,2
1297,1298,8,20,3,2,8,10,5,10,20,10,1,10,15,20,1,2
605,606,15,20,1,2,12,15,5,2,7,25,5,10,7,10,5,5
351,352,15,10,3,2,8,15,1,10,7,10,1,2,15,20,3,5
5038,5039,8,20,1,2,8,20,5,10,15,25,3,10,15,30,5,10
722,723,8,30,3,10,12,10,1,2,20,10,1,2,20,20,1,2
2315,2316,8,30,1,10,5,10,1,2,15,15,5,2,20,30,3,5
2385,2386,3,20,3,2,12,15,3,10,20,10,1,10,7,20,5,5
1841,1842,8,30,3,10,5,10,5,10,15,10,5,2,7,30,3,10
2061,2062,15,10,3,5,8,10,5,2,15,25,3,2,20,10,1,2
3880,3881,8,30,5,2,5,20,5,5,7,25,5,5,15,30,5,10
1974,1975,3,30,3,5,8,20,3,10,20,10,5,2,20,20,1,5
623,624,15,30,3,2,5,15,5,5,15,15,5,10,20,10,5,2
807,808,8,10,5,2,8,20,3,5,15,10,3,5,20,30,5,2
3697,3698,8,30,5,5,5,20,5,10,7,25,1,10,20,30,1,2
6161,6162,8,20,1,10,5,10,5,5,7,10,3,10,20,30,1,10
7425,7426,15,10,3,5,12,20,5,5,7,15,5,10,7,10,1,2
6184,6185,8,10,5,10,12,10,3,5,15,25,1,10,15,10,3,2
5375,5376,8,10,1,10,12,20,5,10,7,15,5,5,15,30,1,10
6708,6709,3,20,3,10,12,15,5,10,20,10,3,2,15,10,5,2
5565,5566,15,30,3,2,5,15,5,5,20,25,5,5,20,20,3,5
4271,4272,15,10,1,2,5,20,5,2,7,25,1,2,7,20,1,10
2316,2317,15,30,5,10,5,15,1,2,20,25,1,10,15,20,1,10
4302,4303,15,20,1,10,12,15,3,5,7,10,1,2,7,20,1,2
2025,2026,3,10,3,2,5,15,1,2,7,10,5,10,15,20,1,5
3110,3111,3,30,3,2,8,20,5,10,20,15,5,10,15,30,5,5
6320,6321,15,20,3,10,8,20,5,10,7,10,5,10,15,30,3,2
1518,1519,3,20,1,10,12,15,1,10,7,10,5,10,7,10,3,2
6519,6520,15,20,5,10,8,15,3,5,20,15,3,5,15,30,5,2
119,120,3,20,1,5,12,15,5,10,7,25,5,2,15,30,5,10
4100,4101,3,10,3,2,8,15,3,10,20,25,1,2,15,10,3,2
3494,3495,8,20,5,10,12,15,1,10,15,10,3,2,7,10,3,10
3328,3329,8,30,3,10,12,15,1,5,20,10,5,2,15,10,1,2
4380,4381,15,30,3,10,5,10,5,2,20,10,3,2,15,20,5,2
3497,3498,15,20,1,5,5,20,3,5,20,10,3,5,20,10,3,10
5630,5631,3,10,1,5,12,20,3,2,15,15,3,5,15,30,1,5
1546,1547,3,10,5,10,5,10,3,10,15,10,1,2,20,20,3,10
521,522,3,30,5,10,8,10,1,2,20,10,3,10,20,20,3,5
1021,1022,15,30,1,5,8,10,3,10,15,25,5,5,15,20,1,2
2032,2033,3,30,1,2,5,10,5,2,20,25,3,2,7,30,3,5
173,174,8,30,3,10,12,20,5,2,7,15,5,2,7,20,5,10
3885,3886,15,30,5,5,8,20,3,5,20,25,5,5,15,30,1,2
1175,1176,3,20,3,2,5,10,3,2,20,15,3,10,7,20,3,10
2294,2295,15,20,3,10,12,20,3,10,20,10,5,2,7,20,1,5
5540,5541,3,30,5,5,8,10,3,10,20,25,3,2,20,20,1,5
4368,4369,3,30,3,10,8,20,3,2,7,15,3,2,7,20,1,10
2037,2038,8,10,3,5,12,20,5,5,7,25,1,5,15,20,1,5
3908,3909,3,20,5,2,5,10,5,5,15,10,5,2,20,10,5,10
3621,3622,15,30,5,10,8,15,5,10,7,10,1,5,20,10,5,10
4875,4876,15,30,3,2,12,20,5,10,15,25,5,5,15,20,3,10
6913,6914,8,10,5,2,12,20,5,10,15,15,5,10,20,10,1,10
2293,2294,15,30,1,10,5,20,1,2,15,25,1,2,7,10,5,10
420,421,3,30,5,2,12,15,1,10,15,25,5,10,20,30,5,5
545,546,8,20,3,5,8,10,3,2,15,25,1,10,15,10,5,5
5807,5808,8,10,3,2,8,10,5,2,7,10,1,10,7,30,1,2
5401,5402,3,10,5,10,8,10,1,5,15,15,5,2,7,30,3,10
1223,1224,15,10,1,10,8,10,1,2,20,25,3,5,15,20,3,10
6279,6280,15,10,5,2,8,15,3,10,15,15,1,5,20,20,3,10
6809,6810,15,10,3,2,12,10,1,10,7,10,1,5,15,30,1,2
7112,7113,15,20,1,5,8,20,1,2,15,10,3,2,20,10,3,5
1671,1672,3,20,1,10,5,15,3,5,15,15,5,10,15,30,1,10
33,34,0,0,0,0,0,0,0,0,0,0,0,0,0,0,0,0
7347,7348,15,10,5,2,8,10,5,5,7,15,5,10,7,30,3,5
6037,6038,8,30,3,5,8,20,3,5,20,25,1,2,7,10,1,5
417,418,3,30,5,10,12,10,5,10,15,10,5,5,20,30,5,5
6056,6057,15,20,1,10,8,10,3,2,15,15,3,5,15,30,5,2
7499,7500,8,10,5,2,5,10,1,2,15,15,3,2,20,20,1,10
1327,1328,15,20,5,2,12,10,3,2,15,25,5,5,7,20,3,10
7372,7373,8,30,1,5,5,20,5,5,20,25,3,10,20,20,1,5
4916,4917,8,10,5,2,12,15,5,2,15,25,3,5,15,30,1,2
5589,5590,15,20,1,10,5,10,3,2,20,25,3,2,15,30,3,5
769,770,3,20,1,10,8,15,5,2,20,10,5,10,15,20,5,10
7073,7074,8,10,5,10,5,15,5,10,15,15,1,2,7,10,3,10
2258,2259,3,30,5,2,5,20,5,5,20,10,1,5,20,20,3,10
4639,4640,15,20,3,2,12,20,1,2,7,15,1,5,7,30,1,5
1261,1262,3,30,5,10,12,10,3,5,7,25,3,2,7,30,1,2
5182,5183,15,10,1,5,8,15,1,2,15,15,3,5,20,20,5,10
1579,1580,3,20,5,10,12,15,3,5,15,25,3,2,20,30,3,10
3247,3248,3,10,3,10,5,10,5,5,7,15,5,5,20,10,5,5
5451,5452,15,20,1,2,8,15,5,10,15,10,3,10,7,10,1,10
5811,5812,3,20,3,10,8,10,3,2,15,10,1,5,20,10,1,2
3486,3487,8,30,1,2,8,20,5,10,20,10,1,2,7,30,5,5
879,880,8,20,1,2,8,15,3,5,7,15,1,10,20,10,3,5
1832,1833,8,30,1,10,8,10,5,10,7,25,1,5,15,30,3,2
4779,4780,8,10,1,5,12,20,5,10,7,10,3,10,20,20,1,5
6418,6419,15,20,5,10,8,10,1,2,15,25,3,10,15,10,1,10
2862,2863,8,30,5,2,12,20,1,10,15,25,5,2,20,10,1,5
3724,3725,3,10,1,10,12,15,3,10,20,10,3,5,7,30,3,10
5701,5702,3,30,1,2,5,15,5,10,20,10,1,10,20,30,1,10
152,153,8,10,1,5,12,20,3,2,7,15,1,5,7,20,1,5
1910,1911,3,20,1,10,5,15,1,10,7,15,1,10,7,10,3,5
6574,6575,15,10,3,10,8,20,5,10,7,15,3,5,15,10,1,10
1900,1901,15,20,1,10,8,20,1,2,20,10,3,10,7,30,5,10
3290,3291,8,10,5,2,5,15,3,10,7,25,5,10,7,20,1,5
4264,4265,15,20,1,5,12,10,1,5,20,10,1,10,20,10,3,10
660,661,3,10,1,10,5,15,3,2,15,25,5,10,20,10,1,2
5579,5580,8,10,3,10,12,10,5,5,15,10,1,2,15,10,3,10
7631,7632,8,20,1,2,5,15,5,10,7,25,1,5,20,10,5,2
2485,2486,3,20,5,2,8,10,3,10,20,15,5,2,15,10,1,10
6550,6551,15,10,1,2,8,15,1,5,7,15,1,10,20,10,5,10
1170,1171,15,10,3,5,5,20,3,2,20,25,1,2,20,10,1,5
2391,2392,3,30,1,10,12,10,1,5,15,25,1,10,15,20,3,5
6794,6795,8,30,5,5,8,10,1,5,15,25,3,5,7,20,1,5
1022,1023,15,30,3,2,5,10,5,5,20,25,3,5,15,30,5,5
5638,5639,15,10,3,2,5,15,3,5,20,25,1,2,7,10,1,5
1947,1948,8,10,5,10,8,10,1,10,15,25,1,10,7,30,1,10
6584,6585,8,10,5,2,12,10,1,10,7,25,5,10,15,10,3,2
2222,2223,3,10,3,5,8,10,1,10,15,25,3,2,15,30,5,5
6206,6207,8,10,5,2,8,15,5,2,15,15,3,5,7,10,3,5
802,803,15,10,1,2,12,10,5,2,7,25,1,10,7,30,3,5
6613,6614,8,20,1,5,5,20,5,10,15,15,5,2,20,20,1,2
6496,6497,3,10,3,5,5,20,3,5,15,10,5,2,20,10,1,2
5817,5818,15,10,1,10,8,10,1,10,20,25,1,5,20,30,3,5
5879,5880,3,10,1,5,12,20,5,5,15,25,5,2,7,20,1,2
1806,1807,3,20,1,5,12,15,3,10,20,15,5,5,7,30,1,10
3449,3450,8,30,1,5,12,20,3,2,20,10,1,5,15,10,3,5
6493,6494,8,30,5,5,8,10,1,5,20,25,1,2,7,20,5,5
2149,2150,15,30,1,10,12,15,3,10,7,25,5,10,7,20,3,10
6363,6364,15,20,3,5,5,15,1,5,15,15,1,2,7,10,5,10
1668,1669,8,20,3,5,5,15,1,2,20,15,1,2,20,10,3,10
389,390,15,10,5,5,8,10,5,10,7,25,3,10,7,20,3,2
2206,2207,15,30,3,10,12,20,5,2,7,25,1,10,15,30,1,2
6183,6184,8,30,5,5,8,15,5,2,20,15,1,2,20,20,5,2
89,90,15,20,1,10,8,10,1,2,7,10,1,10,15,30,3,5
3128,3129,15,20,1,5,5,10,5,10,7,10,3,10,20,30,3,2
1729,1730,3,20,3,2,8,20,3,10,20,25,3,2,20,10,1,2
3081,3082,8,10,1,5,5,10,1,2,20,15,5,5,7,30,1,5
2578,2579,3,20,1,2,8,10,5,10,20,15,5,2,15,10,3,5
7496,7497,3,30,1,2,8,20,5,2,20,15,3,5,20,20,1,10
3738,3739,8,20,1,10,8,20,1,5,15,25,1,10,7,10,1,2
29,30,0,0,0,0,0,0,0,0,0,0,0,0,0,0,0,0
7606,7607,3,30,3,5,5,20,1,5,7,10,5,5,7,20,5,5
5966,5967,8,30,1,5,5,20,1,2,20,10,3,10,15,10,5,2
1449,1450,15,30,3,5,8,10,3,10,7,15,1,5,7,20,5,2
4842,4843,15,30,3,10,12,15,1,5,15,15,5,10,20,20,3,10
1736,1737,8,20,5,10,12,20,3,2,20,25,3,10,20,20,5,10
7015,7016,15,30,1,10,12,20,3,10,7,25,1,10,15,30,5,10
7502,7503,15,10,1,10,12,15,3,2,20,10,1,10,15,10,5,10
6680,6681,3,30,3,10,8,10,3,2,20,15,3,10,20,10,5,2
6831,6832,3,20,3,2,12,15,3,5,7,10,1,5,20,20,3,10
2515,2516,8,20,3,10,12,20,1,2,20,25,3,10,7,20,5,2
294,295,8,20,3,2,8,10,3,5,7,25,1,5,7,30,5,5
5083,5084,8,30,5,2,8,20,3,10,20,10,1,5,7,10,5,2
7688,7689,15,10,5,5,5,10,1,5,7,25,5,10,7,10,5,5
4042,4043,15,30,3,2,12,15,3,5,20,25,5,5,7,10,3,5
3924,3925,8,10,5,2,8,10,1,2,15,10,3,2,7,10,5,2
1691,1692,15,30,3,2,5,20,5,5,7,15,3,10,7,20,3,5
3046,3047,15,30,5,5,5,10,5,5,7,10,1,2,7,30,5,2
1225,1226,8,20,3,10,12,15,1,10,15,10,5,5,15,20,5,2
7253,7254,8,10,3,2,12,10,5,2,20,25,1,5,20,10,5,5
2883,2884,15,10,1,10,5,10,3,10,7,15,1,5,20,20,3,10
4719,4720,8,30,3,5,12,10,5,2,7,15,5,10,15,30,1,5
587,588,3,30,1,5,12,10,1,10,15,10,3,5,7,20,5,2
3372,3373,15,10,1,5,8,15,3,2,20,25,3,10,20,30,5,10
4869,4870,3,30,1,5,8,10,1,10,7,10,5,5,7,10,5,10
6998,6999,3,30,3,2,5,10,1,10,7,10,3,10,15,20,5,10
589,590,15,30,5,5,5,20,3,5,15,25,5,10,15,20,5,10
3735,3736,15,20,5,5,5,20,1,10,7,15,3,2,15,10,5,2
40,41,15,30,3,10,5,20,1,2,15,10,5,5,20,20,3,2
3865,3866,8,30,5,5,8,10,3,10,7,25,1,2,7,10,3,5
1772,1773,3,10,5,2,8,20,1,2,20,15,3,5,20,20,1,10
963,964,15,10,5,2,12,15,1,10,15,10,1,10,15,20,5,5
5931,5932,15,30,1,2,8,15,3,2,7,10,1,2,15,20,1,10
658,659,15,20,1,2,8,20,3,5,7,15,5,10,20,10,3,5
7124,7125,15,20,3,10,5,20,1,2,20,25,1,5,7,30,5,2
2381,2382,3,30,5,2,12,10,1,10,15,15,3,5,20,20,3,2
6259,6260,3,30,3,10,12,15,5,10,7,15,5,10,15,30,5,2
1661,1662,8,10,3,2,12,10,5,5,15,10,3,10,15,20,1,5
5861,5862,3,20,3,2,5,20,1,10,15,25,3,10,7,10,3,2
2746,2747,3,10,5,5,12,20,3,5,7,10,3,10,15,30,1,2
3458,3459,3,20,1,5,5,10,3,2,7,25,1,2,20,30,5,5
2277,2278,3,30,5,2,5,10,3,5,7,25,3,5,7,30,1,5
4695,4696,15,30,3,2,12,20,5,2,20,10,3,5,15,30,5,5
5027,5028,3,20,3,5,12,10,1,2,15,10,5,5,15,20,3,5
5470,5471,8,30,5,2,5,10,5,2,20,10,3,10,20,10,1,2
3808,3809,15,30,3,5,12,15,5,2,20,25,5,5,7,10,1,10
7380,7381,8,20,1,5,5,15,5,5,7,15,3,5,7,20,1,2
1678,1679,15,20,3,10,12,20,5,10,7,10,1,10,7,10,3,5
4351,4352,15,10,1,10,5,10,5,10,20,10,3,2,20,20,1,5
7373,7374,3,20,5,2,8,10,3,10,7,10,5,10,20,10,3,2
1358,1359,15,30,1,2,12,15,1,10,20,25,1,10,20,30,1,2
1749,1750,8,20,1,2,5,10,3,10,7,15,5,5,15,10,1,10
2987,2988,3,20,5,5,5,20,1,10,15,25,5,2,15,30,5,2
1937,1938,8,10,5,2,8,15,1,2,15,25,3,10,7,20,1,2
3634,3635,15,30,1,10,5,20,1,2,7,10,3,5,7,20,1,2
7651,7652,15,30,3,2,12,20,1,5,15,15,1,2,7,30,1,5
4578,4579,8,10,3,2,5,15,3,2,7,15,1,2,15,20,1,2
3330,3331,15,20,1,2,12,15,5,5,7,25,3,2,7,10,3,2
967,968,8,20,5,5,12,15,3,2,7,25,1,10,7,20,3,2
2641,2642,15,30,1,5,5,10,1,10,20,10,1,10,7,10,1,5
630,631,8,20,5,5,12,10,1,10,7,25,1,2,20,20,5,5
5794,5795,8,20,1,5,8,20,1,2,7,15,1,2,7,30,5,5
5045,5046,8,10,1,2,5,20,3,10,20,25,5,10,15,20,5,10
6347,6348,3,10,5,5,12,10,1,10,7,10,1,5,20,20,1,10
5457,5458,8,10,3,5,12,10,5,10,20,10,5,10,20,30,3,2
5542,5543,3,20,1,2,8,10,5,5,20,10,5,5,20,30,1,2
7392,7393,3,10,3,5,12,20,3,5,20,15,3,5,7,20,5,10
2123,2124,3,30,5,10,12,20,3,10,7,25,5,2,20,30,5,2
4893,4894,3,20,3,10,8,15,3,2,7,25,5,10,15,20,3,10
7140,7141,15,20,3,5,12,10,3,10,7,25,1,10,20,10,1,2
6223,6224,3,10,1,2,12,15,5,2,7,15,1,10,7,20,5,10
4395,4396,15,10,1,2,12,20,1,10,20,10,3,2,15,10,1,5
4095,4096,15,30,5,10,5,15,5,5,7,15,1,10,20,30,3,2
2402,2403,8,10,5,5,5,15,3,5,7,15,3,10,15,30,1,2
4454,4455,8,30,5,5,12,20,3,10,15,25,5,10,15,30,5,5
7236,7237,8,20,1,5,5,15,3,10,15,25,5,5,15,10,1,10
2300,2301,8,10,3,10,5,10,3,10,20,15,5,5,15,10,3,2
2857,2858,8,20,1,2,8,20,5,10,20,25,5,5,20,10,3,10
3103,3104,15,10,1,2,12,15,5,10,15,15,5,10,15,20,5,10
784,785,8,30,3,5,12,10,1,5,20,10,1,5,7,10,3,5
4167,4168,15,30,1,2,8,20,5,10,20,10,5,5,7,20,1,2
2147,2148,15,10,3,10,12,10,1,10,20,15,1,2,7,30,3,2
1759,1760,15,30,5,2,12,20,3,2,15,10,3,5,15,10,5,2
2490,2491,3,30,1,2,5,20,3,5,15,25,1,10,20,10,5,2
6226,6227,15,10,1,5,5,10,1,10,15,25,5,2,7,10,5,10
4907,4908,3,20,5,2,5,20,1,10,15,10,1,2,20,10,3,10
5979,5980,3,20,3,5,12,15,1,10,15,25,3,5,7,30,3,2
3772,3773,8,10,3,10,5,20,1,2,7,10,5,5,7,20,5,5
1614,1615,3,30,1,5,8,15,5,2,7,15,1,2,7,20,1,5
7339,7340,15,20,3,2,8,15,1,5,7,15,5,2,15,10,1,2
1039,1040,8,30,5,5,12,15,1,10,15,25,5,5,7,20,5,10
2831,2832,15,30,1,2,8,15,1,5,20,10,5,2,7,10,5,10
6686,6687,8,10,1,2,12,20,1,5,7,25,5,2,15,10,5,10
855,856,3,10,1,2,12,15,5,5,20,15,1,2,15,10,3,2
2729,2730,8,20,1,5,12,15,1,5,20,10,5,2,20,20,5,5
2929,2930,15,30,3,10,5,10,1,2,7,10,3,2,7,10,1,2
4575,4576,8,30,3,10,8,20,1,5,7,15,5,10,7,10,3,2
4082,4083,15,20,5,2,8,10,3,10,7,10,3,5,20,20,3,5
3778,3779,8,20,1,10,8,20,1,2,15,25,1,5,7,10,1,2
297,298,15,10,1,10,5,15,1,2,7,10,1,10,7,30,3,2
6698,6699,3,10,1,2,12,20,3,10,7,25,1,10,20,30,5,10
2379,2380,3,30,3,5,8,15,5,10,20,15,1,5,7,30,1,2
4671,4672,3,30,1,2,5,15,3,10,20,10,5,10,15,20,1,5
4426,4427,15,20,3,10,8,20,3,10,20,15,5,2,7,10,1,10
3991,3992,8,20,3,5,8,10,1,5,15,15,3,5,7,10,3,10
6639,6640,15,10,5,2,8,10,3,5,20,15,5,10,7,20,3,5
3504,3505,15,30,1,5,8,15,5,10,15,25,5,10,7,10,5,2
4145,4146,3,20,5,10,5,10,5,5,7,15,3,2,20,20,3,5
1009,1010,8,30,3,10,5,15,1,2,20,15,5,10,15,30,1,2
682,683,3,10,5,10,5,15,3,5,7,10,3,2,20,20,5,10
1794,1795,8,10,5,5,8,10,1,10,20,25,3,5,15,30,3,10
3228,3229,15,10,3,10,5,20,5,2,7,15,3,5,15,20,1,10
6013,6014,15,20,1,5,12,15,5,5,15,25,5,5,7,20,5,2
352,353,3,30,1,2,8,15,1,2,7,25,3,5,15,10,1,10
69,70,8,30,5,5,12,20,1,5,7,10,3,5,15,10,5,2
7507,7508,15,10,3,5,8,10,1,10,7,25,1,10,20,20,3,10
5082,5083,3,10,1,10,5,20,5,5,15,15,5,2,20,30,1,2
5900,5901,3,20,1,2,12,20,1,2,15,10,1,2,20,10,5,2
410,411,15,30,3,2,5,15,3,2,7,10,5,2,7,20,3,10
4379,4380,15,30,5,10,12,15,1,2,15,10,1,2,7,30,3,10
2878,2879,3,30,3,10,12,20,3,2,20,25,3,10,7,10,5,5
649,650,3,30,5,5,8,15,1,2,15,10,3,5,15,20,3,10
7251,7252,3,30,1,10,12,10,1,2,20,25,3,5,20,20,5,2
6847,6848,8,10,1,10,8,20,1,2,15,25,3,5,15,30,5,5
5146,5147,8,20,5,10,8,20,1,10,15,15,1,5,15,30,5,5
615,616,8,10,3,2,5,20,1,5,20,25,1,2,20,20,1,2
4181,4182,8,30,5,10,8,20,3,2,7,25,5,5,7,20,5,2
3271,3272,8,30,1,2,12,20,1,2,20,10,5,2,7,10,3,2
3306,3307,8,10,5,2,5,20,5,2,20,15,3,5,15,10,5,2
79,80,8,10,5,10,5,10,1,2,20,25,5,5,7,20,5,10
5523,5524,8,10,3,5,12,10,1,2,15,10,5,5,20,30,3,10
7397,7398,3,20,5,5,8,20,5,2,7,15,3,5,15,20,5,5
5989,5990,15,20,5,2,12,20,1,10,20,25,1,10,20,10,1,2
6133,6134,15,10,1,10,12,20,3,2,15,15,5,10,15,10,1,5
905,906,8,30,1,5,5,20,3,10,7,15,3,5,7,10,3,2
4854,4855,8,20,3,10,5,10,3,2,7,15,5,10,15,30,3,5
5669,5670,8,20,3,10,12,15,3,5,15,15,1,5,7,20,1,2
7080,7081,3,20,3,10,5,15,1,5,7,10,3,2,7,10,5,5
3375,3376,3,20,1,5,5,15,1,10,20,15,5,5,15,30,3,2
7035,7036,3,10,5,2,5,10,1,2,15,15,3,10,20,10,5,10
6818,6819,8,10,3,5,12,10,1,10,20,15,3,10,7,20,1,5
5742,5743,8,20,3,10,8,20,5,5,7,15,1,5,7,30,5,5
1959,1960,8,30,1,2,8,20,5,2,20,10,1,2,15,10,3,10
3572,3573,15,20,1,5,5,20,3,10,20,10,5,5,7,30,3,5
3434,3435,15,30,1,5,8,20,1,2,7,15,5,2,15,20,1,2
787,788,8,20,5,5,12,10,3,2,7,25,1,10,7,30,1,10
6425,6426,3,10,5,10,8,10,5,2,15,25,5,10,15,10,3,5
4033,4034,15,10,5,5,12,10,3,2,20,25,3,2,15,30,1,2
1906,1907,8,30,1,10,12,15,3,2,20,10,5,2,7,30,5,5
1070,1071,3,10,3,5,5,10,3,10,15,25,3,5,15,10,3,10
4937,4938,15,20,1,2,12,20,1,5,20,25,3,10,7,20,5,2
5746,5747,15,20,1,10,8,15,1,10,20,15,1,2,7,20,1,10
5563,5564,8,20,5,10,12,20,1,5,20,25,1,2,7,30,1,5
3592,3593,8,20,5,2,5,15,1,10,7,25,1,5,7,20,3,5
1284,1285,3,30,1,5,12,10,5,10,20,25,1,2,7,10,3,5
6620,6621,15,20,3,5,8,10,5,10,7,25,1,2,7,30,3,2
4411,4412,3,10,3,5,5,15,1,10,7,25,1,10,20,20,5,10
7432,7433,8,30,1,5,5,20,1,2,20,25,1,2,7,20,5,2
7346,7347,15,10,5,5,5,20,5,5,20,25,1,10,15,20,1,5
4309,4310,8,30,1,10,12,15,5,2,20,25,5,2,7,10,3,5
6883,6884,3,30,5,10,5,10,1,5,15,10,5,2,15,30,3,10
7247,7248,3,30,3,10,5,15,1,10,20,15,1,10,20,30,3,10
7198,7199,15,10,3,10,5,15,5,2,7,15,3,5,15,20,1,10
245,246,15,20,1,10,12,20,1,2,15,15,3,5,20,10,3,2
5121,5122,3,10,5,2,12,15,1,2,15,10,5,10,15,10,3,10
1697,1698,8,10,1,10,12,15,1,5,15,25,5,5,15,10,1,2
1956,1957,8,20,3,2,5,10,1,10,20,15,5,5,15,10,1,10
1248,1249,8,10,3,5,12,15,1,10,7,15,3,2,7,10,3,5
3525,3526,3,10,1,10,12,20,1,10,7,15,1,5,20,30,5,5
3694,3695,15,10,1,10,12,20,3,2,15,25,3,10,20,20,5,10
7536,7537,15,30,3,10,12,15,5,10,7,25,3,2,7,20,5,2
7240,7241,3,30,1,2,5,20,5,2,7,25,1,5,7,30,3,10
2026,2027,15,10,3,2,8,20,1,10,7,25,5,5,20,10,3,10
5657,5658,15,20,1,5,5,10,3,2,20,25,3,5,15,10,5,2
38,39,0,0,0,0,0,0,0,0,0,0,0,0,0,0,0,0
2700,2701,15,30,5,10,12,15,1,5,7,10,3,10,15,10,1,5
2406,2407,3,30,5,2,12,10,1,10,7,10,1,5,7,30,1,2
5585,5586,3,30,5,5,12,10,1,10,15,10,5,2,7,30,5,10
4727,4728,8,20,5,5,8,20,1,10,7,10,5,10,15,30,1,2
2349,2350,3,10,1,2,8,15,1,2,20,10,3,10,15,20,5,5
1705,1706,8,20,3,10,5,10,1,10,15,25,5,2,20,20,3,2
5356,5357,3,10,1,2,12,10,3,10,20,15,1,5,7,10,1,5
3709,3710,15,10,5,10,12,20,1,2,15,10,3,10,7,10,1,2
48,49,15,20,3,2,5,20,3,5,7,25,1,2,20,10,1,5
2205,2206,8,20,1,2,12,15,1,5,15,15,5,2,15,30,3,5
4572,4573,3,10,5,2,8,10,5,2,15,15,5,10,20,10,5,2
5525,5526,3,20,1,2,8,20,3,10,20,15,3,2,20,10,5,10
6761,6762,15,20,5,5,8,10,3,2,20,25,1,10,7,10,3,10
5510,5511,3,20,5,10,8,20,3,5,20,10,5,2,15,10,3,5
2743,2744,3,10,3,2,8,20,3,10,15,25,1,2,7,30,1,5
2646,2647,8,10,1,5,8,10,5,2,15,25,5,5,15,30,3,2
3736,3737,15,20,3,5,8,10,3,5,15,25,5,10,7,20,5,2
6368,6369,3,10,3,5,12,20,3,10,15,15,1,2,15,30,1,10
7409,7410,8,30,5,5,5,15,5,2,7,15,5,10,20,10,5,5
6839,6840,15,10,5,5,5,15,5,5,15,25,1,5,7,20,3,5
5594,5595,3,20,3,2,8,10,1,2,20,10,1,2,7,20,3,10
6525,6526,15,20,1,5,8,20,3,5,7,25,1,2,7,30,3,2
3648,3649,3,20,5,5,8,20,1,10,15,25,5,5,7,30,5,10
2395,2396,8,30,5,5,5,15,5,2,15,15,5,2,15,10,3,5
6684,6685,8,20,1,5,12,15,3,2,7,10,1,10,20,20,3,2
97,98,3,10,3,2,5,10,5,2,7,15,1,2,20,20,1,10
5332,5333,3,20,3,5,5,15,5,2,7,25,1,2,7,10,5,2
1313,1314,15,20,5,2,12,10,5,2,15,15,1,2,20,20,1,10
6384,6385,3,30,3,2,5,20,3,10,15,10,5,2,7,20,5,2
5648,5649,3,10,1,10,12,10,1,5,15,10,5,2,20,30,1,5
2974,2975,8,20,5,10,5,20,5,10,7,10,5,2,20,20,5,10
3943,3944,15,10,1,2,5,15,5,10,20,15,5,10,15,20,3,2
1237,1238,3,30,5,2,5,10,1,2,15,15,5,10,7,30,1,5
4077,4078,3,30,3,5,12,10,5,5,15,15,5,2,7,10,3,10
3577,3578,8,20,5,2,8,10,3,5,7,25,1,2,7,20,5,10
2912,2913,15,30,1,10,12,15,1,2,7,15,5,10,20,20,1,5
5778,5779,15,10,3,2,8,10,5,5,7,25,3,10,7,20,3,5
6012,6013,3,10,3,2,5,20,1,2,15,15,1,5,20,30,1,10
3655,3656,15,10,1,5,5,10,3,5,20,10,1,2,7,20,5,10
3084,3085,3,20,5,5,8,10,5,5,15,15,3,10,7,30,5,10
801,802,15,30,1,5,12,10,5,5,7,10,5,2,20,20,3,2
2525,2526,15,30,1,5,8,20,3,2,20,25,3,2,15,20,3,2
5021,5022,15,10,1,2,12,20,1,2,7,25,5,2,7,20,3,5
3439,3440,8,10,1,10,8,15,1,2,7,15,5,2,7,10,1,5
174,175,8,30,5,10,8,20,3,10,15,25,5,2,20,20,5,2
4296,4297,8,10,1,5,5,10,5,2,15,10,5,2,7,30,1,2
4752,4753,15,20,3,2,12,20,1,10,15,25,3,5,20,30,3,10
2875,2876,8,30,5,10,12,15,5,10,7,15,5,2,20,20,3,10
6798,6799,15,10,3,5,5,10,5,10,7,25,1,2,15,10,5,10
4050,4051,8,20,5,5,8,15,3,2,15,15,1,2,7,20,3,5
559,560,15,10,1,5,5,20,3,10,15,25,5,5,20,20,3,5
7279,7280,15,10,1,2,8,20,5,2,7,15,1,2,15,10,3,5
1857,1858,15,10,1,5,12,20,3,10,20,10,3,2,20,30,3,5
3244,3245,8,10,5,10,5,10,1,2,7,10,1,5,15,30,5,5
4665,4666,8,20,3,5,5,20,3,10,7,10,3,2,7,10,1,2
6547,6548,8,30,3,5,5,15,1,2,15,25,5,10,20,30,1,2
5857,5858,15,20,3,10,12,20,5,10,7,10,5,10,7,30,1,2
1045,1046,8,30,1,5,12,20,1,2,20,25,5,10,15,10,1,2
716,717,15,10,5,2,8,15,5,10,20,10,3,10,20,20,5,2
832,833,3,20,5,10,5,20,3,5,7,10,5,5,7,20,1,10
685,686,3,30,5,2,5,15,3,10,15,15,5,10,15,20,3,5
3892,3893,15,30,1,2,5,10,3,5,15,25,5,10,7,10,1,10
624,625,3,20,1,5,8,15,5,2,7,25,1,5,15,10,1,2
1699,1700,3,20,5,5,8,15,1,5,15,25,5,10,7,10,1,10
5199,5200,15,20,1,5,5,20,5,10,7,10,1,2,20,30,3,5
6082,6083,8,20,5,2,8,10,5,10,7,15,1,5,15,10,5,2
2781,2782,8,10,5,10,12,20,3,2,15,15,1,5,20,20,1,2
4589,4590,3,30,3,10,8,20,3,5,15,15,5,10,7,20,5,2
849,850,15,20,3,2,12,10,3,10,15,15,3,10,20,10,1,5
1124,1125,15,20,3,2,5,20,1,5,15,10,1,5,15,20,3,10
5888,5889,8,30,5,2,8,10,3,2,15,25,1,2,7,20,1,2
5937,5938,8,20,5,2,8,10,5,10,20,10,1,10,15,20,5,5
7435,7436,3,10,1,10,5,10,1,10,7,25,5,5,15,20,3,2
5845,5846,15,20,5,5,8,20,5,5,15,25,1,2,15,20,1,10
236,237,15,20,1,2,12,20,3,5,7,15,3,2,15,20,3,10
214,215,3,20,5,10,8,15,5,2,20,10,3,5,7,10,3,5
1484,1485,15,30,1,2,5,10,5,2,20,15,1,5,20,10,3,5
6898,6899,3,30,5,10,12,10,1,2,7,15,5,5,15,30,1,10
1180,1181,8,30,3,5,12,15,5,5,15,10,1,2,15,10,5,2
5751,5752,15,10,3,10,5,20,3,5,20,15,5,10,15,20,1,5
4430,4431,15,20,5,2,8,20,1,2,15,15,1,5,20,30,5,5
5539,5540,15,30,1,5,12,10,5,5,7,15,5,5,20,20,1,5
6991,6992,3,20,1,2,5,15,1,5,20,15,3,10,7,20,3,2
1724,1725,15,10,5,5,5,15,1,5,20,10,1,2,15,30,5,5
4741,4742,8,20,1,2,12,10,3,10,7,15,3,2,7,10,3,10
878,879,3,10,1,10,5,15,1,10,7,25,5,2,20,30,5,10
5516,5517,8,10,1,10,8,20,1,10,7,10,1,5,20,30,3,2
5437,5438,15,30,5,2,5,10,1,2,15,25,3,10,15,30,5,10
5957,5958,8,30,1,10,5,15,3,10,20,10,5,5,7,10,5,10
4343,4344,8,10,3,5,5,15,1,5,15,15,5,5,15,30,3,10
1441,1442,3,30,1,10,8,20,5,10,7,10,3,2,20,10,5,5
3602,3603,8,20,3,5,12,10,1,5,20,10,5,10,7,20,5,5
7034,7035,15,10,3,5,12,10,1,10,20,15,5,5,15,20,3,2
5718,5719,15,10,1,2,5,10,5,5,15,10,1,2,20,20,1,5
6699,6700,8,20,3,2,8,15,3,5,15,15,3,10,20,30,1,2
3137,3138,8,10,1,5,12,10,5,5,20,25,3,10,15,20,5,5
1286,1287,8,30,3,5,5,10,3,10,15,10,5,2,20,10,5,2
2193,2194,8,30,1,2,8,10,1,10,20,10,1,2,20,20,3,10
3717,3718,8,30,1,10,8,10,1,5,7,25,1,10,7,20,5,2
772,773,15,10,3,10,12,10,1,5,7,25,1,2,7,20,5,2
5821,5822,3,20,3,10,8,20,3,10,7,10,1,10,15,20,5,10
1342,1343,15,30,3,10,12,10,3,10,15,10,3,5,7,30,1,2
7596,7597,15,10,3,10,5,15,3,10,7,15,5,10,7,10,3,2
4544,4545,3,20,1,10,8,10,5,2,7,10,1,2,20,30,3,5
5690,5691,8,20,3,2,5,15,5,10,7,25,1,2,15,10,5,5
1565,1566,15,30,3,2,12,20,1,5,15,10,3,2,7,20,1,5
1851,1852,15,30,1,5,12,20,3,10,20,10,1,5,20,20,3,10
5992,5993,15,30,1,10,12,20,3,5,7,15,1,2,7,30,3,5
4654,4655,15,10,3,2,8,20,3,10,7,15,3,5,7,30,5,10
1634,1635,8,30,3,5,5,20,5,10,20,25,1,10,15,10,3,5
6326,6327,3,20,3,10,12,15,3,5,7,10,3,5,15,30,5,2
7420,7421,3,10,5,2,12,20,5,2,7,25,3,10,15,20,5,5
7249,7250,8,30,5,10,12,15,1,5,15,25,5,5,7,20,1,5
727,728,15,20,5,5,8,20,1,2,15,25,5,2,7,10,5,10
3203,3204,3,10,5,2,12,20,3,2,7,15,5,5,15,10,5,5
2110,2111,3,30,1,2,12,10,3,2,15,15,5,10,15,30,3,5
4123,4124,15,10,3,2,8,10,5,5,7,15,5,2,15,30,1,5
3739,3740,15,20,1,2,12,20,1,10,20,15,1,10,15,20,5,5
1482,1483,8,10,3,2,12,10,5,10,20,25,1,10,15,10,1,2
6419,6420,3,10,1,2,8,10,3,5,7,10,1,10,7,20,3,2
4456,4457,8,10,1,5,8,20,1,10,7,10,1,10,20,20,1,5
300,301,3,10,1,2,5,10,1,5,7,25,3,5,20,10,1,5
6289,6290,3,30,3,10,5,10,3,2,15,15,5,10,20,30,1,2
1650,1651,15,30,3,5,5,20,1,2,20,10,1,10,7,20,3,10
2027,2028,15,20,1,10,8,15,1,2,20,10,5,10,20,20,5,10
4580,4581,15,20,3,10,5,15,3,5,15,15,1,5,15,10,5,2
3669,3670,3,30,1,5,5,15,5,5,7,25,1,2,20,30,3,5
276,277,3,20,3,5,12,15,5,2,7,25,1,5,20,30,5,5
880,881,15,20,5,5,5,20,1,2,15,25,1,10,7,20,3,2
2961,2962,15,30,5,5,12,15,3,5,7,25,3,2,20,10,3,2
2065,2066,3,30,5,2,8,15,5,5,20,10,1,10,20,10,3,2
113,114,3,20,1,10,12,20,5,5,15,15,5,5,20,30,5,5
6984,6985,3,10,1,2,8,15,5,2,7,10,1,10,15,10,3,10
4601,4602,8,30,3,2,12,15,3,10,20,15,5,2,20,20,1,5
5117,5118,3,30,5,10,12,10,1,2,20,10,5,2,20,10,1,10
2722,2723,8,30,5,10,12,20,1,2,15,15,5,2,15,30,3,5
5792,5793,3,30,3,5,5,20,3,5,7,25,1,5,20,30,5,2
4084,4085,15,30,1,5,8,10,5,5,15,25,1,10,20,10,1,10
5428,5429,15,30,5,10,12,15,3,10,7,15,3,10,7,20,1,5
1267,1268,3,30,1,10,8,15,5,5,20,25,5,5,15,30,3,2
1360,1361,3,10,3,10,12,20,3,2,20,25,3,10,15,10,3,5
2135,2136,3,20,3,10,12,20,5,5,7,15,1,2,7,30,3,10
1127,1128,3,20,3,5,5,15,5,10,20,10,5,5,7,20,3,5
5883,5884,3,20,3,2,5,15,5,2,15,25,5,2,15,30,5,5
1782,1783,15,10,1,5,5,15,3,2,7,10,1,5,15,10,5,10
45,46,8,10,1,10,5,10,5,10,7,10,1,10,7,10,5,5
1183,1184,15,30,1,10,8,15,3,10,7,10,1,2,7,20,5,2
672,673,3,10,5,5,8,10,1,10,20,25,3,5,15,10,1,2
3969,3970,15,20,1,5,8,15,3,2,20,10,3,2,15,10,3,10
4172,4173,8,20,1,2,8,15,3,2,15,15,5,10,20,30,1,10
4492,4493,3,20,1,5,8,15,3,10,7,10,5,10,7,30,5,10
5637,5638,15,20,1,2,5,15,5,10,20,10,3,2,20,20,1,5
4355,4356,3,30,5,2,5,15,5,5,15,15,3,2,7,20,5,5
355,356,15,30,3,5,12,20,3,10,20,15,1,2,20,20,1,2
3960,3961,8,10,5,2,12,10,3,2,7,10,1,2,7,10,3,2
5547,5548,3,10,1,2,5,20,1,10,15,10,1,10,15,20,5,2
1030,1031,15,10,3,2,8,20,5,10,15,15,3,2,7,20,3,10
6160,6161,3,20,1,2,12,10,3,5,7,15,1,5,20,10,5,5
5104,5105,3,10,5,2,12,10,1,10,7,10,3,2,20,30,5,2
5400,5401,15,10,3,10,5,10,1,2,7,25,3,2,7,20,3,10
5899,5900,3,10,1,5,8,20,3,2,20,15,1,10,15,20,5,5
5434,5435,8,10,3,10,5,20,3,5,15,25,5,5,20,20,5,5
1539,1540,3,10,3,10,5,15,5,10,15,25,3,10,7,20,3,2
5576,5577,15,20,5,2,12,10,5,5,7,10,3,10,20,30,1,5
5365,5366,15,20,3,10,8,10,5,10,15,25,1,2,15,30,3,5
2643,2644,3,20,3,10,8,10,1,10,7,25,5,2,15,30,1,5
4362,4363,3,30,1,10,8,15,1,10,20,10,5,5,7,10,1,10
4556,4557,3,20,5,5,8,20,3,2,15,25,5,2,15,10,5,10
263,264,3,20,1,2,8,10,1,2,7,10,1,10,7,30,3,5
5442,5443,8,10,3,5,8,10,5,2,7,25,1,10,20,30,3,5
7563,7564,8,10,3,10,5,15,5,10,7,15,5,5,15,20,5,10
1034,1035,15,30,3,10,12,20,1,5,15,10,5,2,7,10,1,2
958,959,8,30,1,10,8,15,3,2,20,10,5,5,7,10,1,10
1765,1766,8,20,3,10,5,15,3,2,15,25,3,2,20,10,3,5
1781,1782,3,30,5,5,12,15,3,5,7,15,1,2,7,30,3,5
2250,2251,15,10,5,2,12,10,3,5,15,10,3,5,20,20,1,5
4215,4216,3,20,5,5,5,10,1,2,20,15,5,10,20,30,5,2
1916,1917,3,10,1,5,5,10,3,5,7,25,1,10,20,20,1,10
4596,4597,15,20,1,2,12,10,3,5,20,10,5,2,7,20,3,2
1514,1515,8,10,1,2,5,15,1,10,15,15,1,5,15,10,3,5
5041,5042,8,20,1,10,5,15,1,2,20,10,1,5,7,10,3,2
1637,1638,8,20,3,5,5,10,3,5,7,25,3,2,20,10,3,5
6417,6418,3,10,5,2,12,20,1,10,15,25,3,5,20,10,3,5
105,106,8,20,5,10,5,15,5,10,15,25,3,10,20,30,3,2
6634,6635,3,10,1,10,8,20,5,2,7,25,1,2,15,30,1,10
2128,2129,8,30,5,10,12,20,5,10,15,25,5,5,20,30,5,2
2978,2979,8,20,3,10,8,15,3,10,15,10,1,2,15,20,3,2
1638,1639,8,10,5,2,12,10,3,10,15,25,5,5,7,20,3,2
7202,7203,15,30,3,10,8,10,1,10,7,25,1,5,7,30,3,10
2191,2192,3,30,1,5,5,10,1,5,15,15,3,2,20,10,1,10
3720,3721,3,20,1,10,5,10,3,5,20,10,1,10,15,20,1,10
6904,6905,15,10,1,10,12,15,5,2,15,15,5,5,20,30,5,10
5903,5904,15,20,3,5,5,10,5,2,15,15,5,2,7,20,3,2
1325,1326,15,10,5,10,8,15,3,2,7,15,5,5,15,30,3,5
2893,2894,8,10,5,5,5,10,5,10,20,25,5,2,7,10,3,5
6010,6011,3,10,5,10,8,15,3,5,15,15,5,10,20,20,5,5
2289,2290,3,20,1,10,12,20,3,5,7,25,1,5,20,30,3,5
3610,3611,3,10,5,5,8,10,3,5,15,10,3,5,20,10,1,10
6427,6428,15,20,3,10,5,10,1,2,20,25,1,10,15,20,3,2
4736,4737,3,30,1,5,8,15,1,5,15,10,3,5,20,30,1,10
4066,4067,3,10,1,10,12,20,5,5,15,10,3,5,20,20,1,10
6303,6304,3,20,3,10,8,15,1,5,7,25,3,2,20,20,3,2
2347,2348,8,30,3,2,8,10,1,5,7,15,5,10,20,30,5,5
5971,5972,15,20,1,10,5,15,1,10,15,10,1,10,7,20,1,5
270,271,3,30,5,5,12,15,1,5,7,10,3,5,7,20,1,10
5399,5400,15,10,1,5,12,10,5,10,20,25,1,2,7,30,1,5
1596,1597,8,30,3,5,12,15,5,2,7,15,1,5,20,20,3,5
3992,3993,15,10,5,5,12,15,1,2,20,25,5,2,20,20,3,2
4096,4097,8,10,1,10,5,15,3,10,20,10,3,2,20,20,5,2
1820,1821,3,10,3,10,12,10,1,2,15,15,3,5,15,10,1,10
7667,7668,8,20,1,2,8,20,5,10,15,10,5,10,7,10,3,5
5884,5885,15,20,3,5,12,15,3,10,15,10,5,5,7,30,5,10
3831,3832,15,10,5,5,8,10,5,10,15,25,1,2,7,30,5,5
4754,4755,3,10,3,2,12,10,5,2,7,10,3,2,7,30,3,10
1805,1806,8,10,5,2,5,20,3,2,15,10,5,5,20,20,3,10
2963,2964,15,30,3,2,8,10,3,2,20,15,3,2,20,30,1,5
4721,4722,8,30,1,5,12,15,1,10,7,25,1,2,20,10,1,2
3298,3299,3,30,1,10,8,20,5,5,20,15,5,10,20,10,1,10
3579,3580,15,30,5,5,8,10,5,5,20,10,1,2,7,30,5,5
